isic_id,image_path,clean_mask_path,biased_mask_path,gender,category
ISIC_0000322,/path/to/IMA_dataset/ISIC_0000322.jpg,/path/to/IMA_dataset/ISIC_0000322_A04_T1_S1_5453d2ffbae47821f8802106.png,/path/to/IMA_dataset/ISIC_0000322_A04_T1_S1_5453d2ffbae47821f8802106.png,2,Intermediate
ISIC_0000103,/path/to/IMA_dataset/ISIC_0000103.jpg,/path/to/IMA_dataset/ISIC_0000103_A04_T1_S1_545a9b0cbae47821f8802397.png,/path/to/IMA_dataset/ISIC_0000103_A04_T1_S1_545a9b0cbae47821f8802397.png,1,Light
ISIC_0013340,/path/to/IMA_dataset/ISIC_0013340.jpg,/path/to/IMA_dataset/ISIC_0013340_ST_ST_ST_ST.png,/path/to/IMA_dataset/ISIC_0013340_A00_T2_S1_5841e5349fc3c156c3ef374a.png,2,Intermediate
ISIC_0014431,/path/to/IMA_dataset/ISIC_0014431.jpg,/path/to/IMA_dataset/ISIC_0014431_A00_T2_S1_5841e84a9fc3c156c3ef4413.png,/path/to/IMA_dataset/ISIC_0014431_A00_T2_S1_5841e84a9fc3c156c3ef4413.png,2,Intermediate
ISIC_0000542,/path/to/IMA_dataset/ISIC_0000542.jpg,/path/to/IMA_dataset/ISIC_0000542_ST_ST_ST_ST.png,/path/to/IMA_dataset/ISIC_0000542_A04_T3_S2_544a76dabae478661558faf4.png,1,Light
ISIC_0014171,/path/to/IMA_dataset/ISIC_0014171.jpg,/path/to/IMA_dataset/ISIC_0014171_ST_ST_ST_ST.png,/path/to/IMA_dataset/ISIC_0014171_A03_T1_S1_584721349fc3c10f04859a83.png,2,Intermediate
ISIC_0014324,/path/to/IMA_dataset/ISIC_0014324.jpg,/path/to/IMA_dataset/ISIC_0014324_ST_ST_ST_ST.png,/path/to/IMA_dataset/ISIC_0014324_A00_T2_S1_5841e7fa9fc3c156c3ef42d2.png,2,Intermediate
ISIC_0014791,/path/to/IMA_dataset/ISIC_0014791.jpg,/path/to/IMA_dataset/ISIC_0014791_A00_T2_S1_5841e97f9fc3c156c3ef484b.png,/path/to/IMA_dataset/ISIC_0014791_A00_T2_S1_5841e97f9fc3c156c3ef484b.png,1,Light
ISIC_0012653,/path/to/IMA_dataset/ISIC_0012653.jpg,/path/to/IMA_dataset/ISIC_0012653_A00_T2_S1_5841e3929fc3c156c3ef2f3d.png,/path/to/IMA_dataset/ISIC_0012653_A00_T2_S1_5841e3929fc3c156c3ef2f3d.png,1,Light
ISIC_0014473,/path/to/IMA_dataset/ISIC_0014473.jpg,/path/to/IMA_dataset/ISIC_0014473_ST_ST_ST_ST.png,/path/to/IMA_dataset/ISIC_0014473_A06_T1_S1_58473d279fc3c10f04859b58.png,2,Intermediate
ISIC_0012970,/path/to/IMA_dataset/ISIC_0012970.jpg,/path/to/IMA_dataset/ISIC_0012970_ST_ST_ST_ST.png,/path/to/IMA_dataset/ISIC_0012970_A00_T2_S1_5841e44a9fc3c156c3ef32f4.png,2,Intermediate
ISIC_0005548,/path/to/IMA_dataset/ISIC_0005548.jpg,/path/to/IMA_dataset/ISIC_0005548_A01_T3_S1_55e098b49fc3c104700e2406.png,/path/to/IMA_dataset/ISIC_0005548_A01_T3_S1_55e098b49fc3c104700e2406.png,2,Intermediate
ISIC_0009923,/path/to/IMA_dataset/ISIC_0009923.jpg,/path/to/IMA_dataset/ISIC_0009923_A04_T3_S1_5592f49e9fc3c13155145d02.png,/path/to/IMA_dataset/ISIC_0009923_A04_T3_S1_5592f49e9fc3c13155145d02.png,1,Light
ISIC_0004715,/path/to/IMA_dataset/ISIC_0004715.jpg,/path/to/IMA_dataset/ISIC_0004715_ST_ST_ST_ST.png,/path/to/IMA_dataset/ISIC_0004715_A02_T1_S1_5665c20c9fc3c12067284cdd.png,1,Light
ISIC_0013314,/path/to/IMA_dataset/ISIC_0013314.jpg,/path/to/IMA_dataset/ISIC_0013314_A00_T2_S1_5841e5219fc3c156c3ef36fc.png,/path/to/IMA_dataset/ISIC_0013314_A00_T2_S1_5841e5219fc3c156c3ef36fc.png,2,Intermediate
ISIC_0010021,/path/to/IMA_dataset/ISIC_0010021.jpg,/path/to/IMA_dataset/ISIC_0010021_A04_T1_S1_559456439fc3c13155bcafaf.png,/path/to/IMA_dataset/ISIC_0010021_A04_T1_S1_559456439fc3c13155bcafaf.png,1,Light
ISIC_0011089,/path/to/IMA_dataset/ISIC_0011089.jpg,/path/to/IMA_dataset/ISIC_0011089_ST_ST_ST_ST.png,/path/to/IMA_dataset/ISIC_0011089_A04_T3_S2_55a034f39fc3c156bd714802.png,1,Light
ISIC_0011083,/path/to/IMA_dataset/ISIC_0011083.jpg,/path/to/IMA_dataset/ISIC_0011083_A04_T3_S1_55a53d899fc3c156bd714826.png,/path/to/IMA_dataset/ISIC_0011083_A04_T3_S1_55a53d899fc3c156bd714826.png,1,Light
ISIC_0000408,/path/to/IMA_dataset/ISIC_0000408.jpg,/path/to/IMA_dataset/ISIC_0000408_ST_ST_ST_ST.png,/path/to/IMA_dataset/ISIC_0000408_A06_T1_S1_568b28e99fc3c126c063fe7a.png,1,Light
ISIC_0013461,/path/to/IMA_dataset/ISIC_0013461.jpg,/path/to/IMA_dataset/ISIC_0013461_ST_ST_ST_ST.png,/path/to/IMA_dataset/ISIC_0013461_A03_T1_S1_58471d2c9fc3c10f04859a60.png,2,Intermediate
ISIC_0000507,/path/to/IMA_dataset/ISIC_0000507.jpg,/path/to/IMA_dataset/ISIC_0000507_A04_T3_S1_544ea79bbae478661558fb5d.png,/path/to/IMA_dataset/ISIC_0000507_A04_T3_S1_544ea79bbae478661558fb5d.png,1,Light
ISIC_0013595,/path/to/IMA_dataset/ISIC_0013595.jpg,/path/to/IMA_dataset/ISIC_0013595_ST_ST_ST_ST.png,/path/to/IMA_dataset/ISIC_0013595_A00_T2_S1_5841e5ea9fc3c156c3ef3a47.png,1,Light
ISIC_0014151,/path/to/IMA_dataset/ISIC_0014151.jpg,/path/to/IMA_dataset/ISIC_0014151_ST_ST_ST_ST.png,/path/to/IMA_dataset/ISIC_0014151_A03_T1_S1_58473f719fc3c10f04859b7a.png,2,Intermediate
ISIC_0004346,/path/to/IMA_dataset/ISIC_0004346.jpg,/path/to/IMA_dataset/ISIC_0004346_A02_T1_S1_5640e8099fc3c1045ec16745.png,/path/to/IMA_dataset/ISIC_0004346_A02_T1_S1_5640e8099fc3c1045ec16745.png,1,Light
ISIC_0013423,/path/to/IMA_dataset/ISIC_0013423.jpg,/path/to/IMA_dataset/ISIC_0013423_ST_ST_ST_ST.png,/path/to/IMA_dataset/ISIC_0013423_A03_T1_S1_58473da19fc3c10f04859b60.png,2,Intermediate
ISIC_0010262,/path/to/IMA_dataset/ISIC_0010262.jpg,/path/to/IMA_dataset/ISIC_0010262_A04_T3_S1_55a9216f9fc3c156bd715a41.png,/path/to/IMA_dataset/ISIC_0010262_A04_T3_S1_55a9216f9fc3c156bd715a41.png,1,Light
ISIC_0013782,/path/to/IMA_dataset/ISIC_0013782.jpg,/path/to/IMA_dataset/ISIC_0013782_A00_T2_S1_5841e66c9fc3c156c3ef3c78.png,/path/to/IMA_dataset/ISIC_0013782_A00_T2_S1_5841e66c9fc3c156c3ef3c78.png,3,Tan
ISIC_0013187,/path/to/IMA_dataset/ISIC_0013187.jpg,/path/to/IMA_dataset/ISIC_0013187_A00_T2_S1_5841e4cd9fc3c156c3ef357f.png,/path/to/IMA_dataset/ISIC_0013187_A00_T2_S1_5841e4cd9fc3c156c3ef357f.png,2,Intermediate
ISIC_0014253,/path/to/IMA_dataset/ISIC_0014253.jpg,/path/to/IMA_dataset/ISIC_0014253_A00_T2_S1_5841e7c49fc3c156c3ef41fd.png,/path/to/IMA_dataset/ISIC_0014253_A00_T2_S1_5841e7c49fc3c156c3ef41fd.png,2,Intermediate
ISIC_0009961,/path/to/IMA_dataset/ISIC_0009961.jpg,/path/to/IMA_dataset/ISIC_0009961_A04_T1_S1_5592ef859fc3c13155145c1e.png,/path/to/IMA_dataset/ISIC_0009961_A04_T1_S1_5592ef859fc3c13155145c1e.png,1,Light
ISIC_0013795,/path/to/IMA_dataset/ISIC_0013795.jpg,/path/to/IMA_dataset/ISIC_0013795_ST_ST_ST_ST.png,/path/to/IMA_dataset/ISIC_0013795_A03_T1_S1_584737979fc3c10f04859b0b.png,1,Light
ISIC_0010566,/path/to/IMA_dataset/ISIC_0010566.jpg,/path/to/IMA_dataset/ISIC_0010566_A04_T1_S1_55a7df319fc3c156bd715447.png,/path/to/IMA_dataset/ISIC_0010566_A04_T1_S1_55a7df319fc3c156bd715447.png,1,Light
ISIC_0009920,/path/to/IMA_dataset/ISIC_0009920.jpg,/path/to/IMA_dataset/ISIC_0009920_A04_T1_S1_5592f51e9fc3c13155145d14.png,/path/to/IMA_dataset/ISIC_0009920_A04_T1_S1_5592f51e9fc3c13155145d14.png,1,Light
ISIC_0013965,/path/to/IMA_dataset/ISIC_0013965.jpg,/path/to/IMA_dataset/ISIC_0013965_ST_ST_ST_ST.png,/path/to/IMA_dataset/ISIC_0013965_A03_T1_S1_584724a69fc3c10f04859a99.png,2,Intermediate
ISIC_0014923,/path/to/IMA_dataset/ISIC_0014923.jpg,/path/to/IMA_dataset/ISIC_0014923_A00_T2_S1_5841ea159fc3c156c3ef49d7.png,/path/to/IMA_dataset/ISIC_0014923_A00_T2_S1_5841ea159fc3c156c3ef49d7.png,1,Light
ISIC_0013942,/path/to/IMA_dataset/ISIC_0013942.jpg,/path/to/IMA_dataset/ISIC_0013942_ST_ST_ST_ST.png,/path/to/IMA_dataset/ISIC_0013942_A00_T2_S1_5841e6d89fc3c156c3ef3e58.png,2,Intermediate
ISIC_0014658,/path/to/IMA_dataset/ISIC_0014658.jpg,/path/to/IMA_dataset/ISIC_0014658_A00_T2_S1_5841e8e79fc3c156c3ef46bc.png,/path/to/IMA_dataset/ISIC_0014658_A00_T2_S1_5841e8e79fc3c156c3ef46bc.png,1,Light
ISIC_0009953,/path/to/IMA_dataset/ISIC_0009953.jpg,/path/to/IMA_dataset/ISIC_0009953_A04_T1_S1_5592f0969fc3c13155145c4e.png,/path/to/IMA_dataset/ISIC_0009953_A04_T1_S1_5592f0969fc3c13155145c4e.png,1,Light
ISIC_0000385,/path/to/IMA_dataset/ISIC_0000385.jpg,/path/to/IMA_dataset/ISIC_0000385_ST_ST_ST_ST.png,/path/to/IMA_dataset/ISIC_0000385_A04_T3_S2_5452a666bae47821f8802049.png,1,Light
ISIC_0010044,/path/to/IMA_dataset/ISIC_0010044.jpg,/path/to/IMA_dataset/ISIC_0010044_A04_T1_S1_55944e7c9fc3c13155bcaf25.png,/path/to/IMA_dataset/ISIC_0010044_A04_T1_S1_55944e7c9fc3c13155bcaf25.png,1,Light
ISIC_0009252,/path/to/IMA_dataset/ISIC_0009252.jpg,/path/to/IMA_dataset/ISIC_0009252_A01_T3_S1_55ddd1259fc3c10470dbebf4.png,/path/to/IMA_dataset/ISIC_0009252_A01_T3_S1_55ddd1259fc3c10470dbebf4.png,1,Light
ISIC_0013047,/path/to/IMA_dataset/ISIC_0013047.jpg,/path/to/IMA_dataset/ISIC_0013047_A00_T2_S1_5841e4789fc3c156c3ef33db.png,/path/to/IMA_dataset/ISIC_0013047_A00_T2_S1_5841e4789fc3c156c3ef33db.png,2,Intermediate
ISIC_0000201,/path/to/IMA_dataset/ISIC_0000201.jpg,/path/to/IMA_dataset/ISIC_0000201_A04_T1_S1_545902b5bae47821f8802271.png,/path/to/IMA_dataset/ISIC_0000201_A04_T1_S1_545902b5bae47821f8802271.png,1,Light
ISIC_0012945,/path/to/IMA_dataset/ISIC_0012945.jpg,/path/to/IMA_dataset/ISIC_0012945_ST_ST_ST_ST.png,/path/to/IMA_dataset/ISIC_0012945_A00_T2_S1_5841e43b9fc3c156c3ef32a9.png,2,Intermediate
ISIC_0013573,/path/to/IMA_dataset/ISIC_0013573.jpg,/path/to/IMA_dataset/ISIC_0013573_ST_ST_ST_ST.png,/path/to/IMA_dataset/ISIC_0013573_A00_T2_S1_5841e5da9fc3c156c3ef3a05.png,2,Intermediate
ISIC_0009599,/path/to/IMA_dataset/ISIC_0009599.jpg,/path/to/IMA_dataset/ISIC_0009599_A01_T3_S2_55dcc5179fc3c10470dbd777.png,/path/to/IMA_dataset/ISIC_0009599_A05_T1_S1_5661ef329fc3c147bbd6a590.png,1,Light
ISIC_0013094,/path/to/IMA_dataset/ISIC_0013094.jpg,/path/to/IMA_dataset/ISIC_0013094_ST_ST_ST_ST.png,/path/to/IMA_dataset/ISIC_0013094_A00_T2_S1_5841e4969fc3c156c3ef3468.png,2,Intermediate
ISIC_0000505,/path/to/IMA_dataset/ISIC_0000505.jpg,/path/to/IMA_dataset/ISIC_0000505_A04_T3_S1_544ea831bae478661558fb63.png,/path/to/IMA_dataset/ISIC_0000505_A04_T3_S1_544ea831bae478661558fb63.png,1,Light
ISIC_0010237,/path/to/IMA_dataset/ISIC_0010237.jpg,/path/to/IMA_dataset/ISIC_0010237_ST_ST_ST_ST.png,/path/to/IMA_dataset/ISIC_0010237_A04_T3_S2_55a924ac9fc3c156bd715ad7.png,1,Light
ISIC_0010585,/path/to/IMA_dataset/ISIC_0010585.jpg,/path/to/IMA_dataset/ISIC_0010585_A04_T3_S1_55a7da499fc3c156bd7153d5.png,/path/to/IMA_dataset/ISIC_0010585_A04_T3_S1_55a7da499fc3c156bd7153d5.png,1,Light
ISIC_0000159,/path/to/IMA_dataset/ISIC_0000159.jpg,/path/to/IMA_dataset/ISIC_0000159_A04_T1_S1_54593c05bae47821f88022ef.png,/path/to/IMA_dataset/ISIC_0000159_A04_T1_S1_54593c05bae47821f88022ef.png,1,Light
ISIC_0014683,/path/to/IMA_dataset/ISIC_0014683.jpg,/path/to/IMA_dataset/ISIC_0014683_A00_T2_S1_5841e9049fc3c156c3ef4707.png,/path/to/IMA_dataset/ISIC_0014683_A00_T2_S1_5841e9049fc3c156c3ef4707.png,2,Intermediate
ISIC_0010236,/path/to/IMA_dataset/ISIC_0010236.jpg,/path/to/IMA_dataset/ISIC_0010236_A04_T3_S1_55a924c09fc3c156bd715add.png,/path/to/IMA_dataset/ISIC_0010236_A04_T3_S1_55a924c09fc3c156bd715add.png,1,Light
ISIC_0009901,/path/to/IMA_dataset/ISIC_0009901.jpg,/path/to/IMA_dataset/ISIC_0009901_A04_T3_S1_5592fa7b9fc3c13155145d86.png,/path/to/IMA_dataset/ISIC_0009901_A04_T3_S1_5592fa7b9fc3c13155145d86.png,1,Light
ISIC_0000016,/path/to/IMA_dataset/ISIC_0000016.jpg,/path/to/IMA_dataset/ISIC_0000016_A04_T3_S1_545ce74cbae47821f88024c0.png,/path/to/IMA_dataset/ISIC_0000016_A04_T3_S1_545ce74cbae47821f88024c0.png,0,Very Light
ISIC_0013783,/path/to/IMA_dataset/ISIC_0013783.jpg,/path/to/IMA_dataset/ISIC_0013783_ST_ST_ST_ST.png,/path/to/IMA_dataset/ISIC_0013783_A00_T2_S1_5841e66c9fc3c156c3ef3c7b.png,2,Intermediate
ISIC_0014183,/path/to/IMA_dataset/ISIC_0014183.jpg,/path/to/IMA_dataset/ISIC_0014183_ST_ST_ST_ST.png,/path/to/IMA_dataset/ISIC_0014183_A06_T1_S1_58473fa29fc3c10f04859b7d.png,2,Intermediate
ISIC_0000074,/path/to/IMA_dataset/ISIC_0000074.jpg,/path/to/IMA_dataset/ISIC_0000074_A04_T1_S1_545bc7e0bae47821f88023ee.png,/path/to/IMA_dataset/ISIC_0000074_A04_T1_S1_545bc7e0bae47821f88023ee.png,0,Very Light
ISIC_0000212,/path/to/IMA_dataset/ISIC_0000212.jpg,/path/to/IMA_dataset/ISIC_0000212_ST_ST_ST_ST.png,/path/to/IMA_dataset/ISIC_0000212_A04_T3_S2_5458e7cbbae47821f8802250.png,1,Light
ISIC_0009860,/path/to/IMA_dataset/ISIC_0009860.jpg,/path/to/IMA_dataset/ISIC_0009860_A01_T3_S1_55dca83e9fc3c10470dbce8f.png,/path/to/IMA_dataset/ISIC_0009860_A01_T3_S1_55dca83e9fc3c10470dbce8f.png,1,Light
ISIC_0014730,/path/to/IMA_dataset/ISIC_0014730.jpg,/path/to/IMA_dataset/ISIC_0014730_ST_ST_ST_ST.png,/path/to/IMA_dataset/ISIC_0014730_A00_T2_S1_5841e9399fc3c156c3ef4794.png,1,Light
ISIC_0000503,/path/to/IMA_dataset/ISIC_0000503.jpg,/path/to/IMA_dataset/ISIC_0000503_A04_T3_S1_544ea9d0bae478661558fb69.png,/path/to/IMA_dataset/ISIC_0000503_A04_T3_S1_544ea9d0bae478661558fb69.png,1,Light
ISIC_0000211,/path/to/IMA_dataset/ISIC_0000211.jpg,/path/to/IMA_dataset/ISIC_0000211_ST_ST_ST_ST.png,/path/to/IMA_dataset/ISIC_0000211_A04_T3_S2_5458e82ebae47821f8802253.png,1,Light
ISIC_0013599,/path/to/IMA_dataset/ISIC_0013599.jpg,/path/to/IMA_dataset/ISIC_0013599_A00_T2_S1_5841e5ed9fc3c156c3ef3a53.png,/path/to/IMA_dataset/ISIC_0013599_A00_T2_S1_5841e5ed9fc3c156c3ef3a53.png,1,Light
ISIC_0012495,/path/to/IMA_dataset/ISIC_0012495.jpg,/path/to/IMA_dataset/ISIC_0012495_A00_T2_S1_5841e33b9fc3c156c3ef2d63.png,/path/to/IMA_dataset/ISIC_0012495_A00_T2_S1_5841e33b9fc3c156c3ef2d63.png,2,Intermediate
ISIC_0013967,/path/to/IMA_dataset/ISIC_0013967.jpg,/path/to/IMA_dataset/ISIC_0013967_A00_T2_S1_5841e6e99fc3c156c3ef3ea3.png,/path/to/IMA_dataset/ISIC_0013967_A00_T2_S1_5841e6e99fc3c156c3ef3ea3.png,2,Intermediate
ISIC_0000366,/path/to/IMA_dataset/ISIC_0000366.jpg,/path/to/IMA_dataset/ISIC_0000366_ST_ST_ST_ST.png,/path/to/IMA_dataset/ISIC_0000366_A04_T3_S2_5453aea4bae47821f8802082.png,1,Light
ISIC_0012257,/path/to/IMA_dataset/ISIC_0012257.jpg,/path/to/IMA_dataset/ISIC_0012257_A00_T2_S1_5841e29f9fc3c156c3ef2a99.png,/path/to/IMA_dataset/ISIC_0012257_A00_T2_S1_5841e29f9fc3c156c3ef2a99.png,1,Light
ISIC_0010240,/path/to/IMA_dataset/ISIC_0010240.jpg,/path/to/IMA_dataset/ISIC_0010240_A04_T3_S1_55a924629fc3c156bd715ac5.png,/path/to/IMA_dataset/ISIC_0010240_A04_T3_S1_55a924629fc3c156bd715ac5.png,2,Intermediate
ISIC_0000011,/path/to/IMA_dataset/ISIC_0000011.jpg,/path/to/IMA_dataset/ISIC_0000011_A04_T3_S1_545cf539bae47821f88024fc.png,/path/to/IMA_dataset/ISIC_0000011_A04_T3_S1_545cf539bae47821f88024fc.png,1,Light
ISIC_0010088,/path/to/IMA_dataset/ISIC_0010088.jpg,/path/to/IMA_dataset/ISIC_0010088_A04_T3_S1_5594447c9fc3c13155bcae1a.png,/path/to/IMA_dataset/ISIC_0010088_A04_T3_S1_5594447c9fc3c13155bcae1a.png,1,Light
ISIC_0013480,/path/to/IMA_dataset/ISIC_0013480.jpg,/path/to/IMA_dataset/ISIC_0013480_A00_T2_S1_5841e59c9fc3c156c3ef38ee.png,/path/to/IMA_dataset/ISIC_0013480_A00_T2_S1_5841e59c9fc3c156c3ef38ee.png,2,Intermediate
ISIC_0000188,/path/to/IMA_dataset/ISIC_0000188.jpg,/path/to/IMA_dataset/ISIC_0000188_A04_T1_S1_54590a80bae47821f8802298.png,/path/to/IMA_dataset/ISIC_0000188_A04_T1_S1_54590a80bae47821f8802298.png,1,Light
ISIC_0014699,/path/to/IMA_dataset/ISIC_0014699.jpg,/path/to/IMA_dataset/ISIC_0014699_ST_ST_ST_ST.png,/path/to/IMA_dataset/ISIC_0014699_A00_T2_S1_5841e9169fc3c156c3ef4737.png,2,Intermediate
ISIC_0010597,/path/to/IMA_dataset/ISIC_0010597.jpg,/path/to/IMA_dataset/ISIC_0010597_ST_ST_ST_ST.png,/path/to/IMA_dataset/ISIC_0010597_A02_T1_S1_57c05f709fc3c158f2bd0e6d.png,1,Light
ISIC_0009888,/path/to/IMA_dataset/ISIC_0009888.jpg,/path/to/IMA_dataset/ISIC_0009888_A04_T3_S1_5592ffb29fc3c13155145f2f.png,/path/to/IMA_dataset/ISIC_0009888_A04_T3_S1_5592ffb29fc3c13155145f2f.png,1,Light
ISIC_0013394,/path/to/IMA_dataset/ISIC_0013394.jpg,/path/to/IMA_dataset/ISIC_0013394_A00_T2_S1_5841e55c9fc3c156c3ef37ec.png,/path/to/IMA_dataset/ISIC_0013394_A00_T2_S1_5841e55c9fc3c156c3ef37ec.png,1,Light
ISIC_0007557,/path/to/IMA_dataset/ISIC_0007557.jpg,/path/to/IMA_dataset/ISIC_0007557_A05_T1_S1_562fa7c79fc3c10a87fd9b08.png,/path/to/IMA_dataset/ISIC_0007557_A05_T1_S1_562fa7c79fc3c10a87fd9b08.png,2,Intermediate
ISIC_0011124,/path/to/IMA_dataset/ISIC_0011124.jpg,/path/to/IMA_dataset/ISIC_0011124_A04_T3_S1_55a01e7a9fc3c156bd714730.png,/path/to/IMA_dataset/ISIC_0011124_A04_T3_S1_55a01e7a9fc3c156bd714730.png,1,Light
ISIC_0000128,/path/to/IMA_dataset/ISIC_0000128.jpg,/path/to/IMA_dataset/ISIC_0000128_A04_T3_S1_545a6bd7bae47821f880234c.png,/path/to/IMA_dataset/ISIC_0000128_A04_T3_S1_545a6bd7bae47821f880234c.png,2,Intermediate
ISIC_0000102,/path/to/IMA_dataset/ISIC_0000102.jpg,/path/to/IMA_dataset/ISIC_0000102_A04_T1_S1_545a9ba1bae47821f880239a.png,/path/to/IMA_dataset/ISIC_0000102_A04_T1_S1_545a9ba1bae47821f880239a.png,2,Intermediate
ISIC_0013792,/path/to/IMA_dataset/ISIC_0013792.jpg,/path/to/IMA_dataset/ISIC_0013792_A00_T2_S1_5841e6729fc3c156c3ef3c96.png,/path/to/IMA_dataset/ISIC_0013792_A00_T2_S1_5841e6729fc3c156c3ef3c96.png,1,Light
ISIC_0000298,/path/to/IMA_dataset/ISIC_0000298.jpg,/path/to/IMA_dataset/ISIC_0000298_ST_ST_ST_ST.png,/path/to/IMA_dataset/ISIC_0000298_A03_T1_S1_57be0aa09fc3c1434763a326.png,2,Intermediate
ISIC_0000254,/path/to/IMA_dataset/ISIC_0000254.jpg,/path/to/IMA_dataset/ISIC_0000254_A04_T1_S1_5457cfe0bae47821f88021d2.png,/path/to/IMA_dataset/ISIC_0000254_A04_T1_S1_5457cfe0bae47821f88021d2.png,1,Light
ISIC_0014904,/path/to/IMA_dataset/ISIC_0014904.jpg,/path/to/IMA_dataset/ISIC_0014904_A00_T2_S1_5841e9ff9fc3c156c3ef499e.png,/path/to/IMA_dataset/ISIC_0014904_A00_T2_S1_5841e9ff9fc3c156c3ef499e.png,2,Intermediate
ISIC_0001133,/path/to/IMA_dataset/ISIC_0001133.jpg,/path/to/IMA_dataset/ISIC_0001133_A04_T1_S1_54e7617fbae47850e86ce1a5.png,/path/to/IMA_dataset/ISIC_0001133_A04_T1_S1_54e7617fbae47850e86ce1a5.png,1,Light
ISIC_0012773,/path/to/IMA_dataset/ISIC_0012773.jpg,/path/to/IMA_dataset/ISIC_0012773_A06_T1_S1_5847389e9fc3c10f04859b17.png,/path/to/IMA_dataset/ISIC_0012773_A06_T1_S1_5847389e9fc3c10f04859b17.png,2,Intermediate
ISIC_0014603,/path/to/IMA_dataset/ISIC_0014603.jpg,/path/to/IMA_dataset/ISIC_0014603_A03_T3_S1_584719fb9fc3c10f048599e2.png,/path/to/IMA_dataset/ISIC_0014603_A03_T3_S1_584719fb9fc3c10f048599e2.png,1,Light
ISIC_0013207,/path/to/IMA_dataset/ISIC_0013207.jpg,/path/to/IMA_dataset/ISIC_0013207_ST_ST_ST_ST.png,/path/to/IMA_dataset/ISIC_0013207_A03_T1_S1_584735b49fc3c10f04859aff.png,2,Intermediate
ISIC_0011336,/path/to/IMA_dataset/ISIC_0011336.jpg,/path/to/IMA_dataset/ISIC_0011336_A04_T3_S1_55a966ad9fc3c156bd715e13.png,/path/to/IMA_dataset/ISIC_0011336_A04_T3_S1_55a966ad9fc3c156bd715e13.png,1,Light
ISIC_0001131,/path/to/IMA_dataset/ISIC_0001131.jpg,/path/to/IMA_dataset/ISIC_0001131_A04_T1_S1_54e7624cbae47850e86ce1b1.png,/path/to/IMA_dataset/ISIC_0001131_A04_T1_S1_54e7624cbae47850e86ce1b1.png,0,Very Light
ISIC_0014044,/path/to/IMA_dataset/ISIC_0014044.jpg,/path/to/IMA_dataset/ISIC_0014044_ST_ST_ST_ST.png,/path/to/IMA_dataset/ISIC_0014044_A06_T1_S1_58473d7f9fc3c10f04859b5e.png,2,Intermediate
ISIC_0010042,/path/to/IMA_dataset/ISIC_0010042.jpg,/path/to/IMA_dataset/ISIC_0010042_ST_ST_ST_ST.png,/path/to/IMA_dataset/ISIC_0010042_A06_T1_S1_568b3b569fc3c126c063fefe.png,1,Light
ISIC_0011300,/path/to/IMA_dataset/ISIC_0011300.jpg,/path/to/IMA_dataset/ISIC_0011300_A04_T1_S1_55a96ab99fc3c156bd715eeb.png,/path/to/IMA_dataset/ISIC_0011300_A04_T1_S1_55a96ab99fc3c156bd715eeb.png,0,Very Light
ISIC_0013243,/path/to/IMA_dataset/ISIC_0013243.jpg,/path/to/IMA_dataset/ISIC_0013243_ST_ST_ST_ST.png,/path/to/IMA_dataset/ISIC_0013243_A03_T1_S1_58471c279fc3c10f04859a52.png,2,Intermediate
ISIC_0012208,/path/to/IMA_dataset/ISIC_0012208.jpg,/path/to/IMA_dataset/ISIC_0012208_A00_T2_S1_5841e27e9fc3c156c3ef2a06.png,/path/to/IMA_dataset/ISIC_0012208_A00_T2_S1_5841e27e9fc3c156c3ef2a06.png,2,Intermediate
ISIC_0000140,/path/to/IMA_dataset/ISIC_0000140.jpg,/path/to/IMA_dataset/ISIC_0000140_ST_ST_ST_ST.png,/path/to/IMA_dataset/ISIC_0000140_A04_T3_S2_545a606ebae47821f8802328.png,1,Light
ISIC_0000190,/path/to/IMA_dataset/ISIC_0000190.jpg,/path/to/IMA_dataset/ISIC_0000190_A04_T1_S1_545907f1bae47821f8802292.png,/path/to/IMA_dataset/ISIC_0000190_A04_T1_S1_545907f1bae47821f8802292.png,1,Light
ISIC_0012378,/path/to/IMA_dataset/ISIC_0012378.jpg,/path/to/IMA_dataset/ISIC_0012378_A00_T2_S1_5841e2e99fc3c156c3ef2c04.png,/path/to/IMA_dataset/ISIC_0012378_A00_T2_S1_5841e2e99fc3c156c3ef2c04.png,1,Light
ISIC_0010553,/path/to/IMA_dataset/ISIC_0010553.jpg,/path/to/IMA_dataset/ISIC_0010553_A04_T3_S1_55a7e2799fc3c156bd715495.png,/path/to/IMA_dataset/ISIC_0010553_A04_T3_S1_55a7e2799fc3c156bd715495.png,1,Light
ISIC_0000199,/path/to/IMA_dataset/ISIC_0000199.jpg,/path/to/IMA_dataset/ISIC_0000199_A04_T3_S1_5459033bbae47821f8802277.png,/path/to/IMA_dataset/ISIC_0000199_A04_T3_S1_5459033bbae47821f8802277.png,1,Light
ISIC_0000519,/path/to/IMA_dataset/ISIC_0000519.jpg,/path/to/IMA_dataset/ISIC_0000519_ST_ST_ST_ST.png,/path/to/IMA_dataset/ISIC_0000519_A04_T3_S2_544e6564bae478661558fb39.png,1,Light
ISIC_0010003,/path/to/IMA_dataset/ISIC_0010003.jpg,/path/to/IMA_dataset/ISIC_0010003_A04_T3_S1_5592e0f09fc3c13155145b22.png,/path/to/IMA_dataset/ISIC_0010003_A04_T3_S1_5592e0f09fc3c13155145b22.png,1,Light
ISIC_0000107,/path/to/IMA_dataset/ISIC_0000107.jpg,/path/to/IMA_dataset/ISIC_0000107_A04_T3_S1_545a935fbae47821f880238b.png,/path/to/IMA_dataset/ISIC_0000107_A04_T3_S1_545a935fbae47821f880238b.png,1,Light
ISIC_0000488,/path/to/IMA_dataset/ISIC_0000488.jpg,/path/to/IMA_dataset/ISIC_0000488_A04_T3_S1_5450f4adbae47865794e4d25.png,/path/to/IMA_dataset/ISIC_0000488_A04_T3_S1_5450f4adbae47865794e4d25.png,1,Light
ISIC_0010342,/path/to/IMA_dataset/ISIC_0010342.jpg,/path/to/IMA_dataset/ISIC_0010342_A04_T1_S1_55a915239fc3c156bd715987.png,/path/to/IMA_dataset/ISIC_0010342_A04_T1_S1_55a915239fc3c156bd715987.png,0,Very Light
ISIC_0012726,/path/to/IMA_dataset/ISIC_0012726.jpg,/path/to/IMA_dataset/ISIC_0012726_A00_T2_S1_5841e3b89fc3c156c3ef3018.png,/path/to/IMA_dataset/ISIC_0012726_A00_T2_S1_5841e3b89fc3c156c3ef3018.png,3,Tan
ISIC_0000416,/path/to/IMA_dataset/ISIC_0000416.jpg,/path/to/IMA_dataset/ISIC_0000416_A04_T3_S1_545267e7bae47821f8801fec.png,/path/to/IMA_dataset/ISIC_0000416_A04_T3_S1_545267e7bae47821f8801fec.png,1,Light
ISIC_0012250,/path/to/IMA_dataset/ISIC_0012250.jpg,/path/to/IMA_dataset/ISIC_0012250_A00_T2_S1_5841e29a9fc3c156c3ef2a84.png,/path/to/IMA_dataset/ISIC_0012250_A00_T2_S1_5841e29a9fc3c156c3ef2a84.png,2,Intermediate
ISIC_0012278,/path/to/IMA_dataset/ISIC_0012278.jpg,/path/to/IMA_dataset/ISIC_0012278_ST_ST_ST_ST.png,/path/to/IMA_dataset/ISIC_0012278_A00_T2_S1_5841e2ad9fc3c156c3ef2ad8.png,1,Light
ISIC_0010844,/path/to/IMA_dataset/ISIC_0010844.jpg,/path/to/IMA_dataset/ISIC_0010844_ST_ST_ST_ST.png,/path/to/IMA_dataset/ISIC_0010844_A04_T1_S1_55a69b1d9fc3c156bd714dc0.png,1,Light
ISIC_0000419,/path/to/IMA_dataset/ISIC_0000419.jpg,/path/to/IMA_dataset/ISIC_0000419_A04_T3_S1_5452664ebae47821f8801fe3.png,/path/to/IMA_dataset/ISIC_0000419_A04_T3_S1_5452664ebae47821f8801fe3.png,1,Light
ISIC_0010852,/path/to/IMA_dataset/ISIC_0010852.jpg,/path/to/IMA_dataset/ISIC_0010852_A04_T3_S1_55a699799fc3c156bd714d90.png,/path/to/IMA_dataset/ISIC_0010852_A04_T3_S1_55a699799fc3c156bd714d90.png,1,Light
ISIC_0014811,/path/to/IMA_dataset/ISIC_0014811.jpg,/path/to/IMA_dataset/ISIC_0014811_A00_T2_S1_5841e9969fc3c156c3ef4887.png,/path/to/IMA_dataset/ISIC_0014811_A00_T2_S1_5841e9969fc3c156c3ef4887.png,2,Intermediate
ISIC_0012749,/path/to/IMA_dataset/ISIC_0012749.jpg,/path/to/IMA_dataset/ISIC_0012749_ST_ST_ST_ST.png,/path/to/IMA_dataset/ISIC_0012749_A03_T1_S1_58472ee59fc3c10f04859ae3.png,1,Light
ISIC_0011296,/path/to/IMA_dataset/ISIC_0011296.jpg,/path/to/IMA_dataset/ISIC_0011296_A04_T3_S1_55a96afc9fc3c156bd715f03.png,/path/to/IMA_dataset/ISIC_0011296_A04_T3_S1_55a96afc9fc3c156bd715f03.png,1,Light
ISIC_0010336,/path/to/IMA_dataset/ISIC_0010336.jpg,/path/to/IMA_dataset/ISIC_0010336_A04_T1_S1_55a91d559fc3c156bd7159ab.png,/path/to/IMA_dataset/ISIC_0010336_A04_T1_S1_55a91d559fc3c156bd7159ab.png,1,Light
ISIC_0013405,/path/to/IMA_dataset/ISIC_0013405.jpg,/path/to/IMA_dataset/ISIC_0013405_A00_T2_S1_5841e5649fc3c156c3ef380d.png,/path/to/IMA_dataset/ISIC_0013405_A00_T2_S1_5841e5649fc3c156c3ef380d.png,2,Intermediate
ISIC_0000496,/path/to/IMA_dataset/ISIC_0000496.jpg,/path/to/IMA_dataset/ISIC_0000496_A04_T3_S1_544eae26bae478661558fb7e.png,/path/to/IMA_dataset/ISIC_0000496_A04_T3_S1_544eae26bae478661558fb7e.png,1,Light
ISIC_0014299,/path/to/IMA_dataset/ISIC_0014299.jpg,/path/to/IMA_dataset/ISIC_0014299_ST_ST_ST_ST.png,/path/to/IMA_dataset/ISIC_0014299_A06_T1_S1_58473a349fc3c10f04859b2c.png,2,Intermediate
ISIC_0010202,/path/to/IMA_dataset/ISIC_0010202.jpg,/path/to/IMA_dataset/ISIC_0010202_A04_T3_S1_55a929709fc3c156bd715ba9.png,/path/to/IMA_dataset/ISIC_0010202_A04_T3_S1_55a929709fc3c156bd715ba9.png,1,Light
ISIC_0011158,/path/to/IMA_dataset/ISIC_0011158.jpg,/path/to/IMA_dataset/ISIC_0011158_A04_T1_S1_55a008db9fc3c156bd71463f.png,/path/to/IMA_dataset/ISIC_0011158_A04_T1_S1_55a008db9fc3c156bd71463f.png,1,Light
ISIC_0013140,/path/to/IMA_dataset/ISIC_0013140.jpg,/path/to/IMA_dataset/ISIC_0013140_A00_T2_S1_5841e4b19fc3c156c3ef34f2.png,/path/to/IMA_dataset/ISIC_0013140_A00_T2_S1_5841e4b19fc3c156c3ef34f2.png,1,Light
ISIC_0011169,/path/to/IMA_dataset/ISIC_0011169.jpg,/path/to/IMA_dataset/ISIC_0011169_ST_ST_ST_ST.png,/path/to/IMA_dataset/ISIC_0011169_A04_T1_S1_55a007d89fc3c156bd7145fd.png,1,Light
ISIC_0011315,/path/to/IMA_dataset/ISIC_0011315.jpg,/path/to/IMA_dataset/ISIC_0011315_A04_T1_S1_55a969819fc3c156bd715e85.png,/path/to/IMA_dataset/ISIC_0011315_A04_T1_S1_55a969819fc3c156bd715e85.png,1,Light
ISIC_0010596,/path/to/IMA_dataset/ISIC_0010596.jpg,/path/to/IMA_dataset/ISIC_0010596_ST_ST_ST_ST.png,/path/to/IMA_dataset/ISIC_0010596_A02_T1_S1_57c05f519fc3c158f2bd0e6c.png,1,Light
ISIC_0012833,/path/to/IMA_dataset/ISIC_0012833.jpg,/path/to/IMA_dataset/ISIC_0012833_A03_T1_S1_58473b359fc3c10f04859b3b.png,/path/to/IMA_dataset/ISIC_0012833_A03_T1_S1_58473b359fc3c10f04859b3b.png,3,Tan
ISIC_0014501,/path/to/IMA_dataset/ISIC_0014501.jpg,/path/to/IMA_dataset/ISIC_0014501_A00_T2_S1_5841e8809fc3c156c3ef44e5.png,/path/to/IMA_dataset/ISIC_0014501_A00_T2_S1_5841e8809fc3c156c3ef44e5.png,2,Intermediate
ISIC_0012230,/path/to/IMA_dataset/ISIC_0012230.jpg,/path/to/IMA_dataset/ISIC_0012230_A00_T2_S1_5841e28c9fc3c156c3ef2a48.png,/path/to/IMA_dataset/ISIC_0012230_A00_T2_S1_5841e28c9fc3c156c3ef2a48.png,2,Intermediate
ISIC_0009895,/path/to/IMA_dataset/ISIC_0009895.jpg,/path/to/IMA_dataset/ISIC_0009895_ST_ST_ST_ST.png,/path/to/IMA_dataset/ISIC_0009895_A04_T3_S2_5592fb1e9fc3c13155145daa.png,1,Light
ISIC_0001103,/path/to/IMA_dataset/ISIC_0001103.jpg,/path/to/IMA_dataset/ISIC_0001103_ST_ST_ST_ST.png,/path/to/IMA_dataset/ISIC_0001103_A04_T3_S2_54e76b41bae47850e86ce289.png,2,Intermediate
ISIC_0008236,/path/to/IMA_dataset/ISIC_0008236.jpg,/path/to/IMA_dataset/ISIC_0008236_A01_T3_S1_55df4b939fc3c10470dc12ee.png,/path/to/IMA_dataset/ISIC_0008236_A01_T3_S1_55df4b939fc3c10470dc12ee.png,2,Intermediate
ISIC_0010028,/path/to/IMA_dataset/ISIC_0010028.jpg,/path/to/IMA_dataset/ISIC_0010028_A04_T3_S1_5594542d9fc3c13155bcaf85.png,/path/to/IMA_dataset/ISIC_0010028_A04_T3_S1_5594542d9fc3c13155bcaf85.png,1,Light
ISIC_0012475,/path/to/IMA_dataset/ISIC_0012475.jpg,/path/to/IMA_dataset/ISIC_0012475_A09_T1_S1_584722e99fc3c10f04859a8b.png,/path/to/IMA_dataset/ISIC_0012475_A09_T1_S1_584722e99fc3c10f04859a8b.png,2,Intermediate
ISIC_0000225,/path/to/IMA_dataset/ISIC_0000225.jpg,/path/to/IMA_dataset/ISIC_0000225_A04_T3_S1_5457fa1cbae47821f8802229.png,/path/to/IMA_dataset/ISIC_0000225_A04_T3_S1_5457fa1cbae47821f8802229.png,1,Light
ISIC_0012680,/path/to/IMA_dataset/ISIC_0012680.jpg,/path/to/IMA_dataset/ISIC_0012680_A00_T2_S1_5841e3a09fc3c156c3ef2f8e.png,/path/to/IMA_dataset/ISIC_0012680_A00_T2_S1_5841e3a09fc3c156c3ef2f8e.png,1,Light
ISIC_0013173,/path/to/IMA_dataset/ISIC_0013173.jpg,/path/to/IMA_dataset/ISIC_0013173_ST_ST_ST_ST.png,/path/to/IMA_dataset/ISIC_0013173_A00_T2_S1_5841e4c49fc3c156c3ef3555.png,1,Light
ISIC_0012213,/path/to/IMA_dataset/ISIC_0012213.jpg,/path/to/IMA_dataset/ISIC_0012213_A00_T2_S1_5841e2819fc3c156c3ef2a15.png,/path/to/IMA_dataset/ISIC_0012213_A00_T2_S1_5841e2819fc3c156c3ef2a15.png,2,Intermediate
ISIC_0013921,/path/to/IMA_dataset/ISIC_0013921.jpg,/path/to/IMA_dataset/ISIC_0013921_A00_T2_S1_5841e6c99fc3c156c3ef3e19.png,/path/to/IMA_dataset/ISIC_0013921_A00_T2_S1_5841e6c99fc3c156c3ef3e19.png,2,Intermediate
ISIC_0010458,/path/to/IMA_dataset/ISIC_0010458.jpg,/path/to/IMA_dataset/ISIC_0010458_A04_T3_S1_55a7fe5e9fc3c156bd7156cf.png,/path/to/IMA_dataset/ISIC_0010458_A04_T3_S1_55a7fe5e9fc3c156bd7156cf.png,2,Intermediate
ISIC_0015079,/path/to/IMA_dataset/ISIC_0015079.jpg,/path/to/IMA_dataset/ISIC_0015079_A00_T2_S1_5841ead09fc3c156c3ef4bab.png,/path/to/IMA_dataset/ISIC_0015079_A00_T2_S1_5841ead09fc3c156c3ef4bab.png,1,Light
ISIC_0000527,/path/to/IMA_dataset/ISIC_0000527.jpg,/path/to/IMA_dataset/ISIC_0000527_ST_ST_ST_ST.png,/path/to/IMA_dataset/ISIC_0000527_A04_T3_S2_544a95a0bae478661558fb21.png,1,Light
ISIC_0000532,/path/to/IMA_dataset/ISIC_0000532.jpg,/path/to/IMA_dataset/ISIC_0000532_ST_ST_ST_ST.png,/path/to/IMA_dataset/ISIC_0000532_A04_T3_S2_544a8efdbae478661558fb12.png,1,Light
ISIC_0015005,/path/to/IMA_dataset/ISIC_0015005.jpg,/path/to/IMA_dataset/ISIC_0015005_ST_ST_ST_ST.png,/path/to/IMA_dataset/ISIC_0015005_A09_T1_S1_584714769fc3c10f0485980e.png,2,Intermediate
ISIC_0000157,/path/to/IMA_dataset/ISIC_0000157.jpg,/path/to/IMA_dataset/ISIC_0000157_A04_T1_S1_54593f6bbae47821f88022f5.png,/path/to/IMA_dataset/ISIC_0000157_A04_T1_S1_54593f6bbae47821f88022f5.png,1,Light
ISIC_0009946,/path/to/IMA_dataset/ISIC_0009946.jpg,/path/to/IMA_dataset/ISIC_0009946_A04_T1_S1_5592f1869fc3c13155145c78.png,/path/to/IMA_dataset/ISIC_0009946_A04_T1_S1_5592f1869fc3c13155145c78.png,1,Light
ISIC_0013163,/path/to/IMA_dataset/ISIC_0013163.jpg,/path/to/IMA_dataset/ISIC_0013163_ST_ST_ST_ST.png,/path/to/IMA_dataset/ISIC_0013163_A03_T3_S1_584724429fc3c10f04859a96.png,2,Intermediate
ISIC_0009504,/path/to/IMA_dataset/ISIC_0009504.jpg,/path/to/IMA_dataset/ISIC_0009504_A01_T3_S1_55ddbb6d9fc3c10470dbe372.png,/path/to/IMA_dataset/ISIC_0009504_A01_T3_S1_55ddbb6d9fc3c10470dbe372.png,2,Intermediate
ISIC_0011177,/path/to/IMA_dataset/ISIC_0011177.jpg,/path/to/IMA_dataset/ISIC_0011177_A04_T3_S1_55a002b89fc3c156bd7145cd.png,/path/to/IMA_dataset/ISIC_0011177_A04_T3_S1_55a002b89fc3c156bd7145cd.png,1,Light
ISIC_0013800,/path/to/IMA_dataset/ISIC_0013800.jpg,/path/to/IMA_dataset/ISIC_0013800_A00_T2_S1_5841e6769fc3c156c3ef3cae.png,/path/to/IMA_dataset/ISIC_0013800_A00_T2_S1_5841e6769fc3c156c3ef3cae.png,2,Intermediate
ISIC_0000246,/path/to/IMA_dataset/ISIC_0000246.jpg,/path/to/IMA_dataset/ISIC_0000246_A04_T3_S1_5457d4f0bae47821f88021ea.png,/path/to/IMA_dataset/ISIC_0000246_A04_T3_S1_5457d4f0bae47821f88021ea.png,1,Light
ISIC_0014599,/path/to/IMA_dataset/ISIC_0014599.jpg,/path/to/IMA_dataset/ISIC_0014599_A00_T2_S1_5841e8c39fc3c156c3ef460b.png,/path/to/IMA_dataset/ISIC_0014599_A00_T2_S1_5841e8c39fc3c156c3ef460b.png,1,Light
ISIC_0000478,/path/to/IMA_dataset/ISIC_0000478.jpg,/path/to/IMA_dataset/ISIC_0000478_A04_T3_S1_5450fcd9bae47821520d147d.png,/path/to/IMA_dataset/ISIC_0000478_A04_T3_S1_5450fcd9bae47821520d147d.png,1,Light
ISIC_0013879,/path/to/IMA_dataset/ISIC_0013879.jpg,/path/to/IMA_dataset/ISIC_0013879_A00_T2_S1_5841e6ad9fc3c156c3ef3d9b.png,/path/to/IMA_dataset/ISIC_0013879_A00_T2_S1_5841e6ad9fc3c156c3ef3d9b.png,3,Tan
ISIC_0014726,/path/to/IMA_dataset/ISIC_0014726.jpg,/path/to/IMA_dataset/ISIC_0014726_ST_ST_ST_ST.png,/path/to/IMA_dataset/ISIC_0014726_A09_T1_S1_584718fb9fc3c10f04859989.png,2,Intermediate
ISIC_0014504,/path/to/IMA_dataset/ISIC_0014504.jpg,/path/to/IMA_dataset/ISIC_0014504_A00_T2_S1_5841e8839fc3c156c3ef44ee.png,/path/to/IMA_dataset/ISIC_0014504_A00_T2_S1_5841e8839fc3c156c3ef44ee.png,2,Intermediate
ISIC_0013995,/path/to/IMA_dataset/ISIC_0013995.jpg,/path/to/IMA_dataset/ISIC_0013995_A00_T2_S1_5841e6fc9fc3c156c3ef3ef7.png,/path/to/IMA_dataset/ISIC_0013995_A00_T2_S1_5841e6fc9fc3c156c3ef3ef7.png,2,Intermediate
ISIC_0002616,/path/to/IMA_dataset/ISIC_0002616.jpg,/path/to/IMA_dataset/ISIC_0002616_A05_T1_S1_55ff58fb9fc3c10ee6f16025.png,/path/to/IMA_dataset/ISIC_0002616_A05_T1_S1_55ff58fb9fc3c10ee6f16025.png,1,Light
ISIC_0009758,/path/to/IMA_dataset/ISIC_0009758.jpg,/path/to/IMA_dataset/ISIC_0009758_A01_T3_S2_55dcb0c39fc3c10470dbd23d.png,/path/to/IMA_dataset/ISIC_0009758_A05_T1_S1_5665c86a9fc3c12067284d67.png,2,Intermediate
ISIC_0012105,/path/to/IMA_dataset/ISIC_0012105.jpg,/path/to/IMA_dataset/ISIC_0012105_A00_T2_S1_5841e2459fc3c156c3ef28d1.png,/path/to/IMA_dataset/ISIC_0012105_A00_T2_S1_5841e2459fc3c156c3ef28d1.png,1,Light
ISIC_0009975,/path/to/IMA_dataset/ISIC_0009975.jpg,/path/to/IMA_dataset/ISIC_0009975_ST_ST_ST_ST.png,/path/to/IMA_dataset/ISIC_0009975_A04_T3_S2_5592e4339fc3c13155145bca.png,2,Intermediate
ISIC_0014185,/path/to/IMA_dataset/ISIC_0014185.jpg,/path/to/IMA_dataset/ISIC_0014185_A00_T2_S1_5841e78c9fc3c156c3ef4131.png,/path/to/IMA_dataset/ISIC_0014185_A00_T2_S1_5841e78c9fc3c156c3ef4131.png,2,Intermediate
ISIC_0000088,/path/to/IMA_dataset/ISIC_0000088.jpg,/path/to/IMA_dataset/ISIC_0000088_ST_ST_ST_ST.png,/path/to/IMA_dataset/ISIC_0000088_A06_T3_S1_568b38179fc3c126c063fee3.png,1,Light
ISIC_0011223,/path/to/IMA_dataset/ISIC_0011223.jpg,/path/to/IMA_dataset/ISIC_0011223_A04_T3_S1_559ff4079fc3c156bdd8512e.png,/path/to/IMA_dataset/ISIC_0011223_A04_T3_S1_559ff4079fc3c156bdd8512e.png,1,Light
ISIC_0013554,/path/to/IMA_dataset/ISIC_0013554.jpg,/path/to/IMA_dataset/ISIC_0013554_A00_T2_S1_5841e5cd9fc3c156c3ef39cc.png,/path/to/IMA_dataset/ISIC_0013554_A00_T2_S1_5841e5cd9fc3c156c3ef39cc.png,2,Intermediate
ISIC_0010046,/path/to/IMA_dataset/ISIC_0010046.jpg,/path/to/IMA_dataset/ISIC_0010046_ST_ST_ST_ST.png,/path/to/IMA_dataset/ISIC_0010046_A04_T3_S2_55944e3b9fc3c13155bcaf19.png,2,Intermediate
ISIC_0012940,/path/to/IMA_dataset/ISIC_0012940.jpg,/path/to/IMA_dataset/ISIC_0012940_ST_ST_ST_ST.png,/path/to/IMA_dataset/ISIC_0012940_A03_T1_S1_584723109fc3c10f04859a8d.png,1,Light
ISIC_0014908,/path/to/IMA_dataset/ISIC_0014908.jpg,/path/to/IMA_dataset/ISIC_0014908_ST_ST_ST_ST.png,/path/to/IMA_dataset/ISIC_0014908_A00_T2_S1_5841ea049fc3c156c3ef49aa.png,1,Light
ISIC_0013935,/path/to/IMA_dataset/ISIC_0013935.jpg,/path/to/IMA_dataset/ISIC_0013935_ST_ST_ST_ST.png,/path/to/IMA_dataset/ISIC_0013935_A00_T2_S1_5841e6d49fc3c156c3ef3e43.png,2,Intermediate
ISIC_0013832,/path/to/IMA_dataset/ISIC_0013832.jpg,/path/to/IMA_dataset/ISIC_0013832_ST_ST_ST_ST.png,/path/to/IMA_dataset/ISIC_0013832_A06_T1_S1_584738429fc3c10f04859b12.png,1,Light
ISIC_0000420,/path/to/IMA_dataset/ISIC_0000420.jpg,/path/to/IMA_dataset/ISIC_0000420_A04_T1_S1_54526619bae47821f8801fe0.png,/path/to/IMA_dataset/ISIC_0000420_A04_T1_S1_54526619bae47821f8801fe0.png,1,Light
ISIC_0011157,/path/to/IMA_dataset/ISIC_0011157.jpg,/path/to/IMA_dataset/ISIC_0011157_A04_T3_S1_55a008e99fc3c156bd714645.png,/path/to/IMA_dataset/ISIC_0011157_A04_T3_S1_55a008e99fc3c156bd714645.png,0,Very Light
ISIC_0012108,/path/to/IMA_dataset/ISIC_0012108.jpg,/path/to/IMA_dataset/ISIC_0012108_A00_T2_S1_5841e2479fc3c156c3ef28da.png,/path/to/IMA_dataset/ISIC_0012108_A00_T2_S1_5841e2479fc3c156c3ef28da.png,1,Light
ISIC_0011176,/path/to/IMA_dataset/ISIC_0011176.jpg,/path/to/IMA_dataset/ISIC_0011176_A04_T3_S1_55a002d79fc3c156bd7145d3.png,/path/to/IMA_dataset/ISIC_0011176_A04_T3_S1_55a002d79fc3c156bd7145d3.png,1,Light
ISIC_0000065,/path/to/IMA_dataset/ISIC_0000065.jpg,/path/to/IMA_dataset/ISIC_0000065_A04_T3_S1_545bcc01bae47821f8802409.png,/path/to/IMA_dataset/ISIC_0000065_A04_T3_S1_545bcc01bae47821f8802409.png,1,Light
ISIC_0000034,/path/to/IMA_dataset/ISIC_0000034.jpg,/path/to/IMA_dataset/ISIC_0000034_A04_T3_S1_545bda96bae47821f8802466.png,/path/to/IMA_dataset/ISIC_0000034_A04_T3_S1_545bda96bae47821f8802466.png,1,Light
ISIC_0010568,/path/to/IMA_dataset/ISIC_0010568.jpg,/path/to/IMA_dataset/ISIC_0010568_ST_ST_ST_ST.png,/path/to/IMA_dataset/ISIC_0010568_A04_T3_S1_55a7df019fc3c156bd71543b.png,1,Light
ISIC_0013306,/path/to/IMA_dataset/ISIC_0013306.jpg,/path/to/IMA_dataset/ISIC_0013306_ST_ST_ST_ST.png,/path/to/IMA_dataset/ISIC_0013306_A00_T2_S1_5841e51b9fc3c156c3ef36e4.png,2,Intermediate
ISIC_0015045,/path/to/IMA_dataset/ISIC_0015045.jpg,/path/to/IMA_dataset/ISIC_0015045_A00_T2_S1_5841eaa99fc3c156c3ef4b45.png,/path/to/IMA_dataset/ISIC_0015045_A00_T2_S1_5841eaa99fc3c156c3ef4b45.png,1,Light
ISIC_0000355,/path/to/IMA_dataset/ISIC_0000355.jpg,/path/to/IMA_dataset/ISIC_0000355_ST_ST_ST_ST.png,/path/to/IMA_dataset/ISIC_0000355_A04_T1_S1_5453bb24bae47821f88020a3.png,1,Light
ISIC_0013639,/path/to/IMA_dataset/ISIC_0013639.jpg,/path/to/IMA_dataset/ISIC_0013639_A00_T2_S1_5841e6089fc3c156c3ef3acb.png,/path/to/IMA_dataset/ISIC_0013639_A00_T2_S1_5841e6089fc3c156c3ef3acb.png,1,Light
ISIC_0014819,/path/to/IMA_dataset/ISIC_0014819.jpg,/path/to/IMA_dataset/ISIC_0014819_A00_T2_S1_5841e99f9fc3c156c3ef489f.png,/path/to/IMA_dataset/ISIC_0014819_A00_T2_S1_5841e99f9fc3c156c3ef489f.png,1,Light
ISIC_0012298,/path/to/IMA_dataset/ISIC_0012298.jpg,/path/to/IMA_dataset/ISIC_0012298_A00_T2_S1_5841e2ba9fc3c156c3ef2b14.png,/path/to/IMA_dataset/ISIC_0012298_A00_T2_S1_5841e2ba9fc3c156c3ef2b14.png,1,Light
ISIC_0013196,/path/to/IMA_dataset/ISIC_0013196.jpg,/path/to/IMA_dataset/ISIC_0013196_ST_ST_ST_ST.png,/path/to/IMA_dataset/ISIC_0013196_A00_T2_S1_5841e4d19fc3c156c3ef359a.png,2,Intermediate
ISIC_0011333,/path/to/IMA_dataset/ISIC_0011333.jpg,/path/to/IMA_dataset/ISIC_0011333_ST_ST_ST_ST.png,/path/to/IMA_dataset/ISIC_0011333_A04_T3_S1_55a966bd9fc3c156bd715e19.png,1,Light
ISIC_0013797,/path/to/IMA_dataset/ISIC_0013797.jpg,/path/to/IMA_dataset/ISIC_0013797_A00_T2_S1_5841e6759fc3c156c3ef3ca5.png,/path/to/IMA_dataset/ISIC_0013797_A00_T2_S1_5841e6759fc3c156c3ef3ca5.png,1,Light
ISIC_0013688,/path/to/IMA_dataset/ISIC_0013688.jpg,/path/to/IMA_dataset/ISIC_0013688_A00_T2_S1_5841e62b9fc3c156c3ef3b5e.png,/path/to/IMA_dataset/ISIC_0013688_A00_T2_S1_5841e62b9fc3c156c3ef3b5e.png,2,Intermediate
ISIC_0013086,/path/to/IMA_dataset/ISIC_0013086.jpg,/path/to/IMA_dataset/ISIC_0013086_A00_T2_S1_5841e4919fc3c156c3ef3450.png,/path/to/IMA_dataset/ISIC_0013086_A00_T2_S1_5841e4919fc3c156c3ef3450.png,1,Light
ISIC_0000229,/path/to/IMA_dataset/ISIC_0000229.jpg,/path/to/IMA_dataset/ISIC_0000229_A04_T1_S1_5457f967bae47821f880221d.png,/path/to/IMA_dataset/ISIC_0000229_A04_T1_S1_5457f967bae47821f880221d.png,1,Light
ISIC_0013910,/path/to/IMA_dataset/ISIC_0013910.jpg,/path/to/IMA_dataset/ISIC_0013910_A00_T2_S1_5841e6c29fc3c156c3ef3df8.png,/path/to/IMA_dataset/ISIC_0013910_A00_T2_S1_5841e6c29fc3c156c3ef3df8.png,2,Intermediate
ISIC_0000467,/path/to/IMA_dataset/ISIC_0000467.jpg,/path/to/IMA_dataset/ISIC_0000467_ST_ST_ST_ST.png,/path/to/IMA_dataset/ISIC_0000467_A10_T3_S2_54510846bae47821f8801f50.png,1,Light
ISIC_0000035,/path/to/IMA_dataset/ISIC_0000035.jpg,/path/to/IMA_dataset/ISIC_0000035_A04_T3_S1_545bda74bae47821f8802463.png,/path/to/IMA_dataset/ISIC_0000035_A04_T3_S1_545bda74bae47821f8802463.png,0,Very Light
ISIC_0013034,/path/to/IMA_dataset/ISIC_0013034.jpg,/path/to/IMA_dataset/ISIC_0013034_A06_T1_S1_58473abc9fc3c10f04859b33.png,/path/to/IMA_dataset/ISIC_0013034_A06_T1_S1_58473abc9fc3c10f04859b33.png,3,Tan
ISIC_0014028,/path/to/IMA_dataset/ISIC_0014028.jpg,/path/to/IMA_dataset/ISIC_0014028_A00_T2_S1_5841e7129fc3c156c3ef3f5a.png,/path/to/IMA_dataset/ISIC_0014028_A00_T2_S1_5841e7129fc3c156c3ef3f5a.png,1,Light
ISIC_0010174,/path/to/IMA_dataset/ISIC_0010174.jpg,/path/to/IMA_dataset/ISIC_0010174_A04_T1_S1_55a939239fc3c156bd715c51.png,/path/to/IMA_dataset/ISIC_0010174_A04_T1_S1_55a939239fc3c156bd715c51.png,2,Intermediate
ISIC_0014714,/path/to/IMA_dataset/ISIC_0014714.jpg,/path/to/IMA_dataset/ISIC_0014714_A00_T2_S1_5841e9279fc3c156c3ef4764.png,/path/to/IMA_dataset/ISIC_0014714_A00_T2_S1_5841e9279fc3c156c3ef4764.png,1,Light
ISIC_0011218,/path/to/IMA_dataset/ISIC_0011218.jpg,/path/to/IMA_dataset/ISIC_0011218_ST_ST_ST_ST.png,/path/to/IMA_dataset/ISIC_0011218_A04_T1_S2_559ff48f9fc3c156bd71433d.png,2,Intermediate
ISIC_0013342,/path/to/IMA_dataset/ISIC_0013342.jpg,/path/to/IMA_dataset/ISIC_0013342_A00_T2_S1_5841e5369fc3c156c3ef3750.png,/path/to/IMA_dataset/ISIC_0013342_A00_T2_S1_5841e5369fc3c156c3ef3750.png,2,Intermediate
ISIC_0000162,/path/to/IMA_dataset/ISIC_0000162.jpg,/path/to/IMA_dataset/ISIC_0000162_ST_ST_ST_ST.png,/path/to/IMA_dataset/ISIC_0000162_A04_T3_S2_5459320dbae47821f88022e6.png,0,Very Light
ISIC_0013802,/path/to/IMA_dataset/ISIC_0013802.jpg,/path/to/IMA_dataset/ISIC_0013802_A00_T2_S1_5841e6779fc3c156c3ef3cb4.png,/path/to/IMA_dataset/ISIC_0013802_A00_T2_S1_5841e6779fc3c156c3ef3cb4.png,2,Intermediate
ISIC_0010602,/path/to/IMA_dataset/ISIC_0010602.jpg,/path/to/IMA_dataset/ISIC_0010602_ST_ST_ST_ST.png,/path/to/IMA_dataset/ISIC_0010602_A04_T1_S1_55a7d3699fc3c156bd71536f.png,2,Intermediate
ISIC_0000202,/path/to/IMA_dataset/ISIC_0000202.jpg,/path/to/IMA_dataset/ISIC_0000202_ST_ST_ST_ST.png,/path/to/IMA_dataset/ISIC_0000202_A04_T1_S2_545901c2bae47821f880226e.png,1,Light
ISIC_0006612,/path/to/IMA_dataset/ISIC_0006612.jpg,/path/to/IMA_dataset/ISIC_0006612_A02_T1_S1_5638d4d29fc3c1045ec1603a.png,/path/to/IMA_dataset/ISIC_0006612_A02_T1_S1_5638d4d29fc3c1045ec1603a.png,2,Intermediate
ISIC_0010105,/path/to/IMA_dataset/ISIC_0010105.jpg,/path/to/IMA_dataset/ISIC_0010105_A04_T1_S1_559441329fc3c13155bcadb4.png,/path/to/IMA_dataset/ISIC_0010105_A04_T1_S1_559441329fc3c13155bcadb4.png,1,Light
ISIC_0000469,/path/to/IMA_dataset/ISIC_0000469.jpg,/path/to/IMA_dataset/ISIC_0000469_A10_T3_S1_54510614bae47821f8801f47.png,/path/to/IMA_dataset/ISIC_0000469_A10_T3_S1_54510614bae47821f8801f47.png,2,Intermediate
ISIC_0013592,/path/to/IMA_dataset/ISIC_0013592.jpg,/path/to/IMA_dataset/ISIC_0013592_A00_T2_S1_5841e5e89fc3c156c3ef3a3e.png,/path/to/IMA_dataset/ISIC_0013592_A00_T2_S1_5841e5e89fc3c156c3ef3a3e.png,2,Intermediate
ISIC_0012520,/path/to/IMA_dataset/ISIC_0012520.jpg,/path/to/IMA_dataset/ISIC_0012520_A00_T2_S1_5841e34e9fc3c156c3ef2dae.png,/path/to/IMA_dataset/ISIC_0012520_A00_T2_S1_5841e34e9fc3c156c3ef2dae.png,2,Intermediate
ISIC_0012550,/path/to/IMA_dataset/ISIC_0012550.jpg,/path/to/IMA_dataset/ISIC_0012550_A00_T2_S1_5841e3639fc3c156c3ef2e08.png,/path/to/IMA_dataset/ISIC_0012550_A00_T2_S1_5841e3639fc3c156c3ef2e08.png,2,Intermediate
ISIC_0013808,/path/to/IMA_dataset/ISIC_0013808.jpg,/path/to/IMA_dataset/ISIC_0013808_ST_ST_ST_ST.png,/path/to/IMA_dataset/ISIC_0013808_A03_T3_S1_584721499fc3c10f04859a84.png,2,Intermediate
ISIC_0013334,/path/to/IMA_dataset/ISIC_0013334.jpg,/path/to/IMA_dataset/ISIC_0013334_ST_ST_ST_ST.png,/path/to/IMA_dataset/ISIC_0013334_A00_T2_S1_5841e5309fc3c156c3ef3738.png,1,Light
ISIC_0013054,/path/to/IMA_dataset/ISIC_0013054.jpg,/path/to/IMA_dataset/ISIC_0013054_A00_T2_S1_5841e47d9fc3c156c3ef33f0.png,/path/to/IMA_dataset/ISIC_0013054_A00_T2_S1_5841e47d9fc3c156c3ef33f0.png,1,Light
ISIC_0014763,/path/to/IMA_dataset/ISIC_0014763.jpg,/path/to/IMA_dataset/ISIC_0014763_ST_ST_ST_ST.png,/path/to/IMA_dataset/ISIC_0014763_A09_T1_S1_58470e259fc3c10f04859679.png,1,Light
ISIC_0001128,/path/to/IMA_dataset/ISIC_0001128.jpg,/path/to/IMA_dataset/ISIC_0001128_ST_ST_ST_ST.png,/path/to/IMA_dataset/ISIC_0001128_A04_T1_S1_54e765d4bae47850e86ce1c5.png,2,Intermediate
ISIC_0009987,/path/to/IMA_dataset/ISIC_0009987.jpg,/path/to/IMA_dataset/ISIC_0009987_ST_ST_ST_ST.png,/path/to/IMA_dataset/ISIC_0009987_A04_T3_S2_5592e2fd9fc3c13155145b82.png,1,Light
ISIC_0012725,/path/to/IMA_dataset/ISIC_0012725.jpg,/path/to/IMA_dataset/ISIC_0012725_A00_T2_S1_5841e3b89fc3c156c3ef3015.png,/path/to/IMA_dataset/ISIC_0012725_A00_T2_S1_5841e3b89fc3c156c3ef3015.png,2,Intermediate
ISIC_0000534,/path/to/IMA_dataset/ISIC_0000534.jpg,/path/to/IMA_dataset/ISIC_0000534_ST_ST_ST_ST.png,/path/to/IMA_dataset/ISIC_0000534_A04_T3_S2_544a8d5abae478661558fb0c.png,1,Light
ISIC_0000554,/path/to/IMA_dataset/ISIC_0000554.jpg,/path/to/IMA_dataset/ISIC_0000554_A04_T3_S1_54411ec2bae478661558fad0.png,/path/to/IMA_dataset/ISIC_0000554_A04_T3_S1_54411ec2bae478661558fad0.png,1,Light
ISIC_0010178,/path/to/IMA_dataset/ISIC_0010178.jpg,/path/to/IMA_dataset/ISIC_0010178_A04_T3_S1_55a938c89fc3c156bd715c39.png,/path/to/IMA_dataset/ISIC_0010178_A04_T3_S1_55a938c89fc3c156bd715c39.png,1,Light
ISIC_0000499,/path/to/IMA_dataset/ISIC_0000499.jpg,/path/to/IMA_dataset/ISIC_0000499_ST_ST_ST_ST.png,/path/to/IMA_dataset/ISIC_0000499_A04_T3_S2_544eace6bae478661558fb75.png,1,Light
ISIC_0007760,/path/to/IMA_dataset/ISIC_0007760.jpg,/path/to/IMA_dataset/ISIC_0007760_ST_ST_ST_ST.png,/path/to/IMA_dataset/ISIC_0007760_A06_T1_S1_568b3b0a9fc3c126c063fefb.png,2,Intermediate
ISIC_0004985,/path/to/IMA_dataset/ISIC_0004985.jpg,/path/to/IMA_dataset/ISIC_0004985_A02_T1_S1_5640e9a89fc3c1045ec167b1.png,/path/to/IMA_dataset/ISIC_0004985_A02_T1_S1_5640e9a89fc3c1045ec167b1.png,1,Light
ISIC_0005000,/path/to/IMA_dataset/ISIC_0005000.jpg,/path/to/IMA_dataset/ISIC_0005000_A02_T3_S1_56435f079fc3c17f0bdd4360.png,/path/to/IMA_dataset/ISIC_0005000_A02_T3_S1_56435f079fc3c17f0bdd4360.png,2,Intermediate
ISIC_0011090,/path/to/IMA_dataset/ISIC_0011090.jpg,/path/to/IMA_dataset/ISIC_0011090_A04_T1_S1_55a034e59fc3c156bd7147fc.png,/path/to/IMA_dataset/ISIC_0011090_A04_T1_S1_55a034e59fc3c156bd7147fc.png,1,Light
ISIC_0014760,/path/to/IMA_dataset/ISIC_0014760.jpg,/path/to/IMA_dataset/ISIC_0014760_A00_T2_S1_5841e95b9fc3c156c3ef47ee.png,/path/to/IMA_dataset/ISIC_0014760_A00_T2_S1_5841e95b9fc3c156c3ef47ee.png,1,Light
ISIC_0009160,/path/to/IMA_dataset/ISIC_0009160.jpg,/path/to/IMA_dataset/ISIC_0009160_A01_T3_S2_55ddd79f9fc3c10470dbee1c.png,/path/to/IMA_dataset/ISIC_0009160_A02_T1_S1_5661c8359fc3c147bbd69d9e.png,1,Light
ISIC_0000338,/path/to/IMA_dataset/ISIC_0000338.jpg,/path/to/IMA_dataset/ISIC_0000338_ST_ST_ST_ST.png,/path/to/IMA_dataset/ISIC_0000338_A04_T3_S2_5453c2b8bae47821f88020d6.png,1,Light
ISIC_0000546,/path/to/IMA_dataset/ISIC_0000546.jpg,/path/to/IMA_dataset/ISIC_0000546_ST_ST_ST_ST.png,/path/to/IMA_dataset/ISIC_0000546_A04_T3_S2_5463c77fbae47821f8802638.png,1,Light
ISIC_0000113,/path/to/IMA_dataset/ISIC_0000113.jpg,/path/to/IMA_dataset/ISIC_0000113_ST_ST_ST_ST.png,/path/to/IMA_dataset/ISIC_0000113_A04_T3_S2_545a8cf5bae47821f8802379.png,2,Intermediate
ISIC_0000027,/path/to/IMA_dataset/ISIC_0000027.jpg,/path/to/IMA_dataset/ISIC_0000027_A04_T3_S1_545be610bae47821f880247b.png,/path/to/IMA_dataset/ISIC_0000027_A04_T3_S1_545be610bae47821f880247b.png,1,Light
ISIC_0008406,/path/to/IMA_dataset/ISIC_0008406.jpg,/path/to/IMA_dataset/ISIC_0008406_A01_T3_S1_55df346b9fc3c10470dc0b62.png,/path/to/IMA_dataset/ISIC_0008406_A01_T3_S1_55df346b9fc3c10470dc0b62.png,1,Light
ISIC_0009971,/path/to/IMA_dataset/ISIC_0009971.jpg,/path/to/IMA_dataset/ISIC_0009971_A04_T3_S1_5592e4979fc3c13155145be2.png,/path/to/IMA_dataset/ISIC_0009971_A04_T3_S1_5592e4979fc3c13155145be2.png,1,Light
ISIC_0000105,/path/to/IMA_dataset/ISIC_0000105.jpg,/path/to/IMA_dataset/ISIC_0000105_ST_ST_ST_ST.png,/path/to/IMA_dataset/ISIC_0000105_A04_T3_S2_545a97a5bae47821f8802391.png,1,Light
ISIC_0000213,/path/to/IMA_dataset/ISIC_0000213.jpg,/path/to/IMA_dataset/ISIC_0000213_A04_T3_S1_5458e787bae47821f880224d.png,/path/to/IMA_dataset/ISIC_0000213_A04_T3_S1_5458e787bae47821f880224d.png,1,Light
ISIC_0002871,/path/to/IMA_dataset/ISIC_0002871.jpg,/path/to/IMA_dataset/ISIC_0002871_A05_T1_S1_55f0720d9fc3c1423f0618b6.png,/path/to/IMA_dataset/ISIC_0002871_A05_T1_S1_55f0720d9fc3c1423f0618b6.png,1,Light
ISIC_0014778,/path/to/IMA_dataset/ISIC_0014778.jpg,/path/to/IMA_dataset/ISIC_0014778_A00_T2_S1_5841e9709fc3c156c3ef4824.png,/path/to/IMA_dataset/ISIC_0014778_A00_T2_S1_5841e9709fc3c156c3ef4824.png,2,Intermediate
ISIC_0000392,/path/to/IMA_dataset/ISIC_0000392.jpg,/path/to/IMA_dataset/ISIC_0000392_ST_ST_ST_ST.png,/path/to/IMA_dataset/ISIC_0000392_A04_T3_S2_5452a25ebae47821f8802034.png,2,Intermediate
ISIC_0009873,/path/to/IMA_dataset/ISIC_0009873.jpg,/path/to/IMA_dataset/ISIC_0009873_A04_T3_S1_5593012b9fc3c13155145f89.png,/path/to/IMA_dataset/ISIC_0009873_A04_T3_S1_5593012b9fc3c13155145f89.png,1,Light
ISIC_0013488,/path/to/IMA_dataset/ISIC_0013488.jpg,/path/to/IMA_dataset/ISIC_0013488_ST_ST_ST_ST.png,/path/to/IMA_dataset/ISIC_0013488_A03_T1_S1_58473c559fc3c10f04859b4b.png,1,Light
ISIC_0000370,/path/to/IMA_dataset/ISIC_0000370.jpg,/path/to/IMA_dataset/ISIC_0000370_ST_ST_ST_ST.png,/path/to/IMA_dataset/ISIC_0000370_A04_T3_S2_5453a5ebbae47821f8802076.png,1,Light
ISIC_0012285,/path/to/IMA_dataset/ISIC_0012285.jpg,/path/to/IMA_dataset/ISIC_0012285_ST_ST_ST_ST.png,/path/to/IMA_dataset/ISIC_0012285_A00_T2_S1_5841e2b29fc3c156c3ef2aed.png,1,Light
ISIC_0012506,/path/to/IMA_dataset/ISIC_0012506.jpg,/path/to/IMA_dataset/ISIC_0012506_A00_T2_S1_5841e3439fc3c156c3ef2d84.png,/path/to/IMA_dataset/ISIC_0012506_A00_T2_S1_5841e3439fc3c156c3ef2d84.png,2,Intermediate
ISIC_0009967,/path/to/IMA_dataset/ISIC_0009967.jpg,/path/to/IMA_dataset/ISIC_0009967_A04_T3_S1_5592eeee9fc3c13155145bfa.png,/path/to/IMA_dataset/ISIC_0009967_A04_T3_S1_5592eeee9fc3c13155145bfa.png,1,Light
ISIC_0013007,/path/to/IMA_dataset/ISIC_0013007.jpg,/path/to/IMA_dataset/ISIC_0013007_A00_T2_S1_5841e4609fc3c156c3ef3363.png,/path/to/IMA_dataset/ISIC_0013007_A00_T2_S1_5841e4609fc3c156c3ef3363.png,2,Intermediate
ISIC_0014537,/path/to/IMA_dataset/ISIC_0014537.jpg,/path/to/IMA_dataset/ISIC_0014537_A03_T1_S1_584732079fc3c10f04859aec.png,/path/to/IMA_dataset/ISIC_0014537_A03_T1_S1_584732079fc3c10f04859aec.png,2,Intermediate
ISIC_0000118,/path/to/IMA_dataset/ISIC_0000118.jpg,/path/to/IMA_dataset/ISIC_0000118_A04_T1_S1_545a8aaabae47821f880236a.png,/path/to/IMA_dataset/ISIC_0000118_A04_T1_S1_545a8aaabae47821f880236a.png,1,Light
ISIC_0000197,/path/to/IMA_dataset/ISIC_0000197.jpg,/path/to/IMA_dataset/ISIC_0000197_ST_ST_ST_ST.png,/path/to/IMA_dataset/ISIC_0000197_A04_T3_S2_545903a3bae47821f880227d.png,1,Light
ISIC_0011217,/path/to/IMA_dataset/ISIC_0011217.jpg,/path/to/IMA_dataset/ISIC_0011217_ST_ST_ST_ST.png,/path/to/IMA_dataset/ISIC_0011217_A04_T3_S2_559ff4a59fc3c156bd714343.png,1,Light
ISIC_0002287,/path/to/IMA_dataset/ISIC_0002287.jpg,/path/to/IMA_dataset/ISIC_0002287_A04_T1_S1_54f9fd3fbae47807dbb0d882.png,/path/to/IMA_dataset/ISIC_0002287_A04_T1_S1_54f9fd3fbae47807dbb0d882.png,1,Light
ISIC_0010025,/path/to/IMA_dataset/ISIC_0010025.jpg,/path/to/IMA_dataset/ISIC_0010025_ST_ST_ST_ST.png,/path/to/IMA_dataset/ISIC_0010025_A04_T3_S2_559455f49fc3c13155bcaf97.png,1,Light
ISIC_0009943,/path/to/IMA_dataset/ISIC_0009943.jpg,/path/to/IMA_dataset/ISIC_0009943_A04_T1_S1_5592f1d79fc3c13155145c8a.png,/path/to/IMA_dataset/ISIC_0009943_A04_T1_S1_5592f1d79fc3c13155145c8a.png,1,Light
ISIC_0010490,/path/to/IMA_dataset/ISIC_0010490.jpg,/path/to/IMA_dataset/ISIC_0010490_A04_T1_S1_55a7f6999fc3c156bd71560f.png,/path/to/IMA_dataset/ISIC_0010490_A04_T1_S1_55a7f6999fc3c156bd71560f.png,1,Light
ISIC_0014605,/path/to/IMA_dataset/ISIC_0014605.jpg,/path/to/IMA_dataset/ISIC_0014605_A00_T2_S1_5841e8c79fc3c156c3ef461d.png,/path/to/IMA_dataset/ISIC_0014605_A00_T2_S1_5841e8c79fc3c156c3ef461d.png,1,Light
ISIC_0009940,/path/to/IMA_dataset/ISIC_0009940.jpg,/path/to/IMA_dataset/ISIC_0009940_A04_T3_S1_5592f2109fc3c13155145c9c.png,/path/to/IMA_dataset/ISIC_0009940_A04_T3_S1_5592f2109fc3c13155145c9c.png,1,Light
ISIC_0000530,/path/to/IMA_dataset/ISIC_0000530.jpg,/path/to/IMA_dataset/ISIC_0000530_ST_ST_ST_ST.png,/path/to/IMA_dataset/ISIC_0000530_A04_T3_S2_544a90d2bae478661558fb18.png,1,Light
ISIC_0010861,/path/to/IMA_dataset/ISIC_0010861.jpg,/path/to/IMA_dataset/ISIC_0010861_A04_T3_S1_55a697209fc3c156bd714d5a.png,/path/to/IMA_dataset/ISIC_0010861_A04_T3_S1_55a697209fc3c156bd714d5a.png,2,Intermediate
ISIC_0013691,/path/to/IMA_dataset/ISIC_0013691.jpg,/path/to/IMA_dataset/ISIC_0013691_A00_T2_S1_5841e62d9fc3c156c3ef3b67.png,/path/to/IMA_dataset/ISIC_0013691_A00_T2_S1_5841e62d9fc3c156c3ef3b67.png,2,Intermediate
ISIC_0013864,/path/to/IMA_dataset/ISIC_0013864.jpg,/path/to/IMA_dataset/ISIC_0013864_A00_T2_S1_5841e6a29fc3c156c3ef3d6e.png,/path/to/IMA_dataset/ISIC_0013864_A00_T2_S1_5841e6a29fc3c156c3ef3d6e.png,2,Intermediate
ISIC_0014769,/path/to/IMA_dataset/ISIC_0014769.jpg,/path/to/IMA_dataset/ISIC_0014769_A00_T2_S1_5841e9669fc3c156c3ef4809.png,/path/to/IMA_dataset/ISIC_0014769_A00_T2_S1_5841e9669fc3c156c3ef4809.png,2,Intermediate
ISIC_0008029,/path/to/IMA_dataset/ISIC_0008029.jpg,/path/to/IMA_dataset/ISIC_0008029_A05_T1_S1_565877189fc3c1045c4bdaf4.png,/path/to/IMA_dataset/ISIC_0008029_A05_T1_S1_565877189fc3c1045c4bdaf4.png,2,Intermediate
ISIC_0011310,/path/to/IMA_dataset/ISIC_0011310.jpg,/path/to/IMA_dataset/ISIC_0011310_A04_T1_S1_55a969fe9fc3c156bd715eaf.png,/path/to/IMA_dataset/ISIC_0011310_A04_T1_S1_55a969fe9fc3c156bd715eaf.png,1,Light
ISIC_0000485,/path/to/IMA_dataset/ISIC_0000485.jpg,/path/to/IMA_dataset/ISIC_0000485_ST_ST_ST_ST.png,/path/to/IMA_dataset/ISIC_0000485_A10_T1_S2_5450f8c6bae47865794e4d31.png,1,Light
ISIC_0011112,/path/to/IMA_dataset/ISIC_0011112.jpg,/path/to/IMA_dataset/ISIC_0011112_ST_ST_ST_ST.png,/path/to/IMA_dataset/ISIC_0011112_A03_T1_S1_57be17109fc3c1434763a368.png,1,Light
ISIC_0009896,/path/to/IMA_dataset/ISIC_0009896.jpg,/path/to/IMA_dataset/ISIC_0009896_A04_T1_S1_5592fb079fc3c13155145da4.png,/path/to/IMA_dataset/ISIC_0009896_A04_T1_S1_5592fb079fc3c13155145da4.png,1,Light
ISIC_0010492,/path/to/IMA_dataset/ISIC_0010492.jpg,/path/to/IMA_dataset/ISIC_0010492_A04_T1_S1_55a7f6619fc3c156bd715603.png,/path/to/IMA_dataset/ISIC_0010492_A04_T1_S1_55a7f6619fc3c156bd715603.png,1,Light
ISIC_0000475,/path/to/IMA_dataset/ISIC_0000475.jpg,/path/to/IMA_dataset/ISIC_0000475_ST_ST_ST_ST.png,/path/to/IMA_dataset/ISIC_0000475_A04_T3_S2_5450ff4ebae47821f8801f35.png,2,Intermediate
ISIC_0008280,/path/to/IMA_dataset/ISIC_0008280.jpg,/path/to/IMA_dataset/ISIC_0008280_A01_T3_S1_55df462d9fc3c10470dc11e6.png,/path/to/IMA_dataset/ISIC_0008280_A01_T3_S1_55df462d9fc3c10470dc11e6.png,2,Intermediate
ISIC_0011203,/path/to/IMA_dataset/ISIC_0011203.jpg,/path/to/IMA_dataset/ISIC_0011203_A04_T1_S1_559ff80d9fc3c156bd714416.png,/path/to/IMA_dataset/ISIC_0011203_A04_T1_S1_559ff80d9fc3c156bd714416.png,1,Light
ISIC_0012988,/path/to/IMA_dataset/ISIC_0012988.jpg,/path/to/IMA_dataset/ISIC_0012988_A00_T2_S1_5841e4559fc3c156c3ef332a.png,/path/to/IMA_dataset/ISIC_0012988_A00_T2_S1_5841e4559fc3c156c3ef332a.png,1,Light
ISIC_0010587,/path/to/IMA_dataset/ISIC_0010587.jpg,/path/to/IMA_dataset/ISIC_0010587_A04_T3_S1_55a7da129fc3c156bd7153c9.png,/path/to/IMA_dataset/ISIC_0010587_A04_T3_S1_55a7da129fc3c156bd7153c9.png,1,Light
ISIC_0000479,/path/to/IMA_dataset/ISIC_0000479.jpg,/path/to/IMA_dataset/ISIC_0000479_A04_T3_S1_5450fca6bae47865794e4d55.png,/path/to/IMA_dataset/ISIC_0000479_A04_T3_S1_5450fca6bae47865794e4d55.png,1,Light
ISIC_0014049,/path/to/IMA_dataset/ISIC_0014049.jpg,/path/to/IMA_dataset/ISIC_0014049_A00_T2_S1_5841e7209fc3c156c3ef3f99.png,/path/to/IMA_dataset/ISIC_0014049_A00_T2_S1_5841e7209fc3c156c3ef3f99.png,2,Intermediate
ISIC_0014150,/path/to/IMA_dataset/ISIC_0014150.jpg,/path/to/IMA_dataset/ISIC_0014150_A00_T2_S1_5841e7719fc3c156c3ef40c8.png,/path/to/IMA_dataset/ISIC_0014150_A00_T2_S1_5841e7719fc3c156c3ef40c8.png,2,Intermediate
ISIC_0012976,/path/to/IMA_dataset/ISIC_0012976.jpg,/path/to/IMA_dataset/ISIC_0012976_A00_T2_S1_5841e44d9fc3c156c3ef3306.png,/path/to/IMA_dataset/ISIC_0012976_A00_T2_S1_5841e44d9fc3c156c3ef3306.png,1,Light
ISIC_0000260,/path/to/IMA_dataset/ISIC_0000260.jpg,/path/to/IMA_dataset/ISIC_0000260_A04_T3_S1_5457cb51bae47821f88021c0.png,/path/to/IMA_dataset/ISIC_0000260_A04_T3_S1_5457cb51bae47821f88021c0.png,2,Intermediate
ISIC_0009889,/path/to/IMA_dataset/ISIC_0009889.jpg,/path/to/IMA_dataset/ISIC_0009889_A04_T3_S1_5592ffa29fc3c13155145f29.png,/path/to/IMA_dataset/ISIC_0009889_A04_T3_S1_5592ffa29fc3c13155145f29.png,1,Light
ISIC_0010191,/path/to/IMA_dataset/ISIC_0010191.jpg,/path/to/IMA_dataset/ISIC_0010191_ST_ST_ST_ST.png,/path/to/IMA_dataset/ISIC_0010191_A04_T3_S1_55a92e409fc3c156bd715beb.png,1,Light
ISIC_0014157,/path/to/IMA_dataset/ISIC_0014157.jpg,/path/to/IMA_dataset/ISIC_0014157_A00_T2_S1_5841e7779fc3c156c3ef40dd.png,/path/to/IMA_dataset/ISIC_0014157_A00_T2_S1_5841e7779fc3c156c3ef40dd.png,1,Light
ISIC_0014046,/path/to/IMA_dataset/ISIC_0014046.jpg,/path/to/IMA_dataset/ISIC_0014046_A00_T2_S1_5841e71e9fc3c156c3ef3f90.png,/path/to/IMA_dataset/ISIC_0014046_A00_T2_S1_5841e71e9fc3c156c3ef3f90.png,2,Intermediate
ISIC_0012675,/path/to/IMA_dataset/ISIC_0012675.jpg,/path/to/IMA_dataset/ISIC_0012675_A00_T2_S1_5841e39d9fc3c156c3ef2f7f.png,/path/to/IMA_dataset/ISIC_0012675_A00_T2_S1_5841e39d9fc3c156c3ef2f7f.png,1,Light
ISIC_0013874,/path/to/IMA_dataset/ISIC_0013874.jpg,/path/to/IMA_dataset/ISIC_0013874_A00_T2_S1_5841e6a99fc3c156c3ef3d8c.png,/path/to/IMA_dataset/ISIC_0013874_A00_T2_S1_5841e6a99fc3c156c3ef3d8c.png,2,Intermediate
ISIC_0000080,/path/to/IMA_dataset/ISIC_0000080.jpg,/path/to/IMA_dataset/ISIC_0000080_A04_T3_S1_545bc50ebae47821f88023dc.png,/path/to/IMA_dataset/ISIC_0000080_A04_T3_S1_545bc50ebae47821f88023dc.png,1,Light
ISIC_0000182,/path/to/IMA_dataset/ISIC_0000182.jpg,/path/to/IMA_dataset/ISIC_0000182_ST_ST_ST_ST.png,/path/to/IMA_dataset/ISIC_0000182_A04_T3_S2_54591517bae47821f88022aa.png,1,Light
ISIC_0000131,/path/to/IMA_dataset/ISIC_0000131.jpg,/path/to/IMA_dataset/ISIC_0000131_A04_T3_S1_545a67e4bae47821f8802343.png,/path/to/IMA_dataset/ISIC_0000131_A04_T3_S1_545a67e4bae47821f8802343.png,1,Light
ISIC_0000172,/path/to/IMA_dataset/ISIC_0000172.jpg,/path/to/IMA_dataset/ISIC_0000172_A04_T3_S1_54592b11bae47821f88022c8.png,/path/to/IMA_dataset/ISIC_0000172_A04_T3_S1_54592b11bae47821f88022c8.png,1,Light
ISIC_0010327,/path/to/IMA_dataset/ISIC_0010327.jpg,/path/to/IMA_dataset/ISIC_0010327_ST_ST_ST_ST.png,/path/to/IMA_dataset/ISIC_0010327_A04_T3_S2_55a91efe9fc3c156bd7159e1.png,1,Light
ISIC_0013807,/path/to/IMA_dataset/ISIC_0013807.jpg,/path/to/IMA_dataset/ISIC_0013807_A00_T2_S1_5841e67a9fc3c156c3ef3cc3.png,/path/to/IMA_dataset/ISIC_0013807_A00_T2_S1_5841e67a9fc3c156c3ef3cc3.png,3,Tan
ISIC_0012813,/path/to/IMA_dataset/ISIC_0012813.jpg,/path/to/IMA_dataset/ISIC_0012813_A06_T1_S1_58473df59fc3c10f04859b65.png,/path/to/IMA_dataset/ISIC_0012813_A06_T1_S1_58473df59fc3c10f04859b65.png,2,Intermediate
ISIC_0000487,/path/to/IMA_dataset/ISIC_0000487.jpg,/path/to/IMA_dataset/ISIC_0000487_ST_ST_ST_ST.png,/path/to/IMA_dataset/ISIC_0000487_A12_T3_S2_5450f6afbae47865794e4d2b.png,1,Light
ISIC_0012706,/path/to/IMA_dataset/ISIC_0012706.jpg,/path/to/IMA_dataset/ISIC_0012706_ST_ST_ST_ST.png,/path/to/IMA_dataset/ISIC_0012706_A03_T1_S1_5847205f9fc3c10f04859a7f.png,2,Intermediate
ISIC_0014191,/path/to/IMA_dataset/ISIC_0014191.jpg,/path/to/IMA_dataset/ISIC_0014191_A06_T1_S1_584738ce9fc3c10f04859b1a.png,/path/to/IMA_dataset/ISIC_0014191_A06_T1_S1_584738ce9fc3c10f04859b1a.png,2,Intermediate
ISIC_0009880,/path/to/IMA_dataset/ISIC_0009880.jpg,/path/to/IMA_dataset/ISIC_0009880_A04_T1_S1_559300739fc3c13155145f5f.png,/path/to/IMA_dataset/ISIC_0009880_A04_T1_S1_559300739fc3c13155145f5f.png,1,Light
ISIC_0013097,/path/to/IMA_dataset/ISIC_0013097.jpg,/path/to/IMA_dataset/ISIC_0013097_A00_T2_S1_5841e4979fc3c156c3ef3471.png,/path/to/IMA_dataset/ISIC_0013097_A00_T2_S1_5841e4979fc3c156c3ef3471.png,2,Intermediate
ISIC_0012527,/path/to/IMA_dataset/ISIC_0012527.jpg,/path/to/IMA_dataset/ISIC_0012527_A09_T1_S1_58471c709fc3c10f04859a54.png,/path/to/IMA_dataset/ISIC_0012527_A09_T1_S1_58471c709fc3c10f04859a54.png,2,Intermediate
ISIC_0013748,/path/to/IMA_dataset/ISIC_0013748.jpg,/path/to/IMA_dataset/ISIC_0013748_A00_T2_S1_5841e6539fc3c156c3ef3c12.png,/path/to/IMA_dataset/ISIC_0013748_A00_T2_S1_5841e6539fc3c156c3ef3c12.png,2,Intermediate
ISIC_0000390,/path/to/IMA_dataset/ISIC_0000390.jpg,/path/to/IMA_dataset/ISIC_0000390_ST_ST_ST_ST.png,/path/to/IMA_dataset/ISIC_0000390_A04_T3_S2_5452a2e2bae47821f880203a.png,1,Light
ISIC_0009912,/path/to/IMA_dataset/ISIC_0009912.jpg,/path/to/IMA_dataset/ISIC_0009912_ST_ST_ST_ST.png,/path/to/IMA_dataset/ISIC_0009912_A04_T3_S2_5592f9799fc3c13155145d44.png,2,Intermediate
ISIC_0000327,/path/to/IMA_dataset/ISIC_0000327.jpg,/path/to/IMA_dataset/ISIC_0000327_A04_T1_S1_5453ced5bae47821f88020f7.png,/path/to/IMA_dataset/ISIC_0000327_A04_T1_S1_5453ced5bae47821f88020f7.png,1,Light
ISIC_0000217,/path/to/IMA_dataset/ISIC_0000217.jpg,/path/to/IMA_dataset/ISIC_0000217_A04_T1_S1_5458e62ebae47821f8802241.png,/path/to/IMA_dataset/ISIC_0000217_A04_T1_S1_5458e62ebae47821f8802241.png,1,Light
ISIC_0010029,/path/to/IMA_dataset/ISIC_0010029.jpg,/path/to/IMA_dataset/ISIC_0010029_A04_T1_S1_5594541e9fc3c13155bcaf7f.png,/path/to/IMA_dataset/ISIC_0010029_A04_T1_S1_5594541e9fc3c13155bcaf7f.png,1,Light
ISIC_0007693,/path/to/IMA_dataset/ISIC_0007693.jpg,/path/to/IMA_dataset/ISIC_0007693_A02_T3_S1_560983bd9fc3c10ee6f16af3.png,/path/to/IMA_dataset/ISIC_0007693_A02_T3_S1_560983bd9fc3c10ee6f16af3.png,1,Light
ISIC_0010104,/path/to/IMA_dataset/ISIC_0010104.jpg,/path/to/IMA_dataset/ISIC_0010104_A04_T3_S1_559441479fc3c13155bcadba.png,/path/to/IMA_dataset/ISIC_0010104_A04_T3_S1_559441479fc3c13155bcadba.png,1,Light
ISIC_0010184,/path/to/IMA_dataset/ISIC_0010184.jpg,/path/to/IMA_dataset/ISIC_0010184_A04_T3_S1_55a92f0a9fc3c156bd715c15.png,/path/to/IMA_dataset/ISIC_0010184_A04_T3_S1_55a92f0a9fc3c156bd715c15.png,1,Light
ISIC_0000306,/path/to/IMA_dataset/ISIC_0000306.jpg,/path/to/IMA_dataset/ISIC_0000306_ST_ST_ST_ST.png,/path/to/IMA_dataset/ISIC_0000306_A04_T1_S2_5453ea51bae47821f8802136.png,2,Intermediate
ISIC_0009932,/path/to/IMA_dataset/ISIC_0009932.jpg,/path/to/IMA_dataset/ISIC_0009932_A04_T3_S1_5592f3339fc3c13155145ccc.png,/path/to/IMA_dataset/ISIC_0009932_A04_T3_S1_5592f3339fc3c13155145ccc.png,1,Light
ISIC_0000010,/path/to/IMA_dataset/ISIC_0000010.jpg,/path/to/IMA_dataset/ISIC_0000010_A04_T3_S1_545cf892bae47821f8802508.png,/path/to/IMA_dataset/ISIC_0000010_A04_T3_S1_545cf892bae47821f8802508.png,1,Light
ISIC_0012167,/path/to/IMA_dataset/ISIC_0012167.jpg,/path/to/IMA_dataset/ISIC_0012167_ST_ST_ST_ST.png,/path/to/IMA_dataset/ISIC_0012167_A03_T1_S1_58472e7f9fc3c10f04859ae2.png,2,Intermediate
ISIC_0000165,/path/to/IMA_dataset/ISIC_0000165.jpg,/path/to/IMA_dataset/ISIC_0000165_A04_T3_S1_54593114bae47821f88022dd.png,/path/to/IMA_dataset/ISIC_0000165_A04_T3_S1_54593114bae47821f88022dd.png,1,Light
ISIC_0000276,/path/to/IMA_dataset/ISIC_0000276.jpg,/path/to/IMA_dataset/ISIC_0000276_A04_T3_S1_5457bbcebae47821f8802190.png,/path/to/IMA_dataset/ISIC_0000276_A04_T3_S1_5457bbcebae47821f8802190.png,1,Light
ISIC_0010586,/path/to/IMA_dataset/ISIC_0010586.jpg,/path/to/IMA_dataset/ISIC_0010586_A04_T3_S1_55a7da2d9fc3c156bd7153cf.png,/path/to/IMA_dataset/ISIC_0010586_A04_T3_S1_55a7da2d9fc3c156bd7153cf.png,1,Light
ISIC_0000045,/path/to/IMA_dataset/ISIC_0000045.jpg,/path/to/IMA_dataset/ISIC_0000045_ST_ST_ST_ST.png,/path/to/IMA_dataset/ISIC_0000045_A04_T3_S2_545bd2b2bae47821f8802445.png,1,Light
ISIC_0011349,/path/to/IMA_dataset/ISIC_0011349.jpg,/path/to/IMA_dataset/ISIC_0011349_ST_ST_ST_ST.png,/path/to/IMA_dataset/ISIC_0011349_A04_T1_S1_55a94c809fc3c156bd715db9.png,1,Light
ISIC_0010460,/path/to/IMA_dataset/ISIC_0010460.jpg,/path/to/IMA_dataset/ISIC_0010460_ST_ST_ST_ST.png,/path/to/IMA_dataset/ISIC_0010460_A04_T1_S1_55a7fe2c9fc3c156bd7156c3.png,1,Light
ISIC_0000099,/path/to/IMA_dataset/ISIC_0000099.jpg,/path/to/IMA_dataset/ISIC_0000099_ST_ST_ST_ST.png,/path/to/IMA_dataset/ISIC_0000099_A04_T3_S2_545b9d8dbae47821f88023a3.png,1,Light
ISIC_0000057,/path/to/IMA_dataset/ISIC_0000057.jpg,/path/to/IMA_dataset/ISIC_0000057_A04_T3_S1_545bcfe9bae47821f8802421.png,/path/to/IMA_dataset/ISIC_0000057_A04_T3_S1_545bcfe9bae47821f8802421.png,1,Light
ISIC_0009583,/path/to/IMA_dataset/ISIC_0009583.jpg,/path/to/IMA_dataset/ISIC_0009583_A01_T3_S2_55dcc5e79fc3c10470dbd7fb.png,/path/to/IMA_dataset/ISIC_0009583_A02_T1_S1_5666f6929fc3c14011cd6ed1.png,1,Light
ISIC_0000047,/path/to/IMA_dataset/ISIC_0000047.jpg,/path/to/IMA_dataset/ISIC_0000047_ST_ST_ST_ST.png,/path/to/IMA_dataset/ISIC_0000047_A04_T3_S2_545bd252bae47821f880243f.png,1,Light
ISIC_0014785,/path/to/IMA_dataset/ISIC_0014785.jpg,/path/to/IMA_dataset/ISIC_0014785_A00_T2_S1_5841e9789fc3c156c3ef4839.png,/path/to/IMA_dataset/ISIC_0014785_A00_T2_S1_5841e9789fc3c156c3ef4839.png,1,Light
ISIC_0013487,/path/to/IMA_dataset/ISIC_0013487.jpg,/path/to/IMA_dataset/ISIC_0013487_ST_ST_ST_ST.png,/path/to/IMA_dataset/ISIC_0013487_A03_T3_S1_584729629fc3c10f04859ac4.png,1,Light
ISIC_0000344,/path/to/IMA_dataset/ISIC_0000344.jpg,/path/to/IMA_dataset/ISIC_0000344_A04_T1_S1_5453bfe2bae47821f88020c4.png,/path/to/IMA_dataset/ISIC_0000344_A04_T1_S1_5453bfe2bae47821f88020c4.png,1,Light
ISIC_0013841,/path/to/IMA_dataset/ISIC_0013841.jpg,/path/to/IMA_dataset/ISIC_0013841_A00_T2_S1_5841e6929fc3c156c3ef3d29.png,/path/to/IMA_dataset/ISIC_0013841_A00_T2_S1_5841e6929fc3c156c3ef3d29.png,2,Intermediate
ISIC_0013972,/path/to/IMA_dataset/ISIC_0013972.jpg,/path/to/IMA_dataset/ISIC_0013972_ST_ST_ST_ST.png,/path/to/IMA_dataset/ISIC_0013972_A00_T2_S1_5841e6ed9fc3c156c3ef3eb2.png,2,Intermediate
ISIC_0012715,/path/to/IMA_dataset/ISIC_0012715.jpg,/path/to/IMA_dataset/ISIC_0012715_ST_ST_ST_ST.png,/path/to/IMA_dataset/ISIC_0012715_A03_T1_S1_584727669fc3c10f04859ab2.png,2,Intermediate
ISIC_0009963,/path/to/IMA_dataset/ISIC_0009963.jpg,/path/to/IMA_dataset/ISIC_0009963_A04_T3_S1_5592ef3c9fc3c13155145c12.png,/path/to/IMA_dataset/ISIC_0009963_A04_T3_S1_5592ef3c9fc3c13155145c12.png,1,Light
ISIC_0010573,/path/to/IMA_dataset/ISIC_0010573.jpg,/path/to/IMA_dataset/ISIC_0010573_A04_T1_S1_55a7dd6e9fc3c156bd71541d.png,/path/to/IMA_dataset/ISIC_0010573_A04_T1_S1_55a7dd6e9fc3c156bd71541d.png,1,Light
ISIC_0014582,/path/to/IMA_dataset/ISIC_0014582.jpg,/path/to/IMA_dataset/ISIC_0014582_A03_T1_S1_584718ff9fc3c10f0485998a.png,/path/to/IMA_dataset/ISIC_0014582_A03_T1_S1_584718ff9fc3c10f0485998a.png,1,Light
ISIC_0000020,/path/to/IMA_dataset/ISIC_0000020.jpg,/path/to/IMA_dataset/ISIC_0000020_A04_T3_S1_545be875bae47821f8802494.png,/path/to/IMA_dataset/ISIC_0000020_A04_T3_S1_545be875bae47821f8802494.png,1,Light
ISIC_0000264,/path/to/IMA_dataset/ISIC_0000264.jpg,/path/to/IMA_dataset/ISIC_0000264_A04_T1_S1_5457cad3bae47821f88021b4.png,/path/to/IMA_dataset/ISIC_0000264_A04_T1_S1_5457cad3bae47821f88021b4.png,1,Light
ISIC_0000008,/path/to/IMA_dataset/ISIC_0000008.jpg,/path/to/IMA_dataset/ISIC_0000008_A04_T3_S1_545cfb20bae47821f8802520.png,/path/to/IMA_dataset/ISIC_0000008_A04_T3_S1_545cfb20bae47821f8802520.png,1,Light
ISIC_0000143,/path/to/IMA_dataset/ISIC_0000143.jpg,/path/to/IMA_dataset/ISIC_0000143_ST_ST_ST_ST.png,/path/to/IMA_dataset/ISIC_0000143_A04_T1_S2_545a5ce9bae47821f880231f.png,1,Light
ISIC_0011135,/path/to/IMA_dataset/ISIC_0011135.jpg,/path/to/IMA_dataset/ISIC_0011135_ST_ST_ST_ST.png,/path/to/IMA_dataset/ISIC_0011135_A04_T3_S2_55a01d2a9fc3c156bd7146ee.png,1,Light
ISIC_0012376,/path/to/IMA_dataset/ISIC_0012376.jpg,/path/to/IMA_dataset/ISIC_0012376_A00_T2_S1_5841e2e89fc3c156c3ef2bfe.png,/path/to/IMA_dataset/ISIC_0012376_A00_T2_S1_5841e2e89fc3c156c3ef2bfe.png,1,Light
ISIC_0000307,/path/to/IMA_dataset/ISIC_0000307.jpg,/path/to/IMA_dataset/ISIC_0000307_A04_T1_S1_5453e9c4bae47821f8802133.png,/path/to/IMA_dataset/ISIC_0000307_A04_T1_S1_5453e9c4bae47821f8802133.png,1,Light
ISIC_0000150,/path/to/IMA_dataset/ISIC_0000150.jpg,/path/to/IMA_dataset/ISIC_0000150_ST_ST_ST_ST.png,/path/to/IMA_dataset/ISIC_0000150_A04_T1_S2_545a4f61bae47821f880230a.png,1,Light
ISIC_0014775,/path/to/IMA_dataset/ISIC_0014775.jpg,/path/to/IMA_dataset/ISIC_0014775_A00_T2_S1_5841e96d9fc3c156c3ef481b.png,/path/to/IMA_dataset/ISIC_0014775_A00_T2_S1_5841e96d9fc3c156c3ef481b.png,1,Light
ISIC_0010087,/path/to/IMA_dataset/ISIC_0010087.jpg,/path/to/IMA_dataset/ISIC_0010087_A04_T3_S1_5594448c9fc3c13155bcae20.png,/path/to/IMA_dataset/ISIC_0010087_A04_T3_S1_5594448c9fc3c13155bcae20.png,1,Light
ISIC_0010261,/path/to/IMA_dataset/ISIC_0010261.jpg,/path/to/IMA_dataset/ISIC_0010261_A04_T3_S1_55a921909fc3c156bd715a47.png,/path/to/IMA_dataset/ISIC_0010261_A04_T3_S1_55a921909fc3c156bd715a47.png,1,Light
ISIC_0010591,/path/to/IMA_dataset/ISIC_0010591.jpg,/path/to/IMA_dataset/ISIC_0010591_ST_ST_ST_ST.png,/path/to/IMA_dataset/ISIC_0010591_A03_T1_S1_57be15bd9fc3c1434763a35f.png,1,Light
ISIC_0010254,/path/to/IMA_dataset/ISIC_0010254.jpg,/path/to/IMA_dataset/ISIC_0010254_A04_T1_S1_55a922a49fc3c156bd715a71.png,/path/to/IMA_dataset/ISIC_0010254_A04_T1_S1_55a922a49fc3c156bd715a71.png,1,Light
ISIC_0000022,/path/to/IMA_dataset/ISIC_0000022.jpg,/path/to/IMA_dataset/ISIC_0000022_ST_ST_ST_ST.png,/path/to/IMA_dataset/ISIC_0000022_A04_T3_S2_545be7e2bae47821f880248a.png,1,Light
ISIC_0010479,/path/to/IMA_dataset/ISIC_0010479.jpg,/path/to/IMA_dataset/ISIC_0010479_ST_ST_ST_ST.png,/path/to/IMA_dataset/ISIC_0010479_A04_T1_S1_55a7f9ce9fc3c156bd715651.png,1,Light
ISIC_0012810,/path/to/IMA_dataset/ISIC_0012810.jpg,/path/to/IMA_dataset/ISIC_0012810_A03_T3_S1_584723de9fc3c10f04859a95.png,/path/to/IMA_dataset/ISIC_0012810_A03_T3_S1_584723de9fc3c10f04859a95.png,1,Light
ISIC_0000501,/path/to/IMA_dataset/ISIC_0000501.jpg,/path/to/IMA_dataset/ISIC_0000501_A04_T3_S1_544eaab8bae478661558fb6f.png,/path/to/IMA_dataset/ISIC_0000501_A04_T3_S1_544eaab8bae478661558fb6f.png,2,Intermediate
ISIC_0009875,/path/to/IMA_dataset/ISIC_0009875.jpg,/path/to/IMA_dataset/ISIC_0009875_A04_T1_S1_559301009fc3c13155145f7d.png,/path/to/IMA_dataset/ISIC_0009875_A04_T1_S1_559301009fc3c13155145f7d.png,1,Light
ISIC_0000451,/path/to/IMA_dataset/ISIC_0000451.jpg,/path/to/IMA_dataset/ISIC_0000451_ST_ST_ST_ST.png,/path/to/IMA_dataset/ISIC_0000451_A04_T3_S2_54511e46bae47821f8801f83.png,1,Light
ISIC_0013150,/path/to/IMA_dataset/ISIC_0013150.jpg,/path/to/IMA_dataset/ISIC_0013150_A00_T2_S1_5841e4b79fc3c156c3ef3510.png,/path/to/IMA_dataset/ISIC_0013150_A00_T2_S1_5841e4b79fc3c156c3ef3510.png,1,Light
ISIC_0012107,/path/to/IMA_dataset/ISIC_0012107.jpg,/path/to/IMA_dataset/ISIC_0012107_A00_T2_S1_5841e2469fc3c156c3ef28d7.png,/path/to/IMA_dataset/ISIC_0012107_A00_T2_S1_5841e2469fc3c156c3ef28d7.png,1,Light
ISIC_0010234,/path/to/IMA_dataset/ISIC_0010234.jpg,/path/to/IMA_dataset/ISIC_0010234_ST_ST_ST_ST.png,/path/to/IMA_dataset/ISIC_0010234_A04_T3_S2_55a924f09fc3c156bd715ae9.png,1,Light
ISIC_0000361,/path/to/IMA_dataset/ISIC_0000361.jpg,/path/to/IMA_dataset/ISIC_0000361_A04_T1_S1_5453b45abae47821f8802091.png,/path/to/IMA_dataset/ISIC_0000361_A04_T1_S1_5453b45abae47821f8802091.png,1,Light
ISIC_0000263,/path/to/IMA_dataset/ISIC_0000263.jpg,/path/to/IMA_dataset/ISIC_0000263_A04_T3_S1_5457caeebae47821f88021b7.png,/path/to/IMA_dataset/ISIC_0000263_A04_T3_S1_5457caeebae47821f88021b7.png,0,Very Light
ISIC_0000112,/path/to/IMA_dataset/ISIC_0000112.jpg,/path/to/IMA_dataset/ISIC_0000112_ST_ST_ST_ST.png,/path/to/IMA_dataset/ISIC_0000112_A04_T1_S2_545a8d84bae47821f880237c.png,1,Light
ISIC_0013500,/path/to/IMA_dataset/ISIC_0013500.jpg,/path/to/IMA_dataset/ISIC_0013500_A00_T2_S1_5841e5a99fc3c156c3ef392a.png,/path/to/IMA_dataset/ISIC_0013500_A00_T2_S1_5841e5a99fc3c156c3ef392a.png,1,Light
ISIC_0010854,/path/to/IMA_dataset/ISIC_0010854.jpg,/path/to/IMA_dataset/ISIC_0010854_A04_T1_S1_55a699549fc3c156bd714d84.png,/path/to/IMA_dataset/ISIC_0010854_A04_T1_S1_55a699549fc3c156bd714d84.png,2,Intermediate
ISIC_0014066,/path/to/IMA_dataset/ISIC_0014066.jpg,/path/to/IMA_dataset/ISIC_0014066_A00_T2_S1_5841e7309fc3c156c3ef3fcc.png,/path/to/IMA_dataset/ISIC_0014066_A00_T2_S1_5841e7309fc3c156c3ef3fcc.png,2,Intermediate
ISIC_0013712,/path/to/IMA_dataset/ISIC_0013712.jpg,/path/to/IMA_dataset/ISIC_0013712_A00_T2_S1_5841e63b9fc3c156c3ef3ba6.png,/path/to/IMA_dataset/ISIC_0013712_A00_T2_S1_5841e63b9fc3c156c3ef3ba6.png,1,Light
ISIC_0013579,/path/to/IMA_dataset/ISIC_0013579.jpg,/path/to/IMA_dataset/ISIC_0013579_A00_T2_S1_5841e5df9fc3c156c3ef3a17.png,/path/to/IMA_dataset/ISIC_0013579_A00_T2_S1_5841e5df9fc3c156c3ef3a17.png,1,Light
ISIC_0014745,/path/to/IMA_dataset/ISIC_0014745.jpg,/path/to/IMA_dataset/ISIC_0014745_A00_T2_S1_5841e94a9fc3c156c3ef47c1.png,/path/to/IMA_dataset/ISIC_0014745_A00_T2_S1_5841e94a9fc3c156c3ef47c1.png,1,Light
ISIC_0014748,/path/to/IMA_dataset/ISIC_0014748.jpg,/path/to/IMA_dataset/ISIC_0014748_A00_T2_S1_5841e94e9fc3c156c3ef47ca.png,/path/to/IMA_dataset/ISIC_0014748_A00_T2_S1_5841e94e9fc3c156c3ef47ca.png,1,Light
ISIC_0000423,/path/to/IMA_dataset/ISIC_0000423.jpg,/path/to/IMA_dataset/ISIC_0000423_A04_T3_S1_54526559bae47821f8801fd7.png,/path/to/IMA_dataset/ISIC_0000423_A04_T3_S1_54526559bae47821f8801fd7.png,1,Light
ISIC_0012212,/path/to/IMA_dataset/ISIC_0012212.jpg,/path/to/IMA_dataset/ISIC_0012212_A00_T2_S1_5841e2819fc3c156c3ef2a12.png,/path/to/IMA_dataset/ISIC_0012212_A00_T2_S1_5841e2819fc3c156c3ef2a12.png,2,Intermediate
ISIC_0011145,/path/to/IMA_dataset/ISIC_0011145.jpg,/path/to/IMA_dataset/ISIC_0011145_A04_T1_S1_55a01bc89fc3c156bd7146b2.png,/path/to/IMA_dataset/ISIC_0011145_A04_T1_S1_55a01bc89fc3c156bd7146b2.png,2,Intermediate
ISIC_0013610,/path/to/IMA_dataset/ISIC_0013610.jpg,/path/to/IMA_dataset/ISIC_0013610_A00_T2_S1_5841e5f39fc3c156c3ef3a74.png,/path/to/IMA_dataset/ISIC_0013610_A00_T2_S1_5841e5f39fc3c156c3ef3a74.png,2,Intermediate
ISIC_0012770,/path/to/IMA_dataset/ISIC_0012770.jpg,/path/to/IMA_dataset/ISIC_0012770_A00_T2_S1_5841e3d09fc3c156c3ef309c.png,/path/to/IMA_dataset/ISIC_0012770_A00_T2_S1_5841e3d09fc3c156c3ef309c.png,1,Light
ISIC_0000354,/path/to/IMA_dataset/ISIC_0000354.jpg,/path/to/IMA_dataset/ISIC_0000354_ST_ST_ST_ST.png,/path/to/IMA_dataset/ISIC_0000354_A04_T3_S2_5453bb8abae47821f88020a6.png,1,Light
ISIC_0010177,/path/to/IMA_dataset/ISIC_0010177.jpg,/path/to/IMA_dataset/ISIC_0010177_A04_T3_S1_55a938d89fc3c156bd715c3f.png,/path/to/IMA_dataset/ISIC_0010177_A04_T3_S1_55a938d89fc3c156bd715c3f.png,1,Light
ISIC_0013429,/path/to/IMA_dataset/ISIC_0013429.jpg,/path/to/IMA_dataset/ISIC_0013429_A00_T2_S1_5841e5769fc3c156c3ef3855.png,/path/to/IMA_dataset/ISIC_0013429_A00_T2_S1_5841e5769fc3c156c3ef3855.png,2,Intermediate
ISIC_0014831,/path/to/IMA_dataset/ISIC_0014831.jpg,/path/to/IMA_dataset/ISIC_0014831_A00_T2_S1_5841e9ad9fc3c156c3ef48c3.png,/path/to/IMA_dataset/ISIC_0014831_A00_T2_S1_5841e9ad9fc3c156c3ef48c3.png,2,Intermediate
ISIC_0000093,/path/to/IMA_dataset/ISIC_0000093.jpg,/path/to/IMA_dataset/ISIC_0000093_A04_T3_S1_545b9f8dbae47821f88023b5.png,/path/to/IMA_dataset/ISIC_0000093_A04_T3_S1_545b9f8dbae47821f88023b5.png,2,Intermediate
ISIC_0011119,/path/to/IMA_dataset/ISIC_0011119.jpg,/path/to/IMA_dataset/ISIC_0011119_A04_T3_S1_55a01f2d9fc3c156bd71474e.png,/path/to/IMA_dataset/ISIC_0011119_A04_T3_S1_55a01f2d9fc3c156bd71474e.png,1,Light
ISIC_0014848,/path/to/IMA_dataset/ISIC_0014848.jpg,/path/to/IMA_dataset/ISIC_0014848_A00_T2_S1_5841e9c09fc3c156c3ef48f6.png,/path/to/IMA_dataset/ISIC_0014848_A00_T2_S1_5841e9c09fc3c156c3ef48f6.png,1,Light
ISIC_0000041,/path/to/IMA_dataset/ISIC_0000041.jpg,/path/to/IMA_dataset/ISIC_0000041_A04_T3_S1_545bd8a3bae47821f8802451.png,/path/to/IMA_dataset/ISIC_0000041_A04_T3_S1_545bd8a3bae47821f8802451.png,1,Light
ISIC_0011127,/path/to/IMA_dataset/ISIC_0011127.jpg,/path/to/IMA_dataset/ISIC_0011127_A04_T3_S1_55a01e1e9fc3c156bd71471e.png,/path/to/IMA_dataset/ISIC_0011127_A04_T3_S1_55a01e1e9fc3c156bd71471e.png,1,Light
ISIC_0015190,/path/to/IMA_dataset/ISIC_0015190.jpg,/path/to/IMA_dataset/ISIC_0015190_A00_T2_S1_5841eb579fc3c156c3ef4cf8.png,/path/to/IMA_dataset/ISIC_0015190_A00_T2_S1_5841eb579fc3c156c3ef4cf8.png,2,Intermediate
ISIC_0010207,/path/to/IMA_dataset/ISIC_0010207.jpg,/path/to/IMA_dataset/ISIC_0010207_A04_T3_S1_55a928c09fc3c156bd715b8b.png,/path/to/IMA_dataset/ISIC_0010207_A04_T3_S1_55a928c09fc3c156bd715b8b.png,2,Intermediate
ISIC_0011366,/path/to/IMA_dataset/ISIC_0011366.jpg,/path/to/IMA_dataset/ISIC_0011366_A04_T1_S1_55a947759fc3c156bd715d5f.png,/path/to/IMA_dataset/ISIC_0011366_A04_T1_S1_55a947759fc3c156bd715d5f.png,1,Light
ISIC_0013643,/path/to/IMA_dataset/ISIC_0013643.jpg,/path/to/IMA_dataset/ISIC_0013643_A00_T2_S1_5841e60b9fc3c156c3ef3ad7.png,/path/to/IMA_dataset/ISIC_0013643_A00_T2_S1_5841e60b9fc3c156c3ef3ad7.png,2,Intermediate
ISIC_0010100,/path/to/IMA_dataset/ISIC_0010100.jpg,/path/to/IMA_dataset/ISIC_0010100_ST_ST_ST_ST.png,/path/to/IMA_dataset/ISIC_0010100_A04_T3_S2_559441c39fc3c13155bcadd2.png,0,Very Light
ISIC_0010348,/path/to/IMA_dataset/ISIC_0010348.jpg,/path/to/IMA_dataset/ISIC_0010348_A04_T1_S1_55a914739fc3c156bd715963.png,/path/to/IMA_dataset/ISIC_0010348_A04_T1_S1_55a914739fc3c156bd715963.png,1,Light
ISIC_0000023,/path/to/IMA_dataset/ISIC_0000023.jpg,/path/to/IMA_dataset/ISIC_0000023_A04_T3_S1_545be779bae47821f8802487.png,/path/to/IMA_dataset/ISIC_0000023_A04_T3_S1_545be779bae47821f8802487.png,1,Light
ISIC_0009935,/path/to/IMA_dataset/ISIC_0009935.jpg,/path/to/IMA_dataset/ISIC_0009935_A04_T1_S1_5592f2d29fc3c13155145cba.png,/path/to/IMA_dataset/ISIC_0009935_A04_T1_S1_5592f2d29fc3c13155145cba.png,2,Intermediate
ISIC_0014088,/path/to/IMA_dataset/ISIC_0014088.jpg,/path/to/IMA_dataset/ISIC_0014088_A00_T2_S1_5841e7429fc3c156c3ef400e.png,/path/to/IMA_dataset/ISIC_0014088_A00_T2_S1_5841e7429fc3c156c3ef400e.png,2,Intermediate
ISIC_0002673,/path/to/IMA_dataset/ISIC_0002673.jpg,/path/to/IMA_dataset/ISIC_0002673_A05_T1_S1_55e9cc5e9fc3c1046f7c947b.png,/path/to/IMA_dataset/ISIC_0002673_A05_T1_S1_55e9cc5e9fc3c1046f7c947b.png,1,Light
ISIC_0000208,/path/to/IMA_dataset/ISIC_0000208.jpg,/path/to/IMA_dataset/ISIC_0000208_A04_T1_S1_5458faa8bae47821f880225c.png,/path/to/IMA_dataset/ISIC_0000208_A04_T1_S1_5458faa8bae47821f880225c.png,1,Light
ISIC_0012788,/path/to/IMA_dataset/ISIC_0012788.jpg,/path/to/IMA_dataset/ISIC_0012788_A00_T2_S1_5841e3db9fc3c156c3ef30d2.png,/path/to/IMA_dataset/ISIC_0012788_A00_T2_S1_5841e3db9fc3c156c3ef30d2.png,1,Light
ISIC_0002107,/path/to/IMA_dataset/ISIC_0002107.jpg,/path/to/IMA_dataset/ISIC_0002107_A01_T3_S1_55db6b1f9fc3c10470dbabc7.png,/path/to/IMA_dataset/ISIC_0002107_A02_T1_S1_57c050559fc3c158f2bd0e46.png,1,Light
ISIC_0000067,/path/to/IMA_dataset/ISIC_0000067.jpg,/path/to/IMA_dataset/ISIC_0000067_A04_T3_S1_545bcb03bae47821f8802403.png,/path/to/IMA_dataset/ISIC_0000067_A04_T3_S1_545bcb03bae47821f8802403.png,1,Light
ISIC_0012683,/path/to/IMA_dataset/ISIC_0012683.jpg,/path/to/IMA_dataset/ISIC_0012683_A00_T2_S1_5841e3a19fc3c156c3ef2f97.png,/path/to/IMA_dataset/ISIC_0012683_A00_T2_S1_5841e3a19fc3c156c3ef2f97.png,1,Light
ISIC_0010020,/path/to/IMA_dataset/ISIC_0010020.jpg,/path/to/IMA_dataset/ISIC_0010020_A04_T1_S1_5594568d9fc3c13155bcafb5.png,/path/to/IMA_dataset/ISIC_0010020_A04_T1_S1_5594568d9fc3c13155bcafb5.png,1,Light
ISIC_0000285,/path/to/IMA_dataset/ISIC_0000285.jpg,/path/to/IMA_dataset/ISIC_0000285_A04_T1_S1_5457b278bae47821f8802175.png,/path/to/IMA_dataset/ISIC_0000285_A04_T1_S1_5457b278bae47821f8802175.png,1,Light
ISIC_0014545,/path/to/IMA_dataset/ISIC_0014545.jpg,/path/to/IMA_dataset/ISIC_0014545_A00_T2_S1_5841e8a19fc3c156c3ef4569.png,/path/to/IMA_dataset/ISIC_0014545_A00_T2_S1_5841e8a19fc3c156c3ef4569.png,1,Light
ISIC_0011398,/path/to/IMA_dataset/ISIC_0011398.jpg,/path/to/IMA_dataset/ISIC_0011398_A04_T1_S1_55a93a509fc3c156bd715c9f.png,/path/to/IMA_dataset/ISIC_0011398_A04_T1_S1_55a93a509fc3c156bd715c9f.png,1,Light
ISIC_0014692,/path/to/IMA_dataset/ISIC_0014692.jpg,/path/to/IMA_dataset/ISIC_0014692_A00_T2_S1_5841e90e9fc3c156c3ef4722.png,/path/to/IMA_dataset/ISIC_0014692_A00_T2_S1_5841e90e9fc3c156c3ef4722.png,1,Light
ISIC_0007322,/path/to/IMA_dataset/ISIC_0007322.jpg,/path/to/IMA_dataset/ISIC_0007322_A02_T1_S1_5638d4459fc3c1045ec16010.png,/path/to/IMA_dataset/ISIC_0007322_A02_T1_S1_5638d4459fc3c1045ec16010.png,1,Light
ISIC_0013090,/path/to/IMA_dataset/ISIC_0013090.jpg,/path/to/IMA_dataset/ISIC_0013090_A00_T2_S1_5841e4949fc3c156c3ef345c.png,/path/to/IMA_dataset/ISIC_0013090_A00_T2_S1_5841e4949fc3c156c3ef345c.png,1,Light
ISIC_0013390,/path/to/IMA_dataset/ISIC_0013390.jpg,/path/to/IMA_dataset/ISIC_0013390_A00_T2_S1_5841e5599fc3c156c3ef37e0.png,/path/to/IMA_dataset/ISIC_0013390_A00_T2_S1_5841e5599fc3c156c3ef37e0.png,2,Intermediate
ISIC_0010000,/path/to/IMA_dataset/ISIC_0010000.jpg,/path/to/IMA_dataset/ISIC_0010000_A04_T3_S1_5592e1729fc3c13155145b34.png,/path/to/IMA_dataset/ISIC_0010000_A04_T3_S1_5592e1729fc3c13155145b34.png,1,Light
ISIC_0014578,/path/to/IMA_dataset/ISIC_0014578.jpg,/path/to/IMA_dataset/ISIC_0014578_A03_T1_S1_584711a09fc3c10f0485968b.png,/path/to/IMA_dataset/ISIC_0014578_A03_T1_S1_584711a09fc3c10f0485968b.png,1,Light
ISIC_0000495,/path/to/IMA_dataset/ISIC_0000495.jpg,/path/to/IMA_dataset/ISIC_0000495_ST_ST_ST_ST.png,/path/to/IMA_dataset/ISIC_0000495_A04_T3_S2_544eaeccbae478661558fb81.png,1,Light
ISIC_0013835,/path/to/IMA_dataset/ISIC_0013835.jpg,/path/to/IMA_dataset/ISIC_0013835_ST_ST_ST_ST.png,/path/to/IMA_dataset/ISIC_0013835_A03_T1_S1_584735ce9fc3c10f04859b00.png,2,Intermediate
ISIC_0000547,/path/to/IMA_dataset/ISIC_0000547.jpg,/path/to/IMA_dataset/ISIC_0000547_ST_ST_ST_ST.png,/path/to/IMA_dataset/ISIC_0000547_A04_T3_S2_5441209bbae478661558fae5.png,1,Light
ISIC_0000358,/path/to/IMA_dataset/ISIC_0000358.jpg,/path/to/IMA_dataset/ISIC_0000358_ST_ST_ST_ST.png,/path/to/IMA_dataset/ISIC_0000358_A04_T3_S2_5453b514bae47821f880209a.png,1,Light
ISIC_0013288,/path/to/IMA_dataset/ISIC_0013288.jpg,/path/to/IMA_dataset/ISIC_0013288_A00_T2_S1_5841e50d9fc3c156c3ef36ae.png,/path/to/IMA_dataset/ISIC_0013288_A00_T2_S1_5841e50d9fc3c156c3ef36ae.png,2,Intermediate
ISIC_0000508,/path/to/IMA_dataset/ISIC_0000508.jpg,/path/to/IMA_dataset/ISIC_0000508_A04_T3_S1_544ea75cbae478661558fb5a.png,/path/to/IMA_dataset/ISIC_0000508_A04_T3_S1_544ea75cbae478661558fb5a.png,1,Light
ISIC_0010846,/path/to/IMA_dataset/ISIC_0010846.jpg,/path/to/IMA_dataset/ISIC_0010846_ST_ST_ST_ST.png,/path/to/IMA_dataset/ISIC_0010846_A06_T1_S1_568b2f5b9fc3c126c063fea7.png,2,Intermediate
ISIC_0014069,/path/to/IMA_dataset/ISIC_0014069.jpg,/path/to/IMA_dataset/ISIC_0014069_ST_ST_ST_ST.png,/path/to/IMA_dataset/ISIC_0014069_A06_T1_S1_58473a1b9fc3c10f04859b2a.png,2,Intermediate
ISIC_0012741,/path/to/IMA_dataset/ISIC_0012741.jpg,/path/to/IMA_dataset/ISIC_0012741_A00_T2_S1_5841e3c09fc3c156c3ef3045.png,/path/to/IMA_dataset/ISIC_0012741_A00_T2_S1_5841e3c09fc3c156c3ef3045.png,1,Light
ISIC_0010066,/path/to/IMA_dataset/ISIC_0010066.jpg,/path/to/IMA_dataset/ISIC_0010066_A04_T3_S1_55944c7a9fc3c13155bcaea1.png,/path/to/IMA_dataset/ISIC_0010066_A04_T3_S1_55944c7a9fc3c13155bcaea1.png,1,Light
ISIC_0013335,/path/to/IMA_dataset/ISIC_0013335.jpg,/path/to/IMA_dataset/ISIC_0013335_A00_T2_S1_5841e5309fc3c156c3ef373b.png,/path/to/IMA_dataset/ISIC_0013335_A00_T2_S1_5841e5309fc3c156c3ef373b.png,2,Intermediate
ISIC_0014132,/path/to/IMA_dataset/ISIC_0014132.jpg,/path/to/IMA_dataset/ISIC_0014132_ST_ST_ST_ST.png,/path/to/IMA_dataset/ISIC_0014132_A06_T1_S1_58473bd59fc3c10f04859b43.png,2,Intermediate
ISIC_0015200,/path/to/IMA_dataset/ISIC_0015200.jpg,/path/to/IMA_dataset/ISIC_0015200_A00_T2_S1_5841eb629fc3c156c3ef4d16.png,/path/to/IMA_dataset/ISIC_0015200_A00_T2_S1_5841eb629fc3c156c3ef4d16.png,1,Light
ISIC_0011205,/path/to/IMA_dataset/ISIC_0011205.jpg,/path/to/IMA_dataset/ISIC_0011205_A04_T3_S1_559ff7c59fc3c156bd7143da.png,/path/to/IMA_dataset/ISIC_0011205_A04_T3_S1_559ff7c59fc3c156bd7143da.png,1,Light
ISIC_0014526,/path/to/IMA_dataset/ISIC_0014526.jpg,/path/to/IMA_dataset/ISIC_0014526_A00_T2_S1_5841e8939fc3c156c3ef4530.png,/path/to/IMA_dataset/ISIC_0014526_A00_T2_S1_5841e8939fc3c156c3ef4530.png,1,Light
ISIC_0012865,/path/to/IMA_dataset/ISIC_0012865.jpg,/path/to/IMA_dataset/ISIC_0012865_A00_T2_S1_5841e40a9fc3c156c3ef31b9.png,/path/to/IMA_dataset/ISIC_0012865_A00_T2_S1_5841e40a9fc3c156c3ef31b9.png,1,Light
ISIC_0010241,/path/to/IMA_dataset/ISIC_0010241.jpg,/path/to/IMA_dataset/ISIC_0010241_A04_T3_S1_55a924549fc3c156bd715abf.png,/path/to/IMA_dataset/ISIC_0010241_A04_T3_S1_55a924549fc3c156bd715abf.png,1,Light
ISIC_0014839,/path/to/IMA_dataset/ISIC_0014839.jpg,/path/to/IMA_dataset/ISIC_0014839_A00_T2_S1_5841e9b69fc3c156c3ef48db.png,/path/to/IMA_dataset/ISIC_0014839_A00_T2_S1_5841e9b69fc3c156c3ef48db.png,2,Intermediate
ISIC_0009872,/path/to/IMA_dataset/ISIC_0009872.jpg,/path/to/IMA_dataset/ISIC_0009872_ST_ST_ST_ST.png,/path/to/IMA_dataset/ISIC_0009872_A06_T1_S1_568bbc2e9fc3c126c063ff8b.png,2,Intermediate
ISIC_0013065,/path/to/IMA_dataset/ISIC_0013065.jpg,/path/to/IMA_dataset/ISIC_0013065_A03_T3_S1_584728a99fc3c10f04859abb.png,/path/to/IMA_dataset/ISIC_0013065_A03_T3_S1_584728a99fc3c10f04859abb.png,2,Intermediate
ISIC_0012655,/path/to/IMA_dataset/ISIC_0012655.jpg,/path/to/IMA_dataset/ISIC_0012655_A00_T2_S1_5841e3939fc3c156c3ef2f43.png,/path/to/IMA_dataset/ISIC_0012655_A00_T2_S1_5841e3939fc3c156c3ef2f43.png,1,Light
ISIC_0013395,/path/to/IMA_dataset/ISIC_0013395.jpg,/path/to/IMA_dataset/ISIC_0013395_A00_T2_S1_5841e55c9fc3c156c3ef37ef.png,/path/to/IMA_dataset/ISIC_0013395_A00_T2_S1_5841e55c9fc3c156c3ef37ef.png,1,Light
ISIC_0000391,/path/to/IMA_dataset/ISIC_0000391.jpg,/path/to/IMA_dataset/ISIC_0000391_ST_ST_ST_ST.png,/path/to/IMA_dataset/ISIC_0000391_A04_T3_S2_5452a281bae47821f8802037.png,1,Light
ISIC_0009972,/path/to/IMA_dataset/ISIC_0009972.jpg,/path/to/IMA_dataset/ISIC_0009972_ST_ST_ST_ST.png,/path/to/IMA_dataset/ISIC_0009972_A04_T3_S2_5592e4869fc3c13155145bdc.png,1,Light
ISIC_0013581,/path/to/IMA_dataset/ISIC_0013581.jpg,/path/to/IMA_dataset/ISIC_0013581_A00_T2_S1_5841e5e09fc3c156c3ef3a1d.png,/path/to/IMA_dataset/ISIC_0013581_A00_T2_S1_5841e5e09fc3c156c3ef3a1d.png,2,Intermediate
ISIC_0013495,/path/to/IMA_dataset/ISIC_0013495.jpg,/path/to/IMA_dataset/ISIC_0013495_A00_T2_S1_5841e5a59fc3c156c3ef391b.png,/path/to/IMA_dataset/ISIC_0013495_A00_T2_S1_5841e5a59fc3c156c3ef391b.png,2,Intermediate
ISIC_0000397,/path/to/IMA_dataset/ISIC_0000397.jpg,/path/to/IMA_dataset/ISIC_0000397_A04_T1_S1_54529d6bbae47821f8802025.png,/path/to/IMA_dataset/ISIC_0000397_A04_T1_S1_54529d6bbae47821f8802025.png,2,Intermediate
ISIC_0013000,/path/to/IMA_dataset/ISIC_0013000.jpg,/path/to/IMA_dataset/ISIC_0013000_ST_ST_ST_ST.png,/path/to/IMA_dataset/ISIC_0013000_A03_T1_S1_58472d689fc3c10f04859ad9.png,1,Light
ISIC_0013075,/path/to/IMA_dataset/ISIC_0013075.jpg,/path/to/IMA_dataset/ISIC_0013075_A00_T2_S1_5841e48b9fc3c156c3ef342f.png,/path/to/IMA_dataset/ISIC_0013075_A00_T2_S1_5841e48b9fc3c156c3ef342f.png,1,Light
ISIC_0014654,/path/to/IMA_dataset/ISIC_0014654.jpg,/path/to/IMA_dataset/ISIC_0014654_A03_T3_S1_5847146c9fc3c10f0485980b.png,/path/to/IMA_dataset/ISIC_0014654_A03_T3_S1_5847146c9fc3c10f0485980b.png,1,Light
ISIC_0013204,/path/to/IMA_dataset/ISIC_0013204.jpg,/path/to/IMA_dataset/ISIC_0013204_ST_ST_ST_ST.png,/path/to/IMA_dataset/ISIC_0013204_A00_T2_S1_5841e4d69fc3c156c3ef35b2.png,2,Intermediate
ISIC_0000108,/path/to/IMA_dataset/ISIC_0000108.jpg,/path/to/IMA_dataset/ISIC_0000108_A04_T3_S1_545a928dbae47821f8802388.png,/path/to/IMA_dataset/ISIC_0000108_A04_T3_S1_545a928dbae47821f8802388.png,1,Light
ISIC_0011298,/path/to/IMA_dataset/ISIC_0011298.jpg,/path/to/IMA_dataset/ISIC_0011298_A04_T3_S1_55a96ad79fc3c156bd715ef7.png,/path/to/IMA_dataset/ISIC_0011298_A04_T3_S1_55a96ad79fc3c156bd715ef7.png,1,Light
ISIC_0011303,/path/to/IMA_dataset/ISIC_0011303.jpg,/path/to/IMA_dataset/ISIC_0011303_A04_T1_S1_55a96a5a9fc3c156bd715ecd.png,/path/to/IMA_dataset/ISIC_0011303_A04_T1_S1_55a96a5a9fc3c156bd715ecd.png,1,Light
ISIC_0014685,/path/to/IMA_dataset/ISIC_0014685.jpg,/path/to/IMA_dataset/ISIC_0014685_A00_T2_S1_5841e9069fc3c156c3ef470d.png,/path/to/IMA_dataset/ISIC_0014685_A00_T2_S1_5841e9069fc3c156c3ef470d.png,1,Light
ISIC_0011347,/path/to/IMA_dataset/ISIC_0011347.jpg,/path/to/IMA_dataset/ISIC_0011347_A04_T1_S1_55a94cae9fc3c156bd715dc5.png,/path/to/IMA_dataset/ISIC_0011347_A04_T1_S1_55a94cae9fc3c156bd715dc5.png,1,Light
ISIC_0013819,/path/to/IMA_dataset/ISIC_0013819.jpg,/path/to/IMA_dataset/ISIC_0013819_A00_T2_S1_5841e6839fc3c156c3ef3ce7.png,/path/to/IMA_dataset/ISIC_0013819_A00_T2_S1_5841e6839fc3c156c3ef3ce7.png,1,Light
ISIC_0006711,/path/to/IMA_dataset/ISIC_0006711.jpg,/path/to/IMA_dataset/ISIC_0006711_A07_T1_S1_566361819fc3c147bbd6ab18.png,/path/to/IMA_dataset/ISIC_0006711_A07_T1_S1_566361819fc3c147bbd6ab18.png,1,Light
ISIC_0014890,/path/to/IMA_dataset/ISIC_0014890.jpg,/path/to/IMA_dataset/ISIC_0014890_A00_T2_S1_5841e9ef9fc3c156c3ef4974.png,/path/to/IMA_dataset/ISIC_0014890_A00_T2_S1_5841e9ef9fc3c156c3ef4974.png,2,Intermediate
ISIC_0000282,/path/to/IMA_dataset/ISIC_0000282.jpg,/path/to/IMA_dataset/ISIC_0000282_A04_T1_S1_5457b3cbbae47821f880217e.png,/path/to/IMA_dataset/ISIC_0000282_A04_T1_S1_5457b3cbbae47821f880217e.png,1,Light
ISIC_0013193,/path/to/IMA_dataset/ISIC_0013193.jpg,/path/to/IMA_dataset/ISIC_0013193_ST_ST_ST_ST.png,/path/to/IMA_dataset/ISIC_0013193_A06_T1_S1_58473d0e9fc3c10f04859b57.png,1,Light
ISIC_0014576,/path/to/IMA_dataset/ISIC_0014576.jpg,/path/to/IMA_dataset/ISIC_0014576_A00_T2_S1_5841e8b69fc3c156c3ef45c6.png,/path/to/IMA_dataset/ISIC_0014576_A00_T2_S1_5841e8b69fc3c156c3ef45c6.png,1,Light
ISIC_0000359,/path/to/IMA_dataset/ISIC_0000359.jpg,/path/to/IMA_dataset/ISIC_0000359_A04_T1_S1_5453b4d9bae47821f8802097.png,/path/to/IMA_dataset/ISIC_0000359_A04_T1_S1_5453b4d9bae47821f8802097.png,1,Light
ISIC_0014080,/path/to/IMA_dataset/ISIC_0014080.jpg,/path/to/IMA_dataset/ISIC_0014080_A00_T2_S1_5841e73c9fc3c156c3ef3ff6.png,/path/to/IMA_dataset/ISIC_0014080_A00_T2_S1_5841e73c9fc3c156c3ef3ff6.png,2,Intermediate
ISIC_0003728,/path/to/IMA_dataset/ISIC_0003728.jpg,/path/to/IMA_dataset/ISIC_0003728_A05_T3_S1_55ddcf6e9fc3c10470dbeb76.png,/path/to/IMA_dataset/ISIC_0003728_A05_T3_S1_55ddcf6e9fc3c10470dbeb76.png,3,Tan
ISIC_0013596,/path/to/IMA_dataset/ISIC_0013596.jpg,/path/to/IMA_dataset/ISIC_0013596_ST_ST_ST_ST.png,/path/to/IMA_dataset/ISIC_0013596_A03_T1_S1_584738209fc3c10f04859b11.png,3,Tan
ISIC_0014393,/path/to/IMA_dataset/ISIC_0014393.jpg,/path/to/IMA_dataset/ISIC_0014393_A03_T1_S1_584736159fc3c10f04859b02.png,/path/to/IMA_dataset/ISIC_0014393_A03_T1_S1_584736159fc3c10f04859b02.png,2,Intermediate
ISIC_0010851,/path/to/IMA_dataset/ISIC_0010851.jpg,/path/to/IMA_dataset/ISIC_0010851_A04_T3_S1_55a699939fc3c156bd714d96.png,/path/to/IMA_dataset/ISIC_0010851_A04_T3_S1_55a699939fc3c156bd714d96.png,0,Very Light
ISIC_0010360,/path/to/IMA_dataset/ISIC_0010360.jpg,/path/to/IMA_dataset/ISIC_0010360_ST_ST_ST_ST.png,/path/to/IMA_dataset/ISIC_0010360_A04_T1_S1_55a912479fc3c156bd71591b.png,1,Light
ISIC_0012673,/path/to/IMA_dataset/ISIC_0012673.jpg,/path/to/IMA_dataset/ISIC_0012673_A00_T2_S1_5841e39c9fc3c156c3ef2f79.png,/path/to/IMA_dataset/ISIC_0012673_A00_T2_S1_5841e39c9fc3c156c3ef2f79.png,1,Light
ISIC_0014834,/path/to/IMA_dataset/ISIC_0014834.jpg,/path/to/IMA_dataset/ISIC_0014834_A00_T2_S1_5841e9b09fc3c156c3ef48cc.png,/path/to/IMA_dataset/ISIC_0014834_A00_T2_S1_5841e9b09fc3c156c3ef48cc.png,2,Intermediate
ISIC_0012891,/path/to/IMA_dataset/ISIC_0012891.jpg,/path/to/IMA_dataset/ISIC_0012891_A00_T2_S1_5841e4199fc3c156c3ef3207.png,/path/to/IMA_dataset/ISIC_0012891_A00_T2_S1_5841e4199fc3c156c3ef3207.png,1,Light
ISIC_0013365,/path/to/IMA_dataset/ISIC_0013365.jpg,/path/to/IMA_dataset/ISIC_0013365_A00_T2_S1_5841e5479fc3c156c3ef3795.png,/path/to/IMA_dataset/ISIC_0013365_A00_T2_S1_5841e5479fc3c156c3ef3795.png,2,Intermediate
ISIC_0014903,/path/to/IMA_dataset/ISIC_0014903.jpg,/path/to/IMA_dataset/ISIC_0014903_A00_T2_S1_5841e9fe9fc3c156c3ef499b.png,/path/to/IMA_dataset/ISIC_0014903_A00_T2_S1_5841e9fe9fc3c156c3ef499b.png,1,Light
ISIC_0000000,/path/to/IMA_dataset/ISIC_0000000.jpg,/path/to/IMA_dataset/ISIC_0000000_A04_T3_S1_5463934bbae47821f88025ad.png,/path/to/IMA_dataset/ISIC_0000000_A04_T3_S1_5463934bbae47821f88025ad.png,0,Very Light
ISIC_0000255,/path/to/IMA_dataset/ISIC_0000255.jpg,/path/to/IMA_dataset/ISIC_0000255_A04_T3_S1_5457cf9dbae47821f88021cf.png,/path/to/IMA_dataset/ISIC_0000255_A04_T3_S1_5457cf9dbae47821f88021cf.png,1,Light
ISIC_0012141,/path/to/IMA_dataset/ISIC_0012141.jpg,/path/to/IMA_dataset/ISIC_0012141_A00_T2_S1_5841e2599fc3c156c3ef293d.png,/path/to/IMA_dataset/ISIC_0012141_A00_T2_S1_5841e2599fc3c156c3ef293d.png,2,Intermediate
ISIC_0009870,/path/to/IMA_dataset/ISIC_0009870.jpg,/path/to/IMA_dataset/ISIC_0009870_ST_ST_ST_ST.png,/path/to/IMA_dataset/ISIC_0009870_A04_T3_S2_559301619fc3c13155145f9b.png,2,Intermediate
ISIC_0000379,/path/to/IMA_dataset/ISIC_0000379.jpg,/path/to/IMA_dataset/ISIC_0000379_A04_T1_S1_54539e21bae47821f880205b.png,/path/to/IMA_dataset/ISIC_0000379_A04_T1_S1_54539e21bae47821f880205b.png,1,Light
ISIC_0010013,/path/to/IMA_dataset/ISIC_0010013.jpg,/path/to/IMA_dataset/ISIC_0010013_ST_ST_ST_ST.png,/path/to/IMA_dataset/ISIC_0010013_A03_T1_S1_57be13229fc3c1434763a348.png,1,Light
ISIC_0000528,/path/to/IMA_dataset/ISIC_0000528.jpg,/path/to/IMA_dataset/ISIC_0000528_ST_ST_ST_ST.png,/path/to/IMA_dataset/ISIC_0000528_A04_T3_S2_544a944ebae478661558fb1e.png,1,Light
ISIC_0014189,/path/to/IMA_dataset/ISIC_0014189.jpg,/path/to/IMA_dataset/ISIC_0014189_ST_ST_ST_ST.png,/path/to/IMA_dataset/ISIC_0014189_A00_T2_S1_5841e78f9fc3c156c3ef413d.png,2,Intermediate
ISIC_0011114,/path/to/IMA_dataset/ISIC_0011114.jpg,/path/to/IMA_dataset/ISIC_0011114_A04_T1_S1_55a01fa69fc3c156bd71476c.png,/path/to/IMA_dataset/ISIC_0011114_A04_T1_S1_55a01fa69fc3c156bd71476c.png,1,Light
ISIC_0000098,/path/to/IMA_dataset/ISIC_0000098.jpg,/path/to/IMA_dataset/ISIC_0000098_A04_T3_S1_545b9db4bae47821f88023a6.png,/path/to/IMA_dataset/ISIC_0000098_A04_T3_S1_545b9db4bae47821f88023a6.png,1,Light
ISIC_0010024,/path/to/IMA_dataset/ISIC_0010024.jpg,/path/to/IMA_dataset/ISIC_0010024_ST_ST_ST_ST.png,/path/to/IMA_dataset/ISIC_0010024_A04_T3_S2_559456009fc3c13155bcaf9d.png,1,Light
ISIC_0007475,/path/to/IMA_dataset/ISIC_0007475.jpg,/path/to/IMA_dataset/ISIC_0007475_A07_T1_S1_56661e859fc3c12067285241.png,/path/to/IMA_dataset/ISIC_0007475_A07_T1_S1_56661e859fc3c12067285241.png,2,Intermediate
ISIC_0000523,/path/to/IMA_dataset/ISIC_0000523.jpg,/path/to/IMA_dataset/ISIC_0000523_A04_T3_S1_544e6338bae478661558fb2d.png,/path/to/IMA_dataset/ISIC_0000523_A04_T3_S1_544e6338bae478661558fb2d.png,2,Intermediate
ISIC_0010599,/path/to/IMA_dataset/ISIC_0010599.jpg,/path/to/IMA_dataset/ISIC_0010599_A04_T3_S1_55a7d67c9fc3c156bd715381.png,/path/to/IMA_dataset/ISIC_0010599_A04_T3_S1_55a7d67c9fc3c156bd715381.png,1,Light
ISIC_0000029,/path/to/IMA_dataset/ISIC_0000029.jpg,/path/to/IMA_dataset/ISIC_0000029_A04_T3_S1_545be332bae47821f8802475.png,/path/to/IMA_dataset/ISIC_0000029_A04_T3_S1_545be332bae47821f8802475.png,1,Light
ISIC_0001140,/path/to/IMA_dataset/ISIC_0001140.jpg,/path/to/IMA_dataset/ISIC_0001140_A04_T3_S1_54e76036bae47850e86ce17b.png,/path/to/IMA_dataset/ISIC_0001140_A04_T3_S1_54e76036bae47850e86ce17b.png,1,Light
ISIC_0013706,/path/to/IMA_dataset/ISIC_0013706.jpg,/path/to/IMA_dataset/ISIC_0013706_A03_T1_S1_5847279f9fc3c10f04859ab5.png,/path/to/IMA_dataset/ISIC_0013706_A03_T1_S1_5847279f9fc3c10f04859ab5.png,1,Light
ISIC_0014830,/path/to/IMA_dataset/ISIC_0014830.jpg,/path/to/IMA_dataset/ISIC_0014830_ST_ST_ST_ST.png,/path/to/IMA_dataset/ISIC_0014830_A09_T1_S1_5847127e9fc3c10f04859741.png,2,Intermediate
ISIC_0013675,/path/to/IMA_dataset/ISIC_0013675.jpg,/path/to/IMA_dataset/ISIC_0013675_A00_T2_S1_5841e6229fc3c156c3ef3b37.png,/path/to/IMA_dataset/ISIC_0013675_A00_T2_S1_5841e6229fc3c156c3ef3b37.png,2,Intermediate
ISIC_0014838,/path/to/IMA_dataset/ISIC_0014838.jpg,/path/to/IMA_dataset/ISIC_0014838_A00_T2_S1_5841e9b59fc3c156c3ef48d8.png,/path/to/IMA_dataset/ISIC_0014838_A00_T2_S1_5841e9b59fc3c156c3ef48d8.png,1,Light
ISIC_0014762,/path/to/IMA_dataset/ISIC_0014762.jpg,/path/to/IMA_dataset/ISIC_0014762_A00_T2_S1_5841e95e9fc3c156c3ef47f4.png,/path/to/IMA_dataset/ISIC_0014762_A00_T2_S1_5841e95e9fc3c156c3ef47f4.png,1,Light
ISIC_0000136,/path/to/IMA_dataset/ISIC_0000136.jpg,/path/to/IMA_dataset/ISIC_0000136_A04_T1_S1_545a6590bae47821f8802334.png,/path/to/IMA_dataset/ISIC_0000136_A04_T1_S1_545a6590bae47821f8802334.png,0,Very Light
ISIC_0011167,/path/to/IMA_dataset/ISIC_0011167.jpg,/path/to/IMA_dataset/ISIC_0011167_A04_T1_S1_55a008079fc3c156bd714609.png,/path/to/IMA_dataset/ISIC_0011167_A04_T1_S1_55a008079fc3c156bd714609.png,1,Light
ISIC_0012772,/path/to/IMA_dataset/ISIC_0012772.jpg,/path/to/IMA_dataset/ISIC_0012772_A00_T2_S1_5841e3d19fc3c156c3ef30a2.png,/path/to/IMA_dataset/ISIC_0012772_A00_T2_S1_5841e3d19fc3c156c3ef30a2.png,2,Intermediate
ISIC_0002976,/path/to/IMA_dataset/ISIC_0002976.jpg,/path/to/IMA_dataset/ISIC_0002976_A02_T3_S1_560189f09fc3c10ee6f161d5.png,/path/to/IMA_dataset/ISIC_0002976_A02_T3_S1_560189f09fc3c10ee6f161d5.png,1,Light
ISIC_0000533,/path/to/IMA_dataset/ISIC_0000533.jpg,/path/to/IMA_dataset/ISIC_0000533_ST_ST_ST_ST.png,/path/to/IMA_dataset/ISIC_0000533_A04_T3_S2_544a8dafbae478661558fb0f.png,2,Intermediate
ISIC_0000191,/path/to/IMA_dataset/ISIC_0000191.jpg,/path/to/IMA_dataset/ISIC_0000191_A04_T1_S1_5459078dbae47821f880228f.png,/path/to/IMA_dataset/ISIC_0000191_A04_T1_S1_5459078dbae47821f880228f.png,1,Light
ISIC_0000325,/path/to/IMA_dataset/ISIC_0000325.jpg,/path/to/IMA_dataset/ISIC_0000325_ST_ST_ST_ST.png,/path/to/IMA_dataset/ISIC_0000325_A04_T3_S2_5453d0a4bae47821f88020fd.png,1,Light
ISIC_0000222,/path/to/IMA_dataset/ISIC_0000222.jpg,/path/to/IMA_dataset/ISIC_0000222_A04_T3_S1_5457fb4bbae47821f8802232.png,/path/to/IMA_dataset/ISIC_0000222_A04_T3_S1_5457fb4bbae47821f8802232.png,1,Light
ISIC_0011211,/path/to/IMA_dataset/ISIC_0011211.jpg,/path/to/IMA_dataset/ISIC_0011211_A04_T3_S1_559ff52c9fc3c156bd71436e.png,/path/to/IMA_dataset/ISIC_0011211_A04_T3_S1_559ff52c9fc3c156bd71436e.png,1,Light
ISIC_0012669,/path/to/IMA_dataset/ISIC_0012669.jpg,/path/to/IMA_dataset/ISIC_0012669_ST_ST_ST_ST.png,/path/to/IMA_dataset/ISIC_0012669_A00_T2_S1_5841e39a9fc3c156c3ef2f6d.png,0,Very Light
ISIC_0010201,/path/to/IMA_dataset/ISIC_0010201.jpg,/path/to/IMA_dataset/ISIC_0010201_ST_ST_ST_ST.png,/path/to/IMA_dataset/ISIC_0010201_A04_T3_S1_55a9297d9fc3c156bd715baf.png,1,Light
ISIC_0010552,/path/to/IMA_dataset/ISIC_0010552.jpg,/path/to/IMA_dataset/ISIC_0010552_A04_T3_S1_55a7e28b9fc3c156bd71549b.png,/path/to/IMA_dataset/ISIC_0010552_A04_T3_S1_55a7e28b9fc3c156bd71549b.png,1,Light
ISIC_0000155,/path/to/IMA_dataset/ISIC_0000155.jpg,/path/to/IMA_dataset/ISIC_0000155_A04_T1_S1_54594109bae47821f88022fb.png,/path/to/IMA_dataset/ISIC_0000155_A04_T1_S1_54594109bae47821f88022fb.png,0,Very Light
ISIC_0012363,/path/to/IMA_dataset/ISIC_0012363.jpg,/path/to/IMA_dataset/ISIC_0012363_ST_ST_ST_ST.png,/path/to/IMA_dataset/ISIC_0012363_A03_T3_S1_58472e299fc3c10f04859adf.png,2,Intermediate
ISIC_0014722,/path/to/IMA_dataset/ISIC_0014722.jpg,/path/to/IMA_dataset/ISIC_0014722_A00_T2_S1_5841e9309fc3c156c3ef477c.png,/path/to/IMA_dataset/ISIC_0014722_A00_T2_S1_5841e9309fc3c156c3ef477c.png,1,Light
ISIC_0000219,/path/to/IMA_dataset/ISIC_0000219.jpg,/path/to/IMA_dataset/ISIC_0000219_A04_T1_S1_5457fc17bae47821f880223b.png,/path/to/IMA_dataset/ISIC_0000219_A04_T1_S1_5457fc17bae47821f880223b.png,1,Light
ISIC_0010443,/path/to/IMA_dataset/ISIC_0010443.jpg,/path/to/IMA_dataset/ISIC_0010443_A04_T3_S1_55a802869fc3c156bd715729.png,/path/to/IMA_dataset/ISIC_0010443_A04_T3_S1_55a802869fc3c156bd715729.png,1,Light
ISIC_0000461,/path/to/IMA_dataset/ISIC_0000461.jpg,/path/to/IMA_dataset/ISIC_0000461_A04_T3_S1_54511315bae47821f8801f65.png,/path/to/IMA_dataset/ISIC_0000461_A04_T3_S1_54511315bae47821f8801f65.png,1,Light
ISIC_0000116,/path/to/IMA_dataset/ISIC_0000116.jpg,/path/to/IMA_dataset/ISIC_0000116_A04_T1_S1_545a8bcdbae47821f8802370.png,/path/to/IMA_dataset/ISIC_0000116_A04_T1_S1_545a8bcdbae47821f8802370.png,1,Light
ISIC_0000460,/path/to/IMA_dataset/ISIC_0000460.jpg,/path/to/IMA_dataset/ISIC_0000460_A04_T3_S1_54511342bae47821f8801f68.png,/path/to/IMA_dataset/ISIC_0000460_A04_T3_S1_54511342bae47821f8801f68.png,1,Light
ISIC_0000095,/path/to/IMA_dataset/ISIC_0000095.jpg,/path/to/IMA_dataset/ISIC_0000095_A04_T1_S1_545b9f0cbae47821f88023af.png,/path/to/IMA_dataset/ISIC_0000095_A04_T1_S1_545b9f0cbae47821f88023af.png,1,Light
ISIC_0014289,/path/to/IMA_dataset/ISIC_0014289.jpg,/path/to/IMA_dataset/ISIC_0014289_A00_T2_S1_5841e7df9fc3c156c3ef4269.png,/path/to/IMA_dataset/ISIC_0014289_A00_T2_S1_5841e7df9fc3c156c3ef4269.png,1,Light
ISIC_0012681,/path/to/IMA_dataset/ISIC_0012681.jpg,/path/to/IMA_dataset/ISIC_0012681_A00_T2_S1_5841e3a09fc3c156c3ef2f91.png,/path/to/IMA_dataset/ISIC_0012681_A00_T2_S1_5841e3a09fc3c156c3ef2f91.png,1,Light
ISIC_0009947,/path/to/IMA_dataset/ISIC_0009947.jpg,/path/to/IMA_dataset/ISIC_0009947_ST_ST_ST_ST.png,/path/to/IMA_dataset/ISIC_0009947_A04_T3_S2_5592f16c9fc3c13155145c72.png,1,Light
ISIC_0000021,/path/to/IMA_dataset/ISIC_0000021.jpg,/path/to/IMA_dataset/ISIC_0000021_A04_T3_S1_545be818bae47821f880248d.png,/path/to/IMA_dataset/ISIC_0000021_A04_T3_S1_545be818bae47821f880248d.png,1,Light
ISIC_0000442,/path/to/IMA_dataset/ISIC_0000442.jpg,/path/to/IMA_dataset/ISIC_0000442_ST_ST_ST_ST.png,/path/to/IMA_dataset/ISIC_0000442_A04_T3_S2_545129d4bae47821f8801f9e.png,1,Light
ISIC_0013258,/path/to/IMA_dataset/ISIC_0013258.jpg,/path/to/IMA_dataset/ISIC_0013258_A00_T2_S1_5841e4f79fc3c156c3ef3654.png,/path/to/IMA_dataset/ISIC_0013258_A00_T2_S1_5841e4f79fc3c156c3ef3654.png,2,Intermediate
ISIC_0014395,/path/to/IMA_dataset/ISIC_0014395.jpg,/path/to/IMA_dataset/ISIC_0014395_A00_T2_S1_5841e8309fc3c156c3ef43a7.png,/path/to/IMA_dataset/ISIC_0014395_A00_T2_S1_5841e8309fc3c156c3ef43a7.png,1,Light
ISIC_0010216,/path/to/IMA_dataset/ISIC_0010216.jpg,/path/to/IMA_dataset/ISIC_0010216_ST_ST_ST_ST.png,/path/to/IMA_dataset/ISIC_0010216_A03_T1_S1_57be14c49fc3c1434763a357.png,1,Light
ISIC_0012877,/path/to/IMA_dataset/ISIC_0012877.jpg,/path/to/IMA_dataset/ISIC_0012877_ST_ST_ST_ST.png,/path/to/IMA_dataset/ISIC_0012877_A00_T2_S1_5841e4129fc3c156c3ef31dd.png,1,Light
ISIC_0014031,/path/to/IMA_dataset/ISIC_0014031.jpg,/path/to/IMA_dataset/ISIC_0014031_A03_T3_S1_5847235f9fc3c10f04859a93.png,/path/to/IMA_dataset/ISIC_0014031_A03_T3_S1_5847235f9fc3c10f04859a93.png,1,Light
ISIC_0015038,/path/to/IMA_dataset/ISIC_0015038.jpg,/path/to/IMA_dataset/ISIC_0015038_A00_T2_S1_5841eaa19fc3c156c3ef4b30.png,/path/to/IMA_dataset/ISIC_0015038_A00_T2_S1_5841eaa19fc3c156c3ef4b30.png,1,Light
ISIC_0010565,/path/to/IMA_dataset/ISIC_0010565.jpg,/path/to/IMA_dataset/ISIC_0010565_A04_T1_S1_55a7e01d9fc3c156bd71544d.png,/path/to/IMA_dataset/ISIC_0010565_A04_T1_S1_55a7e01d9fc3c156bd71544d.png,2,Intermediate
ISIC_0014360,/path/to/IMA_dataset/ISIC_0014360.jpg,/path/to/IMA_dataset/ISIC_0014360_A00_T2_S1_5841e8159fc3c156c3ef433e.png,/path/to/IMA_dataset/ISIC_0014360_A00_T2_S1_5841e8159fc3c156c3ef433e.png,2,Intermediate
ISIC_0012150,/path/to/IMA_dataset/ISIC_0012150.jpg,/path/to/IMA_dataset/ISIC_0012150_A00_T2_S1_5841e25e9fc3c156c3ef2958.png,/path/to/IMA_dataset/ISIC_0012150_A00_T2_S1_5841e25e9fc3c156c3ef2958.png,1,Light
ISIC_0013040,/path/to/IMA_dataset/ISIC_0013040.jpg,/path/to/IMA_dataset/ISIC_0013040_A00_T2_S1_5841e4749fc3c156c3ef33c6.png,/path/to/IMA_dataset/ISIC_0013040_A00_T2_S1_5841e4749fc3c156c3ef33c6.png,2,Intermediate
ISIC_0013238,/path/to/IMA_dataset/ISIC_0013238.jpg,/path/to/IMA_dataset/ISIC_0013238_A00_T2_S1_5841e4eb9fc3c156c3ef3618.png,/path/to/IMA_dataset/ISIC_0013238_A00_T2_S1_5841e4eb9fc3c156c3ef3618.png,2,Intermediate
ISIC_0000237,/path/to/IMA_dataset/ISIC_0000237.jpg,/path/to/IMA_dataset/ISIC_0000237_A04_T1_S1_5457f409bae47821f8802205.png,/path/to/IMA_dataset/ISIC_0000237_A04_T1_S1_5457f409bae47821f8802205.png,1,Light
ISIC_0012911,/path/to/IMA_dataset/ISIC_0012911.jpg,/path/to/IMA_dataset/ISIC_0012911_ST_ST_ST_ST.png,/path/to/IMA_dataset/ISIC_0012911_A03_T1_S1_584729f79fc3c10f04859ac9.png,2,Intermediate
ISIC_0000403,/path/to/IMA_dataset/ISIC_0000403.jpg,/path/to/IMA_dataset/ISIC_0000403_A04_T3_S1_54527788bae47821f8802013.png,/path/to/IMA_dataset/ISIC_0000403_A04_T3_S1_54527788bae47821f8802013.png,1,Light
ISIC_0013320,/path/to/IMA_dataset/ISIC_0013320.jpg,/path/to/IMA_dataset/ISIC_0013320_A00_T2_S1_5841e5259fc3c156c3ef370e.png,/path/to/IMA_dataset/ISIC_0013320_A00_T2_S1_5841e5259fc3c156c3ef370e.png,1,Light
ISIC_0010249,/path/to/IMA_dataset/ISIC_0010249.jpg,/path/to/IMA_dataset/ISIC_0010249_A04_T1_S1_55a923599fc3c156bd715a8f.png,/path/to/IMA_dataset/ISIC_0010249_A04_T1_S1_55a923599fc3c156bd715a8f.png,1,Light
ISIC_0011344,/path/to/IMA_dataset/ISIC_0011344.jpg,/path/to/IMA_dataset/ISIC_0011344_ST_ST_ST_ST.png,/path/to/IMA_dataset/ISIC_0011344_A03_T1_S1_57be181f9fc3c1434763a372.png,1,Light
ISIC_0010011,/path/to/IMA_dataset/ISIC_0010011.jpg,/path/to/IMA_dataset/ISIC_0010011_A04_T1_S1_5592e0089fc3c13155145af2.png,/path/to/IMA_dataset/ISIC_0010011_A04_T1_S1_5592e0089fc3c13155145af2.png,1,Light
ISIC_0009915,/path/to/IMA_dataset/ISIC_0009915.jpg,/path/to/IMA_dataset/ISIC_0009915_A04_T1_S1_5592f9309fc3c13155145d32.png,/path/to/IMA_dataset/ISIC_0009915_A04_T1_S1_5592f9309fc3c13155145d32.png,0,Very Light
ISIC_0012785,/path/to/IMA_dataset/ISIC_0012785.jpg,/path/to/IMA_dataset/ISIC_0012785_A03_T1_S1_58473e749fc3c10f04859b6d.png,/path/to/IMA_dataset/ISIC_0012785_A03_T1_S1_58473e749fc3c10f04859b6d.png,1,Light
ISIC_0011358,/path/to/IMA_dataset/ISIC_0011358.jpg,/path/to/IMA_dataset/ISIC_0011358_A04_T3_S1_55a948159fc3c156bd715d8f.png,/path/to/IMA_dataset/ISIC_0011358_A04_T3_S1_55a948159fc3c156bd715d8f.png,1,Light
ISIC_0011204,/path/to/IMA_dataset/ISIC_0011204.jpg,/path/to/IMA_dataset/ISIC_0011204_A04_T1_S1_559ff7de9fc3c156bd7143ec.png,/path/to/IMA_dataset/ISIC_0011204_A04_T1_S1_559ff7de9fc3c156bd7143ec.png,2,Intermediate
ISIC_0000258,/path/to/IMA_dataset/ISIC_0000258.jpg,/path/to/IMA_dataset/ISIC_0000258_ST_ST_ST_ST.png,/path/to/IMA_dataset/ISIC_0000258_A04_T1_S2_5457cda6bae47821f88021c6.png,1,Light
ISIC_0000515,/path/to/IMA_dataset/ISIC_0000515.jpg,/path/to/IMA_dataset/ISIC_0000515_ST_ST_ST_ST.png,/path/to/IMA_dataset/ISIC_0000515_A04_T3_S2_544e6c7fbae478661558fb45.png,1,Light
ISIC_0012433,/path/to/IMA_dataset/ISIC_0012433.jpg,/path/to/IMA_dataset/ISIC_0012433_A09_T1_S1_5847228e9fc3c10f04859a88.png,/path/to/IMA_dataset/ISIC_0012433_A09_T1_S1_5847228e9fc3c10f04859a88.png,1,Light
ISIC_0013371,/path/to/IMA_dataset/ISIC_0013371.jpg,/path/to/IMA_dataset/ISIC_0013371_A00_T2_S1_5841e54b9fc3c156c3ef37a7.png,/path/to/IMA_dataset/ISIC_0013371_A00_T2_S1_5841e54b9fc3c156c3ef37a7.png,2,Intermediate
ISIC_0011121,/path/to/IMA_dataset/ISIC_0011121.jpg,/path/to/IMA_dataset/ISIC_0011121_ST_ST_ST_ST.png,/path/to/IMA_dataset/ISIC_0011121_A04_T1_S1_55a01ee49fc3c156bd714742.png,0,Very Light
ISIC_0011117,/path/to/IMA_dataset/ISIC_0011117.jpg,/path/to/IMA_dataset/ISIC_0011117_A04_T1_S1_55a01f579fc3c156bd71475a.png,/path/to/IMA_dataset/ISIC_0011117_A04_T1_S1_55a01f579fc3c156bd71475a.png,2,Intermediate
ISIC_0000278,/path/to/IMA_dataset/ISIC_0000278.jpg,/path/to/IMA_dataset/ISIC_0000278_ST_ST_ST_ST.png,/path/to/IMA_dataset/ISIC_0000278_A04_T3_S2_5457ba17bae47821f880218a.png,1,Light
ISIC_0012685,/path/to/IMA_dataset/ISIC_0012685.jpg,/path/to/IMA_dataset/ISIC_0012685_A00_T2_S1_5841e3a29fc3c156c3ef2f9d.png,/path/to/IMA_dataset/ISIC_0012685_A00_T2_S1_5841e3a29fc3c156c3ef2f9d.png,1,Light
ISIC_0013635,/path/to/IMA_dataset/ISIC_0013635.jpg,/path/to/IMA_dataset/ISIC_0013635_A00_T2_S1_5841e6059fc3c156c3ef3abf.png,/path/to/IMA_dataset/ISIC_0013635_A00_T2_S1_5841e6059fc3c156c3ef3abf.png,2,Intermediate
ISIC_0000409,/path/to/IMA_dataset/ISIC_0000409.jpg,/path/to/IMA_dataset/ISIC_0000409_A04_T3_S1_54527214bae47821f8802001.png,/path/to/IMA_dataset/ISIC_0000409_A04_T3_S1_54527214bae47821f8802001.png,1,Light
ISIC_0000013,/path/to/IMA_dataset/ISIC_0000013.jpg,/path/to/IMA_dataset/ISIC_0000013_ST_ST_ST_ST.png,/path/to/IMA_dataset/ISIC_0000013_A03_T1_S1_57be07fe9fc3c1434763a313.png,1,Light
ISIC_0001102,/path/to/IMA_dataset/ISIC_0001102.jpg,/path/to/IMA_dataset/ISIC_0001102_A04_T3_S1_54e76b57bae47850e86ce295.png,/path/to/IMA_dataset/ISIC_0001102_A04_T3_S1_54e76b57bae47850e86ce295.png,1,Light
ISIC_0000427,/path/to/IMA_dataset/ISIC_0000427.jpg,/path/to/IMA_dataset/ISIC_0000427_A04_T3_S1_54523c6abae47821f8801fcb.png,/path/to/IMA_dataset/ISIC_0000427_A04_T3_S1_54523c6abae47821f8801fcb.png,1,Light
ISIC_0000209,/path/to/IMA_dataset/ISIC_0000209.jpg,/path/to/IMA_dataset/ISIC_0000209_A04_T1_S1_5458e960bae47821f8802259.png,/path/to/IMA_dataset/ISIC_0000209_A04_T1_S1_5458e960bae47821f8802259.png,1,Light
ISIC_0014089,/path/to/IMA_dataset/ISIC_0014089.jpg,/path/to/IMA_dataset/ISIC_0014089_ST_ST_ST_ST.png,/path/to/IMA_dataset/ISIC_0014089_A00_T2_S1_5841e7429fc3c156c3ef4011.png,2,Intermediate
ISIC_0011088,/path/to/IMA_dataset/ISIC_0011088.jpg,/path/to/IMA_dataset/ISIC_0011088_A04_T1_S1_55a528e09fc3c156bd714808.png,/path/to/IMA_dataset/ISIC_0011088_A04_T1_S1_55a528e09fc3c156bd714808.png,2,Intermediate
ISIC_0000382,/path/to/IMA_dataset/ISIC_0000382.jpg,/path/to/IMA_dataset/ISIC_0000382_A04_T1_S1_5452a7c7bae47821f8802052.png,/path/to/IMA_dataset/ISIC_0000382_A04_T1_S1_5452a7c7bae47821f8802052.png,2,Intermediate
ISIC_0002488,/path/to/IMA_dataset/ISIC_0002488.jpg,/path/to/IMA_dataset/ISIC_0002488_A04_T3_S1_54ee1343bae47871b5e02dd1.png,/path/to/IMA_dataset/ISIC_0002488_A04_T3_S1_54ee1343bae47871b5e02dd1.png,2,Intermediate
ISIC_0015110,/path/to/IMA_dataset/ISIC_0015110.jpg,/path/to/IMA_dataset/ISIC_0015110_A00_T2_S1_5841eaf49fc3c156c3ef4c08.png,/path/to/IMA_dataset/ISIC_0015110_A00_T2_S1_5841eaf49fc3c156c3ef4c08.png,2,Intermediate
ISIC_0013032,/path/to/IMA_dataset/ISIC_0013032.jpg,/path/to/IMA_dataset/ISIC_0013032_A00_T2_S1_5841e4709fc3c156c3ef33ae.png,/path/to/IMA_dataset/ISIC_0013032_A00_T2_S1_5841e4709fc3c156c3ef33ae.png,1,Light
ISIC_0013731,/path/to/IMA_dataset/ISIC_0013731.jpg,/path/to/IMA_dataset/ISIC_0013731_A00_T2_S1_5841e6479fc3c156c3ef3bdf.png,/path/to/IMA_dataset/ISIC_0013731_A00_T2_S1_5841e6479fc3c156c3ef3bdf.png,1,Light
ISIC_0014625,/path/to/IMA_dataset/ISIC_0014625.jpg,/path/to/IMA_dataset/ISIC_0014625_A03_T3_S1_584719b89fc3c10f048599bf.png,/path/to/IMA_dataset/ISIC_0014625_A03_T3_S1_584719b89fc3c10f048599bf.png,1,Light
ISIC_0009964,/path/to/IMA_dataset/ISIC_0009964.jpg,/path/to/IMA_dataset/ISIC_0009964_A04_T3_S1_5592ef2e9fc3c13155145c0c.png,/path/to/IMA_dataset/ISIC_0009964_A04_T3_S1_5592ef2e9fc3c13155145c0c.png,1,Light
ISIC_0012901,/path/to/IMA_dataset/ISIC_0012901.jpg,/path/to/IMA_dataset/ISIC_0012901_A00_T2_S1_5841e4209fc3c156c3ef3225.png,/path/to/IMA_dataset/ISIC_0012901_A00_T2_S1_5841e4209fc3c156c3ef3225.png,1,Light
ISIC_0010603,/path/to/IMA_dataset/ISIC_0010603.jpg,/path/to/IMA_dataset/ISIC_0010603_A04_T1_S1_55a7d3179fc3c156bd715369.png,/path/to/IMA_dataset/ISIC_0010603_A04_T1_S1_55a7d3179fc3c156bd715369.png,1,Light
ISIC_0011161,/path/to/IMA_dataset/ISIC_0011161.jpg,/path/to/IMA_dataset/ISIC_0011161_A04_T1_S1_55a0088d9fc3c156bd71462d.png,/path/to/IMA_dataset/ISIC_0011161_A04_T1_S1_55a0088d9fc3c156bd71462d.png,1,Light
ISIC_0000030,/path/to/IMA_dataset/ISIC_0000030.jpg,/path/to/IMA_dataset/ISIC_0000030_A04_T1_S1_545be11dbae47821f8802472.png,/path/to/IMA_dataset/ISIC_0000030_A04_T1_S1_545be11dbae47821f8802472.png,1,Light
ISIC_0013026,/path/to/IMA_dataset/ISIC_0013026.jpg,/path/to/IMA_dataset/ISIC_0013026_A00_T2_S1_5841e46c9fc3c156c3ef339c.png,/path/to/IMA_dataset/ISIC_0013026_A00_T2_S1_5841e46c9fc3c156c3ef339c.png,1,Light
ISIC_0000545,/path/to/IMA_dataset/ISIC_0000545.jpg,/path/to/IMA_dataset/ISIC_0000545_ST_ST_ST_ST.png,/path/to/IMA_dataset/ISIC_0000545_A04_T3_S2_54493c2abae478661558faeb.png,1,Light
ISIC_0000328,/path/to/IMA_dataset/ISIC_0000328.jpg,/path/to/IMA_dataset/ISIC_0000328_ST_ST_ST_ST.png,/path/to/IMA_dataset/ISIC_0000328_A04_T1_S2_5453ce60bae47821f88020f4.png,1,Light
ISIC_0012494,/path/to/IMA_dataset/ISIC_0012494.jpg,/path/to/IMA_dataset/ISIC_0012494_ST_ST_ST_ST.png,/path/to/IMA_dataset/ISIC_0012494_A09_T1_S1_58471f289fc3c10f04859a74.png,2,Intermediate
ISIC_0012828,/path/to/IMA_dataset/ISIC_0012828.jpg,/path/to/IMA_dataset/ISIC_0012828_A03_T1_S1_5847256d9fc3c10f04859aa0.png,/path/to/IMA_dataset/ISIC_0012828_A03_T1_S1_5847256d9fc3c10f04859aa0.png,1,Light
ISIC_0014836,/path/to/IMA_dataset/ISIC_0014836.jpg,/path/to/IMA_dataset/ISIC_0014836_ST_ST_ST_ST.png,/path/to/IMA_dataset/ISIC_0014836_A00_T2_S1_5841e9b29fc3c156c3ef48d2.png,1,Light
ISIC_0001105,/path/to/IMA_dataset/ISIC_0001105.jpg,/path/to/IMA_dataset/ISIC_0001105_ST_ST_ST_ST.png,/path/to/IMA_dataset/ISIC_0001105_A04_T3_S2_54e76b10bae47850e86ce27d.png,2,Intermediate
ISIC_0014272,/path/to/IMA_dataset/ISIC_0014272.jpg,/path/to/IMA_dataset/ISIC_0014272_A03_T1_S1_58471cf69fc3c10f04859a5c.png,/path/to/IMA_dataset/ISIC_0014272_A03_T1_S1_58471cf69fc3c10f04859a5c.png,2,Intermediate
ISIC_0003346,/path/to/IMA_dataset/ISIC_0003346.jpg,/path/to/IMA_dataset/ISIC_0003346_ST_ST_ST_ST.png,/path/to/IMA_dataset/ISIC_0003346_A06_T3_S1_568bb66e9fc3c126c063ff58.png,2,Intermediate
ISIC_0013141,/path/to/IMA_dataset/ISIC_0013141.jpg,/path/to/IMA_dataset/ISIC_0013141_ST_ST_ST_ST.png,/path/to/IMA_dataset/ISIC_0013141_A00_T2_S1_5841e4b29fc3c156c3ef34f5.png,1,Light
ISIC_0015108,/path/to/IMA_dataset/ISIC_0015108.jpg,/path/to/IMA_dataset/ISIC_0015108_A00_T2_S1_5841eaf19fc3c156c3ef4c02.png,/path/to/IMA_dataset/ISIC_0015108_A00_T2_S1_5841eaf19fc3c156c3ef4c02.png,1,Light
ISIC_0000215,/path/to/IMA_dataset/ISIC_0000215.jpg,/path/to/IMA_dataset/ISIC_0000215_ST_ST_ST_ST.png,/path/to/IMA_dataset/ISIC_0000215_A04_T3_S2_5458e704bae47821f8802247.png,0,Very Light
ISIC_0013356,/path/to/IMA_dataset/ISIC_0013356.jpg,/path/to/IMA_dataset/ISIC_0013356_ST_ST_ST_ST.png,/path/to/IMA_dataset/ISIC_0013356_A00_T2_S1_5841e5409fc3c156c3ef377a.png,1,Light
ISIC_0000489,/path/to/IMA_dataset/ISIC_0000489.jpg,/path/to/IMA_dataset/ISIC_0000489_ST_ST_ST_ST.png,/path/to/IMA_dataset/ISIC_0000489_A04_T3_S2_5450f48cbae47865794e4d22.png,1,Light
ISIC_0011137,/path/to/IMA_dataset/ISIC_0011137.jpg,/path/to/IMA_dataset/ISIC_0011137_A04_T3_S1_55a01cf79fc3c156bd7146e2.png,/path/to/IMA_dataset/ISIC_0011137_A04_T3_S1_55a01cf79fc3c156bd7146e2.png,1,Light
ISIC_0000418,/path/to/IMA_dataset/ISIC_0000418.jpg,/path/to/IMA_dataset/ISIC_0000418_A04_T1_S1_5452673dbae47821f8801fe6.png,/path/to/IMA_dataset/ISIC_0000418_A04_T1_S1_5452673dbae47821f8801fe6.png,1,Light
ISIC_0010358,/path/to/IMA_dataset/ISIC_0010358.jpg,/path/to/IMA_dataset/ISIC_0010358_A04_T1_S1_55a912759fc3c156bd715927.png,/path/to/IMA_dataset/ISIC_0010358_A04_T1_S1_55a912759fc3c156bd715927.png,1,Light
ISIC_0010581,/path/to/IMA_dataset/ISIC_0010581.jpg,/path/to/IMA_dataset/ISIC_0010581_A04_T3_S1_55a7dad69fc3c156bd7153ed.png,/path/to/IMA_dataset/ISIC_0010581_A04_T3_S1_55a7dad69fc3c156bd7153ed.png,2,Intermediate
ISIC_0010367,/path/to/IMA_dataset/ISIC_0010367.jpg,/path/to/IMA_dataset/ISIC_0010367_A04_T1_S1_55a90e1c9fc3c156bd7158f1.png,/path/to/IMA_dataset/ISIC_0010367_A04_T1_S1_55a90e1c9fc3c156bd7158f1.png,1,Light
ISIC_0013525,/path/to/IMA_dataset/ISIC_0013525.jpg,/path/to/IMA_dataset/ISIC_0013525_A00_T2_S1_5841e5ba9fc3c156c3ef3975.png,/path/to/IMA_dataset/ISIC_0013525_A00_T2_S1_5841e5ba9fc3c156c3ef3975.png,2,Intermediate
ISIC_0012737,/path/to/IMA_dataset/ISIC_0012737.jpg,/path/to/IMA_dataset/ISIC_0012737_A00_T2_S1_5841e3be9fc3c156c3ef3039.png,/path/to/IMA_dataset/ISIC_0012737_A00_T2_S1_5841e3be9fc3c156c3ef3039.png,1,Light
ISIC_0015233,/path/to/IMA_dataset/ISIC_0015233.jpg,/path/to/IMA_dataset/ISIC_0015233_A09_T1_S1_58470e8a9fc3c10f0485967a.png,/path/to/IMA_dataset/ISIC_0015233_A09_T1_S1_58470e8a9fc3c10f0485967a.png,2,Intermediate
ISIC_0013014,/path/to/IMA_dataset/ISIC_0013014.jpg,/path/to/IMA_dataset/ISIC_0013014_A00_T2_S1_5841e4649fc3c156c3ef3378.png,/path/to/IMA_dataset/ISIC_0013014_A00_T2_S1_5841e4649fc3c156c3ef3378.png,1,Light
ISIC_0000439,/path/to/IMA_dataset/ISIC_0000439.jpg,/path/to/IMA_dataset/ISIC_0000439_ST_ST_ST_ST.png,/path/to/IMA_dataset/ISIC_0000439_A04_T3_S2_54512ae1bae47821f8801fa7.png,1,Light
ISIC_0000151,/path/to/IMA_dataset/ISIC_0000151.jpg,/path/to/IMA_dataset/ISIC_0000151_A04_T1_S1_545a418abae47821f8802307.png,/path/to/IMA_dataset/ISIC_0000151_A04_T1_S1_545a418abae47821f8802307.png,2,Intermediate
ISIC_0011097,/path/to/IMA_dataset/ISIC_0011097.jpg,/path/to/IMA_dataset/ISIC_0011097_ST_ST_ST_ST.png,/path/to/IMA_dataset/ISIC_0011097_A04_T3_S2_55a027589fc3c156bd7147d2.png,1,Light
ISIC_0000181,/path/to/IMA_dataset/ISIC_0000181.jpg,/path/to/IMA_dataset/ISIC_0000181_ST_ST_ST_ST.png,/path/to/IMA_dataset/ISIC_0000181_A06_T1_S1_568b3bab9fc3c126c063ff01.png,1,Light
ISIC_0010477,/path/to/IMA_dataset/ISIC_0010477.jpg,/path/to/IMA_dataset/ISIC_0010477_A04_T1_S1_55a7fc9f9fc3c156bd71565d.png,/path/to/IMA_dataset/ISIC_0010477_A04_T1_S1_55a7fc9f9fc3c156bd71565d.png,1,Light
ISIC_0000425,/path/to/IMA_dataset/ISIC_0000425.jpg,/path/to/IMA_dataset/ISIC_0000425_A04_T1_S1_54523dc7bae47821f8801fd1.png,/path/to/IMA_dataset/ISIC_0000425_A04_T1_S1_54523dc7bae47821f8801fd1.png,1,Light
ISIC_0010488,/path/to/IMA_dataset/ISIC_0010488.jpg,/path/to/IMA_dataset/ISIC_0010488_A04_T1_S1_55a7f7c79fc3c156bd71561b.png,/path/to/IMA_dataset/ISIC_0010488_A04_T1_S1_55a7f7c79fc3c156bd71561b.png,1,Light
ISIC_0000520,/path/to/IMA_dataset/ISIC_0000520.jpg,/path/to/IMA_dataset/ISIC_0000520_ST_ST_ST_ST.png,/path/to/IMA_dataset/ISIC_0000520_A04_T3_S2_544e6507bae478661558fb36.png,1,Light
ISIC_0014770,/path/to/IMA_dataset/ISIC_0014770.jpg,/path/to/IMA_dataset/ISIC_0014770_A00_T2_S1_5841e9679fc3c156c3ef480c.png,/path/to/IMA_dataset/ISIC_0014770_A00_T2_S1_5841e9679fc3c156c3ef480c.png,1,Light
ISIC_0012939,/path/to/IMA_dataset/ISIC_0012939.jpg,/path/to/IMA_dataset/ISIC_0012939_A00_T2_S1_5841e4379fc3c156c3ef3297.png,/path/to/IMA_dataset/ISIC_0012939_A00_T2_S1_5841e4379fc3c156c3ef3297.png,1,Light
ISIC_0000204,/path/to/IMA_dataset/ISIC_0000204.jpg,/path/to/IMA_dataset/ISIC_0000204_ST_ST_ST_ST.png,/path/to/IMA_dataset/ISIC_0000204_A04_T1_S2_5458fe8ebae47821f8802268.png,1,Light
ISIC_0000203,/path/to/IMA_dataset/ISIC_0000203.jpg,/path/to/IMA_dataset/ISIC_0000203_A04_T1_S1_54590153bae47821f880226b.png,/path/to/IMA_dataset/ISIC_0000203_A04_T1_S1_54590153bae47821f880226b.png,1,Light
ISIC_0000449,/path/to/IMA_dataset/ISIC_0000449.jpg,/path/to/IMA_dataset/ISIC_0000449_ST_ST_ST_ST.png,/path/to/IMA_dataset/ISIC_0000449_A04_T3_S2_54511fa8bae47821f8801f89.png,1,Light
ISIC_0012930,/path/to/IMA_dataset/ISIC_0012930.jpg,/path/to/IMA_dataset/ISIC_0012930_A00_T2_S1_5841e4329fc3c156c3ef327c.png,/path/to/IMA_dataset/ISIC_0012930_A00_T2_S1_5841e4329fc3c156c3ef327c.png,1,Light
ISIC_0004110,/path/to/IMA_dataset/ISIC_0004110.jpg,/path/to/IMA_dataset/ISIC_0004110_ST_ST_ST_ST.png,/path/to/IMA_dataset/ISIC_0004110_A07_T1_S1_5661d7969fc3c147bbd6a170.png,1,Light
ISIC_0010006,/path/to/IMA_dataset/ISIC_0010006.jpg,/path/to/IMA_dataset/ISIC_0010006_A04_T1_S1_5592e0999fc3c13155145b10.png,/path/to/IMA_dataset/ISIC_0010006_A04_T1_S1_5592e0999fc3c13155145b10.png,1,Light
ISIC_0014596,/path/to/IMA_dataset/ISIC_0014596.jpg,/path/to/IMA_dataset/ISIC_0014596_A00_T2_S1_5841e8c29fc3c156c3ef4602.png,/path/to/IMA_dataset/ISIC_0014596_A00_T2_S1_5841e8c29fc3c156c3ef4602.png,1,Light
ISIC_0013980,/path/to/IMA_dataset/ISIC_0013980.jpg,/path/to/IMA_dataset/ISIC_0013980_A00_T2_S1_5841e6f29fc3c156c3ef3eca.png,/path/to/IMA_dataset/ISIC_0013980_A00_T2_S1_5841e6f29fc3c156c3ef3eca.png,2,Intermediate
ISIC_0014898,/path/to/IMA_dataset/ISIC_0014898.jpg,/path/to/IMA_dataset/ISIC_0014898_A00_T2_S1_5841e9f99fc3c156c3ef498c.png,/path/to/IMA_dataset/ISIC_0014898_A00_T2_S1_5841e9f99fc3c156c3ef498c.png,1,Light
ISIC_0014274,/path/to/IMA_dataset/ISIC_0014274.jpg,/path/to/IMA_dataset/ISIC_0014274_A00_T2_S1_5841e7d39fc3c156c3ef423c.png,/path/to/IMA_dataset/ISIC_0014274_A00_T2_S1_5841e7d39fc3c156c3ef423c.png,3,Tan
ISIC_0010329,/path/to/IMA_dataset/ISIC_0010329.jpg,/path/to/IMA_dataset/ISIC_0010329_A04_T1_S1_55a91ed19fc3c156bd7159d5.png,/path/to/IMA_dataset/ISIC_0010329_A04_T1_S1_55a91ed19fc3c156bd7159d5.png,0,Very Light
ISIC_0012322,/path/to/IMA_dataset/ISIC_0012322.jpg,/path/to/IMA_dataset/ISIC_0012322_A00_T2_S1_5841e2c89fc3c156c3ef2b5c.png,/path/to/IMA_dataset/ISIC_0012322_A00_T2_S1_5841e2c89fc3c156c3ef2b5c.png,1,Light
ISIC_0014273,/path/to/IMA_dataset/ISIC_0014273.jpg,/path/to/IMA_dataset/ISIC_0014273_A00_T2_S1_5841e7d39fc3c156c3ef4239.png,/path/to/IMA_dataset/ISIC_0014273_A00_T2_S1_5841e7d39fc3c156c3ef4239.png,2,Intermediate
ISIC_0000482,/path/to/IMA_dataset/ISIC_0000482.jpg,/path/to/IMA_dataset/ISIC_0000482_A10_T3_S1_5450f99fbae47865794e4d43.png,/path/to/IMA_dataset/ISIC_0000482_A10_T3_S1_5450f99fbae47865794e4d43.png,1,Light
ISIC_0010370,/path/to/IMA_dataset/ISIC_0010370.jpg,/path/to/IMA_dataset/ISIC_0010370_ST_ST_ST_ST.png,/path/to/IMA_dataset/ISIC_0010370_A04_T1_S1_55a80ef59fc3c156bd7158df.png,1,Light
ISIC_0014515,/path/to/IMA_dataset/ISIC_0014515.jpg,/path/to/IMA_dataset/ISIC_0014515_A00_T2_S1_5841e88b9fc3c156c3ef450f.png,/path/to/IMA_dataset/ISIC_0014515_A00_T2_S1_5841e88b9fc3c156c3ef450f.png,2,Intermediate
ISIC_0013031,/path/to/IMA_dataset/ISIC_0013031.jpg,/path/to/IMA_dataset/ISIC_0013031_ST_ST_ST_ST.png,/path/to/IMA_dataset/ISIC_0013031_A03_T1_S1_58473d099fc3c10f04859b56.png,2,Intermediate
ISIC_0000091,/path/to/IMA_dataset/ISIC_0000091.jpg,/path/to/IMA_dataset/ISIC_0000091_A04_T1_S1_545ba511bae47821f88023bb.png,/path/to/IMA_dataset/ISIC_0000091_A04_T1_S1_545ba511bae47821f88023bb.png,1,Light
ISIC_0009902,/path/to/IMA_dataset/ISIC_0009902.jpg,/path/to/IMA_dataset/ISIC_0009902_ST_ST_ST_ST.png,/path/to/IMA_dataset/ISIC_0009902_A04_T3_S2_5592fa6b9fc3c13155145d80.png,1,Light
ISIC_0012986,/path/to/IMA_dataset/ISIC_0012986.jpg,/path/to/IMA_dataset/ISIC_0012986_A03_T1_S1_5847248b9fc3c10f04859a98.png,/path/to/IMA_dataset/ISIC_0012986_A03_T1_S1_5847248b9fc3c10f04859a98.png,2,Intermediate
ISIC_0014891,/path/to/IMA_dataset/ISIC_0014891.jpg,/path/to/IMA_dataset/ISIC_0014891_A00_T2_S1_5841e9f19fc3c156c3ef4977.png,/path/to/IMA_dataset/ISIC_0014891_A00_T2_S1_5841e9f19fc3c156c3ef4977.png,1,Light
ISIC_0010593,/path/to/IMA_dataset/ISIC_0010593.jpg,/path/to/IMA_dataset/ISIC_0010593_A04_T1_S1_55a7d90d9fc3c156bd7153a5.png,/path/to/IMA_dataset/ISIC_0010593_A04_T1_S1_55a7d90d9fc3c156bd7153a5.png,1,Light
ISIC_0000381,/path/to/IMA_dataset/ISIC_0000381.jpg,/path/to/IMA_dataset/ISIC_0000381_A04_T1_S1_54539c64bae47821f8802055.png,/path/to/IMA_dataset/ISIC_0000381_A04_T1_S1_54539c64bae47821f8802055.png,1,Light
ISIC_0010080,/path/to/IMA_dataset/ISIC_0010080.jpg,/path/to/IMA_dataset/ISIC_0010080_A04_T3_S1_5594455a9fc3c13155bcae4a.png,/path/to/IMA_dataset/ISIC_0010080_A04_T3_S1_5594455a9fc3c13155bcae4a.png,1,Light
ISIC_0013001,/path/to/IMA_dataset/ISIC_0013001.jpg,/path/to/IMA_dataset/ISIC_0013001_ST_ST_ST_ST.png,/path/to/IMA_dataset/ISIC_0013001_A03_T1_S1_584735119fc3c10f04859afa.png,1,Light
ISIC_0000059,/path/to/IMA_dataset/ISIC_0000059.jpg,/path/to/IMA_dataset/ISIC_0000059_A04_T1_S1_545bcd44bae47821f880241b.png,/path/to/IMA_dataset/ISIC_0000059_A04_T1_S1_545bcd44bae47821f880241b.png,1,Light
ISIC_0013424,/path/to/IMA_dataset/ISIC_0013424.jpg,/path/to/IMA_dataset/ISIC_0013424_ST_ST_ST_ST.png,/path/to/IMA_dataset/ISIC_0013424_A03_T1_S1_58473f1e9fc3c10f04859b77.png,2,Intermediate
ISIC_0010468,/path/to/IMA_dataset/ISIC_0010468.jpg,/path/to/IMA_dataset/ISIC_0010468_A04_T3_S1_55a7fd629fc3c156bd715693.png,/path/to/IMA_dataset/ISIC_0010468_A04_T3_S1_55a7fd629fc3c156bd715693.png,1,Light
ISIC_0009883,/path/to/IMA_dataset/ISIC_0009883.jpg,/path/to/IMA_dataset/ISIC_0009883_A04_T3_S1_559300239fc3c13155145f4d.png,/path/to/IMA_dataset/ISIC_0009883_A04_T3_S1_559300239fc3c13155145f4d.png,1,Light
ISIC_0014026,/path/to/IMA_dataset/ISIC_0014026.jpg,/path/to/IMA_dataset/ISIC_0014026_A00_T2_S1_5841e7109fc3c156c3ef3f54.png,/path/to/IMA_dataset/ISIC_0014026_A00_T2_S1_5841e7109fc3c156c3ef3f54.png,2,Intermediate
ISIC_0013385,/path/to/IMA_dataset/ISIC_0013385.jpg,/path/to/IMA_dataset/ISIC_0013385_A00_T2_S1_5841e5559fc3c156c3ef37d1.png,/path/to/IMA_dataset/ISIC_0013385_A00_T2_S1_5841e5559fc3c156c3ef37d1.png,2,Intermediate
ISIC_0009969,/path/to/IMA_dataset/ISIC_0009969.jpg,/path/to/IMA_dataset/ISIC_0009969_A04_T3_S1_5592e4c59fc3c13155145bee.png,/path/to/IMA_dataset/ISIC_0009969_A04_T3_S1_5592e4c59fc3c13155145bee.png,1,Light
ISIC_0012905,/path/to/IMA_dataset/ISIC_0012905.jpg,/path/to/IMA_dataset/ISIC_0012905_A00_T2_S1_5841e4229fc3c156c3ef3231.png,/path/to/IMA_dataset/ISIC_0012905_A00_T2_S1_5841e4229fc3c156c3ef3231.png,1,Light
ISIC_0010194,/path/to/IMA_dataset/ISIC_0010194.jpg,/path/to/IMA_dataset/ISIC_0010194_A04_T1_S1_55a92dd89fc3c156bd715bd9.png,/path/to/IMA_dataset/ISIC_0010194_A04_T1_S1_55a92dd89fc3c156bd715bd9.png,2,Intermediate
ISIC_0014585,/path/to/IMA_dataset/ISIC_0014585.jpg,/path/to/IMA_dataset/ISIC_0014585_A00_T2_S1_5841e8bb9fc3c156c3ef45e1.png,/path/to/IMA_dataset/ISIC_0014585_A00_T2_S1_5841e8bb9fc3c156c3ef45e1.png,1,Light
ISIC_0013918,/path/to/IMA_dataset/ISIC_0013918.jpg,/path/to/IMA_dataset/ISIC_0013918_A00_T2_S1_5841e6c79fc3c156c3ef3e10.png,/path/to/IMA_dataset/ISIC_0013918_A00_T2_S1_5841e6c79fc3c156c3ef3e10.png,3,Tan
ISIC_0014771,/path/to/IMA_dataset/ISIC_0014771.jpg,/path/to/IMA_dataset/ISIC_0014771_A00_T2_S1_5841e9689fc3c156c3ef480f.png,/path/to/IMA_dataset/ISIC_0014771_A00_T2_S1_5841e9689fc3c156c3ef480f.png,1,Light
ISIC_0010317,/path/to/IMA_dataset/ISIC_0010317.jpg,/path/to/IMA_dataset/ISIC_0010317_A04_T3_S1_55a920ef9fc3c156bd715a1d.png,/path/to/IMA_dataset/ISIC_0010317_A04_T3_S1_55a920ef9fc3c156bd715a1d.png,2,Intermediate
ISIC_0000314,/path/to/IMA_dataset/ISIC_0000314.jpg,/path/to/IMA_dataset/ISIC_0000314_ST_ST_ST_ST.png,/path/to/IMA_dataset/ISIC_0000314_A04_T3_S2_5453e40ebae47821f880211e.png,1,Light
ISIC_0010337,/path/to/IMA_dataset/ISIC_0010337.jpg,/path/to/IMA_dataset/ISIC_0010337_A04_T1_S1_55a915989fc3c156bd7159a5.png,/path/to/IMA_dataset/ISIC_0010337_A04_T1_S1_55a915989fc3c156bd7159a5.png,1,Light
ISIC_0011164,/path/to/IMA_dataset/ISIC_0011164.jpg,/path/to/IMA_dataset/ISIC_0011164_A04_T3_S1_55a0084b9fc3c156bd71461b.png,/path/to/IMA_dataset/ISIC_0011164_A04_T3_S1_55a0084b9fc3c156bd71461b.png,1,Light
ISIC_0010483,/path/to/IMA_dataset/ISIC_0010483.jpg,/path/to/IMA_dataset/ISIC_0010483_A04_T3_S1_55a7f8b29fc3c156bd715639.png,/path/to/IMA_dataset/ISIC_0010483_A04_T3_S1_55a7f8b29fc3c156bd715639.png,1,Light
ISIC_0013096,/path/to/IMA_dataset/ISIC_0013096.jpg,/path/to/IMA_dataset/ISIC_0013096_ST_ST_ST_ST.png,/path/to/IMA_dataset/ISIC_0013096_A03_T3_S1_584735429fc3c10f04859afc.png,1,Light
ISIC_0001148,/path/to/IMA_dataset/ISIC_0001148.jpg,/path/to/IMA_dataset/ISIC_0001148_A04_T3_S1_54e75d3fbae47850e86ce14b.png,/path/to/IMA_dataset/ISIC_0001148_A04_T3_S1_54e75d3fbae47850e86ce14b.png,1,Light
ISIC_0009991,/path/to/IMA_dataset/ISIC_0009991.jpg,/path/to/IMA_dataset/ISIC_0009991_A04_T3_S1_5592e2849fc3c13155145b6a.png,/path/to/IMA_dataset/ISIC_0009991_A04_T3_S1_5592e2849fc3c13155145b6a.png,1,Light
ISIC_0013147,/path/to/IMA_dataset/ISIC_0013147.jpg,/path/to/IMA_dataset/ISIC_0013147_A00_T2_S1_5841e4b59fc3c156c3ef3507.png,/path/to/IMA_dataset/ISIC_0013147_A00_T2_S1_5841e4b59fc3c156c3ef3507.png,2,Intermediate
ISIC_0013428,/path/to/IMA_dataset/ISIC_0013428.jpg,/path/to/IMA_dataset/ISIC_0013428_A00_T2_S1_5841e5769fc3c156c3ef3852.png,/path/to/IMA_dataset/ISIC_0013428_A00_T2_S1_5841e5769fc3c156c3ef3852.png,2,Intermediate
ISIC_0000463,/path/to/IMA_dataset/ISIC_0000463.jpg,/path/to/IMA_dataset/ISIC_0000463_ST_ST_ST_ST.png,/path/to/IMA_dataset/ISIC_0000463_A06_T1_S1_568bbcbb9fc3c126c063ff94.png,1,Light
ISIC_0000104,/path/to/IMA_dataset/ISIC_0000104.jpg,/path/to/IMA_dataset/ISIC_0000104_ST_ST_ST_ST.png,/path/to/IMA_dataset/ISIC_0000104_A04_T3_S1_545a99fcbae47821f8802394.png,1,Light
ISIC_0000383,/path/to/IMA_dataset/ISIC_0000383.jpg,/path/to/IMA_dataset/ISIC_0000383_A04_T3_S1_5452a6b2bae47821f880204f.png,/path/to/IMA_dataset/ISIC_0000383_A04_T3_S1_5452a6b2bae47821f880204f.png,1,Light
ISIC_0010089,/path/to/IMA_dataset/ISIC_0010089.jpg,/path/to/IMA_dataset/ISIC_0010089_A04_T3_S1_5594446f9fc3c13155bcae14.png,/path/to/IMA_dataset/ISIC_0010089_A04_T3_S1_5594446f9fc3c13155bcae14.png,1,Light
ISIC_0012246,/path/to/IMA_dataset/ISIC_0012246.jpg,/path/to/IMA_dataset/ISIC_0012246_A00_T2_S1_5841e2989fc3c156c3ef2a78.png,/path/to/IMA_dataset/ISIC_0012246_A00_T2_S1_5841e2989fc3c156c3ef2a78.png,2,Intermediate
ISIC_0012950,/path/to/IMA_dataset/ISIC_0012950.jpg,/path/to/IMA_dataset/ISIC_0012950_A00_T2_S1_5841e43e9fc3c156c3ef32b8.png,/path/to/IMA_dataset/ISIC_0012950_A00_T2_S1_5841e43e9fc3c156c3ef32b8.png,2,Intermediate
ISIC_0013425,/path/to/IMA_dataset/ISIC_0013425.jpg,/path/to/IMA_dataset/ISIC_0013425_A00_T2_S1_5841e5739fc3c156c3ef3849.png,/path/to/IMA_dataset/ISIC_0013425_A00_T2_S1_5841e5739fc3c156c3ef3849.png,2,Intermediate
ISIC_0010382,/path/to/IMA_dataset/ISIC_0010382.jpg,/path/to/IMA_dataset/ISIC_0010382_A04_T1_S1_55a80dfc9fc3c156bd715897.png,/path/to/IMA_dataset/ISIC_0010382_A04_T1_S1_55a80dfc9fc3c156bd715897.png,1,Light
ISIC_0014410,/path/to/IMA_dataset/ISIC_0014410.jpg,/path/to/IMA_dataset/ISIC_0014410_A00_T2_S1_5841e83b9fc3c156c3ef43d4.png,/path/to/IMA_dataset/ISIC_0014410_A00_T2_S1_5841e83b9fc3c156c3ef43d4.png,2,Intermediate
ISIC_0013015,/path/to/IMA_dataset/ISIC_0013015.jpg,/path/to/IMA_dataset/ISIC_0013015_A00_T2_S1_5841e4659fc3c156c3ef337b.png,/path/to/IMA_dataset/ISIC_0013015_A00_T2_S1_5841e4659fc3c156c3ef337b.png,1,Light
ISIC_0014821,/path/to/IMA_dataset/ISIC_0014821.jpg,/path/to/IMA_dataset/ISIC_0014821_A00_T2_S1_5841e9a19fc3c156c3ef48a5.png,/path/to/IMA_dataset/ISIC_0014821_A00_T2_S1_5841e9a19fc3c156c3ef48a5.png,2,Intermediate
ISIC_0000407,/path/to/IMA_dataset/ISIC_0000407.jpg,/path/to/IMA_dataset/ISIC_0000407_A04_T1_S1_5452736dbae47821f8802007.png,/path/to/IMA_dataset/ISIC_0000407_A04_T1_S1_5452736dbae47821f8802007.png,1,Light
ISIC_0012998,/path/to/IMA_dataset/ISIC_0012998.jpg,/path/to/IMA_dataset/ISIC_0012998_A03_T1_S1_584728079fc3c10f04859ab6.png,/path/to/IMA_dataset/ISIC_0012998_A03_T1_S1_584728079fc3c10f04859ab6.png,1,Light
ISIC_0009919,/path/to/IMA_dataset/ISIC_0009919.jpg,/path/to/IMA_dataset/ISIC_0009919_A04_T1_S1_5592f53b9fc3c13155145d1a.png,/path/to/IMA_dataset/ISIC_0009919_A04_T1_S1_5592f53b9fc3c13155145d1a.png,1,Light
ISIC_0013227,/path/to/IMA_dataset/ISIC_0013227.jpg,/path/to/IMA_dataset/ISIC_0013227_A00_T2_S1_5841e4e49fc3c156c3ef35f7.png,/path/to/IMA_dataset/ISIC_0013227_A00_T2_S1_5841e4e49fc3c156c3ef35f7.png,1,Light
ISIC_0000025,/path/to/IMA_dataset/ISIC_0000025.jpg,/path/to/IMA_dataset/ISIC_0000025_A04_T3_S1_545be6b2bae47821f8802481.png,/path/to/IMA_dataset/ISIC_0000025_A04_T3_S1_545be6b2bae47821f8802481.png,1,Light
ISIC_0013667,/path/to/IMA_dataset/ISIC_0013667.jpg,/path/to/IMA_dataset/ISIC_0013667_A00_T2_S1_5841e61c9fc3c156c3ef3b1f.png,/path/to/IMA_dataset/ISIC_0013667_A00_T2_S1_5841e61c9fc3c156c3ef3b1f.png,1,Light
ISIC_0011292,/path/to/IMA_dataset/ISIC_0011292.jpg,/path/to/IMA_dataset/ISIC_0011292_A04_T3_S1_559fd47d9fc3c156bded7521.png,/path/to/IMA_dataset/ISIC_0011292_A04_T3_S1_559fd47d9fc3c156bded7521.png,0,Very Light
ISIC_0013721,/path/to/IMA_dataset/ISIC_0013721.jpg,/path/to/IMA_dataset/ISIC_0013721_ST_ST_ST_ST.png,/path/to/IMA_dataset/ISIC_0013721_A03_T1_S1_5847290e9fc3c10f04859abe.png,1,Light
ISIC_0012674,/path/to/IMA_dataset/ISIC_0012674.jpg,/path/to/IMA_dataset/ISIC_0012674_A00_T2_S1_5841e39d9fc3c156c3ef2f7c.png,/path/to/IMA_dataset/ISIC_0012674_A00_T2_S1_5841e39d9fc3c156c3ef2f7c.png,1,Light
ISIC_0013490,/path/to/IMA_dataset/ISIC_0013490.jpg,/path/to/IMA_dataset/ISIC_0013490_A00_T2_S1_5841e5a29fc3c156c3ef390c.png,/path/to/IMA_dataset/ISIC_0013490_A00_T2_S1_5841e5a29fc3c156c3ef390c.png,2,Intermediate
ISIC_0010850,/path/to/IMA_dataset/ISIC_0010850.jpg,/path/to/IMA_dataset/ISIC_0010850_A04_T1_S1_55a699e69fc3c156bd714d9c.png,/path/to/IMA_dataset/ISIC_0010850_A04_T1_S1_55a699e69fc3c156bd714d9c.png,1,Light
ISIC_0012806,/path/to/IMA_dataset/ISIC_0012806.jpg,/path/to/IMA_dataset/ISIC_0012806_ST_ST_ST_ST.png,/path/to/IMA_dataset/ISIC_0012806_A00_T2_S1_5841e3e59fc3c156c3ef3108.png,1,Light
ISIC_0013205,/path/to/IMA_dataset/ISIC_0013205.jpg,/path/to/IMA_dataset/ISIC_0013205_ST_ST_ST_ST.png,/path/to/IMA_dataset/ISIC_0013205_A06_T1_S1_58473e4b9fc3c10f04859b6b.png,2,Intermediate
ISIC_0012503,/path/to/IMA_dataset/ISIC_0012503.jpg,/path/to/IMA_dataset/ISIC_0012503_A00_T2_S1_5841e3419fc3c156c3ef2d7b.png,/path/to/IMA_dataset/ISIC_0012503_A00_T2_S1_5841e3419fc3c156c3ef2d7b.png,2,Intermediate
ISIC_0012290,/path/to/IMA_dataset/ISIC_0012290.jpg,/path/to/IMA_dataset/ISIC_0012290_A00_T2_S1_5841e2b59fc3c156c3ef2afc.png,/path/to/IMA_dataset/ISIC_0012290_A00_T2_S1_5841e2b59fc3c156c3ef2afc.png,1,Light
ISIC_0014092,/path/to/IMA_dataset/ISIC_0014092.jpg,/path/to/IMA_dataset/ISIC_0014092_A00_T2_S1_5841e7459fc3c156c3ef401a.png,/path/to/IMA_dataset/ISIC_0014092_A00_T2_S1_5841e7459fc3c156c3ef401a.png,2,Intermediate
ISIC_0000068,/path/to/IMA_dataset/ISIC_0000068.jpg,/path/to/IMA_dataset/ISIC_0000068_A04_T3_S1_545bc929bae47821f8802400.png,/path/to/IMA_dataset/ISIC_0000068_A04_T3_S1_545bc929bae47821f8802400.png,1,Light
ISIC_0000220,/path/to/IMA_dataset/ISIC_0000220.jpg,/path/to/IMA_dataset/ISIC_0000220_A04_T1_S1_5457fbc3bae47821f8802238.png,/path/to/IMA_dataset/ISIC_0000220_A04_T1_S1_5457fbc3bae47821f8802238.png,0,Very Light
ISIC_0000234,/path/to/IMA_dataset/ISIC_0000234.jpg,/path/to/IMA_dataset/ISIC_0000234_ST_ST_ST_ST.png,/path/to/IMA_dataset/ISIC_0000234_A04_T3_S2_5457f61abae47821f880220e.png,1,Light
ISIC_0000256,/path/to/IMA_dataset/ISIC_0000256.jpg,/path/to/IMA_dataset/ISIC_0000256_A04_T3_S1_5457cf55bae47821f88021cc.png,/path/to/IMA_dataset/ISIC_0000256_A04_T3_S1_5457cf55bae47821f88021cc.png,1,Light
ISIC_0013843,/path/to/IMA_dataset/ISIC_0013843.jpg,/path/to/IMA_dataset/ISIC_0013843_A00_T2_S1_5841e6939fc3c156c3ef3d2f.png,/path/to/IMA_dataset/ISIC_0013843_A00_T2_S1_5841e6939fc3c156c3ef3d2f.png,1,Light
ISIC_0012274,/path/to/IMA_dataset/ISIC_0012274.jpg,/path/to/IMA_dataset/ISIC_0012274_A00_T2_S1_5841e2ab9fc3c156c3ef2acc.png,/path/to/IMA_dataset/ISIC_0012274_A00_T2_S1_5841e2ab9fc3c156c3ef2acc.png,2,Intermediate
ISIC_0000135,/path/to/IMA_dataset/ISIC_0000135.jpg,/path/to/IMA_dataset/ISIC_0000135_A04_T3_S1_545a65a9bae47821f8802337.png,/path/to/IMA_dataset/ISIC_0000135_A04_T3_S1_545a65a9bae47821f8802337.png,1,Light
ISIC_0014735,/path/to/IMA_dataset/ISIC_0014735.jpg,/path/to/IMA_dataset/ISIC_0014735_A00_T2_S1_5841e93f9fc3c156c3ef47a3.png,/path/to/IMA_dataset/ISIC_0014735_A00_T2_S1_5841e93f9fc3c156c3ef47a3.png,1,Light
ISIC_0013432,/path/to/IMA_dataset/ISIC_0013432.jpg,/path/to/IMA_dataset/ISIC_0013432_A00_T2_S1_5841e5799fc3c156c3ef385e.png,/path/to/IMA_dataset/ISIC_0013432_A00_T2_S1_5841e5799fc3c156c3ef385e.png,2,Intermediate
ISIC_0014797,/path/to/IMA_dataset/ISIC_0014797.jpg,/path/to/IMA_dataset/ISIC_0014797_ST_ST_ST_ST.png,/path/to/IMA_dataset/ISIC_0014797_A00_T2_S1_5841e9869fc3c156c3ef485d.png,2,Intermediate
ISIC_0013674,/path/to/IMA_dataset/ISIC_0013674.jpg,/path/to/IMA_dataset/ISIC_0013674_ST_ST_ST_ST.png,/path/to/IMA_dataset/ISIC_0013674_A03_T1_S1_584738549fc3c10f04859b13.png,2,Intermediate
ISIC_0012700,/path/to/IMA_dataset/ISIC_0012700.jpg,/path/to/IMA_dataset/ISIC_0012700_ST_ST_ST_ST.png,/path/to/IMA_dataset/ISIC_0012700_A00_T2_S1_5841e3aa9fc3c156c3ef2fca.png,1,Light
ISIC_0000283,/path/to/IMA_dataset/ISIC_0000283.jpg,/path/to/IMA_dataset/ISIC_0000283_ST_ST_ST_ST.png,/path/to/IMA_dataset/ISIC_0000283_A04_T3_S2_5457b349bae47821f880217b.png,1,Light
ISIC_0012268,/path/to/IMA_dataset/ISIC_0012268.jpg,/path/to/IMA_dataset/ISIC_0012268_ST_ST_ST_ST.png,/path/to/IMA_dataset/ISIC_0012268_A03_T3_S1_58472bc79fc3c10f04859ad4.png,2,Intermediate
ISIC_0010606,/path/to/IMA_dataset/ISIC_0010606.jpg,/path/to/IMA_dataset/ISIC_0010606_A04_T3_S1_55a7c43d9fc3c156bd715354.png,/path/to/IMA_dataset/ISIC_0010606_A04_T3_S1_55a7c43d9fc3c156bd715354.png,0,Very Light
ISIC_0013181,/path/to/IMA_dataset/ISIC_0013181.jpg,/path/to/IMA_dataset/ISIC_0013181_ST_ST_ST_ST.png,/path/to/IMA_dataset/ISIC_0013181_A03_T1_S1_5847393a9fc3c10f04859b1f.png,2,Intermediate
ISIC_0000521,/path/to/IMA_dataset/ISIC_0000521.jpg,/path/to/IMA_dataset/ISIC_0000521_ST_ST_ST_ST.png,/path/to/IMA_dataset/ISIC_0000521_A04_T3_S1_544e6483bae478661558fb33.png,1,Light
ISIC_0000124,/path/to/IMA_dataset/ISIC_0000124.jpg,/path/to/IMA_dataset/ISIC_0000124_ST_ST_ST_ST.png,/path/to/IMA_dataset/ISIC_0000124_A04_T3_S2_545a748abae47821f8802358.png,1,Light
ISIC_0012237,/path/to/IMA_dataset/ISIC_0012237.jpg,/path/to/IMA_dataset/ISIC_0012237_A00_T2_S1_5841e2919fc3c156c3ef2a5d.png,/path/to/IMA_dataset/ISIC_0012237_A00_T2_S1_5841e2919fc3c156c3ef2a5d.png,2,Intermediate
ISIC_0010014,/path/to/IMA_dataset/ISIC_0010014.jpg,/path/to/IMA_dataset/ISIC_0010014_A04_T1_S1_5592df989fc3c13155145ae0.png,/path/to/IMA_dataset/ISIC_0010014_A04_T1_S1_5592df989fc3c13155145ae0.png,0,Very Light
ISIC_0000410,/path/to/IMA_dataset/ISIC_0000410.jpg,/path/to/IMA_dataset/ISIC_0000410_ST_ST_ST_ST.png,/path/to/IMA_dataset/ISIC_0000410_A04_T3_S2_545271f1bae47821f8801ffe.png,1,Light
ISIC_0014591,/path/to/IMA_dataset/ISIC_0014591.jpg,/path/to/IMA_dataset/ISIC_0014591_A00_T2_S1_5841e8bf9fc3c156c3ef45f3.png,/path/to/IMA_dataset/ISIC_0014591_A00_T2_S1_5841e8bf9fc3c156c3ef45f3.png,1,Light
ISIC_0014127,/path/to/IMA_dataset/ISIC_0014127.jpg,/path/to/IMA_dataset/ISIC_0014127_A00_T2_S1_5841e75f9fc3c156c3ef4083.png,/path/to/IMA_dataset/ISIC_0014127_A00_T2_S1_5841e75f9fc3c156c3ef4083.png,2,Intermediate
ISIC_0011363,/path/to/IMA_dataset/ISIC_0011363.jpg,/path/to/IMA_dataset/ISIC_0011363_A04_T1_S1_55a947919fc3c156bd715d65.png,/path/to/IMA_dataset/ISIC_0011363_A04_T1_S1_55a947919fc3c156bd715d65.png,1,Light
ISIC_0010860,/path/to/IMA_dataset/ISIC_0010860.jpg,/path/to/IMA_dataset/ISIC_0010860_A04_T3_S1_55a6972f9fc3c156bd714d60.png,/path/to/IMA_dataset/ISIC_0010860_A04_T3_S1_55a6972f9fc3c156bd714d60.png,1,Light
ISIC_0010034,/path/to/IMA_dataset/ISIC_0010034.jpg,/path/to/IMA_dataset/ISIC_0010034_A04_T3_S1_559453b29fc3c13155bcaf61.png,/path/to/IMA_dataset/ISIC_0010034_A04_T3_S1_559453b29fc3c13155bcaf61.png,1,Light
ISIC_0014665,/path/to/IMA_dataset/ISIC_0014665.jpg,/path/to/IMA_dataset/ISIC_0014665_A00_T2_S1_5841e8ef9fc3c156c3ef46d1.png,/path/to/IMA_dataset/ISIC_0014665_A00_T2_S1_5841e8ef9fc3c156c3ef46d1.png,2,Intermediate
ISIC_0000364,/path/to/IMA_dataset/ISIC_0000364.jpg,/path/to/IMA_dataset/ISIC_0000364_A04_T1_S1_5453b005bae47821f8802088.png,/path/to/IMA_dataset/ISIC_0000364_A04_T1_S1_5453b005bae47821f8802088.png,2,Intermediate
ISIC_0010057,/path/to/IMA_dataset/ISIC_0010057.jpg,/path/to/IMA_dataset/ISIC_0010057_A04_T1_S1_55944d499fc3c13155bcaed7.png,/path/to/IMA_dataset/ISIC_0010057_A04_T1_S1_55944d499fc3c13155bcaed7.png,1,Light
ISIC_0010368,/path/to/IMA_dataset/ISIC_0010368.jpg,/path/to/IMA_dataset/ISIC_0010368_A04_T3_S1_55a80f289fc3c156bd7158eb.png,/path/to/IMA_dataset/ISIC_0010368_A04_T3_S1_55a80f289fc3c156bd7158eb.png,1,Light
ISIC_0000139,/path/to/IMA_dataset/ISIC_0000139.jpg,/path/to/IMA_dataset/ISIC_0000139_A04_T1_S1_545a60cbbae47821f880232b.png,/path/to/IMA_dataset/ISIC_0000139_A04_T1_S1_545a60cbbae47821f880232b.png,1,Light
ISIC_0011171,/path/to/IMA_dataset/ISIC_0011171.jpg,/path/to/IMA_dataset/ISIC_0011171_A04_T3_S1_55a007a09fc3c156bd7145f1.png,/path/to/IMA_dataset/ISIC_0011171_A04_T3_S1_55a007a09fc3c156bd7145f1.png,1,Light
ISIC_0000086,/path/to/IMA_dataset/ISIC_0000086.jpg,/path/to/IMA_dataset/ISIC_0000086_A04_T3_S1_545ba82ebae47821f88023ca.png,/path/to/IMA_dataset/ISIC_0000086_A04_T3_S1_545ba82ebae47821f88023ca.png,1,Light
ISIC_0013737,/path/to/IMA_dataset/ISIC_0013737.jpg,/path/to/IMA_dataset/ISIC_0013737_A00_T2_S1_5841e64c9fc3c156c3ef3bf1.png,/path/to/IMA_dataset/ISIC_0013737_A00_T2_S1_5841e64c9fc3c156c3ef3bf1.png,2,Intermediate
ISIC_0011387,/path/to/IMA_dataset/ISIC_0011387.jpg,/path/to/IMA_dataset/ISIC_0011387_A04_T3_S1_55a941449fc3c156bd715cd5.png,/path/to/IMA_dataset/ISIC_0011387_A04_T3_S1_55a941449fc3c156bd715cd5.png,1,Light
ISIC_0012692,/path/to/IMA_dataset/ISIC_0012692.jpg,/path/to/IMA_dataset/ISIC_0012692_A00_T2_S1_5841e3a69fc3c156c3ef2fb2.png,/path/to/IMA_dataset/ISIC_0012692_A00_T2_S1_5841e3a69fc3c156c3ef2fb2.png,2,Intermediate
ISIC_0014144,/path/to/IMA_dataset/ISIC_0014144.jpg,/path/to/IMA_dataset/ISIC_0014144_A00_T2_S1_5841e76d9fc3c156c3ef40b6.png,/path/to/IMA_dataset/ISIC_0014144_A00_T2_S1_5841e76d9fc3c156c3ef40b6.png,2,Intermediate
ISIC_0014650,/path/to/IMA_dataset/ISIC_0014650.jpg,/path/to/IMA_dataset/ISIC_0014650_A00_T2_S1_5841e8e09fc3c156c3ef46a4.png,/path/to/IMA_dataset/ISIC_0014650_A00_T2_S1_5841e8e09fc3c156c3ef46a4.png,1,Light
ISIC_0000474,/path/to/IMA_dataset/ISIC_0000474.jpg,/path/to/IMA_dataset/ISIC_0000474_A04_T3_S1_5450ffadbae47821f8801f38.png,/path/to/IMA_dataset/ISIC_0000474_A04_T3_S1_5450ffadbae47821f8801f38.png,1,Light
ISIC_0012744,/path/to/IMA_dataset/ISIC_0012744.jpg,/path/to/IMA_dataset/ISIC_0012744_A00_T2_S1_5841e3c19fc3c156c3ef304e.png,/path/to/IMA_dataset/ISIC_0012744_A00_T2_S1_5841e3c19fc3c156c3ef304e.png,2,Intermediate
ISIC_0014702,/path/to/IMA_dataset/ISIC_0014702.jpg,/path/to/IMA_dataset/ISIC_0014702_ST_ST_ST_ST.png,/path/to/IMA_dataset/ISIC_0014702_A09_T1_S1_584711d19fc3c10f048596ce.png,2,Intermediate
ISIC_0001142,/path/to/IMA_dataset/ISIC_0001142.jpg,/path/to/IMA_dataset/ISIC_0001142_ST_ST_ST_ST.png,/path/to/IMA_dataset/ISIC_0001142_A03_T1_S1_57be114b9fc3c1434763a33a.png,1,Light
ISIC_0014249,/path/to/IMA_dataset/ISIC_0014249.jpg,/path/to/IMA_dataset/ISIC_0014249_A00_T2_S1_5841e7c19fc3c156c3ef41f1.png,/path/to/IMA_dataset/ISIC_0014249_A00_T2_S1_5841e7c19fc3c156c3ef41f1.png,2,Intermediate
ISIC_0013806,/path/to/IMA_dataset/ISIC_0013806.jpg,/path/to/IMA_dataset/ISIC_0013806_A00_T2_S1_5841e67a9fc3c156c3ef3cc0.png,/path/to/IMA_dataset/ISIC_0013806_A00_T2_S1_5841e67a9fc3c156c3ef3cc0.png,3,Tan
ISIC_0008396,/path/to/IMA_dataset/ISIC_0008396.jpg,/path/to/IMA_dataset/ISIC_0008396_A01_T3_S2_55df34dd9fc3c10470dc0bc8.png,/path/to/IMA_dataset/ISIC_0008396_A05_T1_S1_5661e5c99fc3c147bbd6a2f0.png,1,Light
ISIC_0010862,/path/to/IMA_dataset/ISIC_0010862.jpg,/path/to/IMA_dataset/ISIC_0010862_A04_T1_S1_55a697059fc3c156bd714d54.png,/path/to/IMA_dataset/ISIC_0010862_A04_T1_S1_55a697059fc3c156bd714d54.png,1,Light
ISIC_0013430,/path/to/IMA_dataset/ISIC_0013430.jpg,/path/to/IMA_dataset/ISIC_0013430_A00_T2_S1_5841e5779fc3c156c3ef3858.png,/path/to/IMA_dataset/ISIC_0013430_A00_T2_S1_5841e5779fc3c156c3ef3858.png,2,Intermediate
ISIC_0014823,/path/to/IMA_dataset/ISIC_0014823.jpg,/path/to/IMA_dataset/ISIC_0014823_A00_T2_S1_5841e9a39fc3c156c3ef48ab.png,/path/to/IMA_dataset/ISIC_0014823_A00_T2_S1_5841e9a39fc3c156c3ef48ab.png,2,Intermediate
ISIC_0004309,/path/to/IMA_dataset/ISIC_0004309.jpg,/path/to/IMA_dataset/ISIC_0004309_ST_ST_ST_ST.png,/path/to/IMA_dataset/ISIC_0004309_A02_T1_S1_56659f5e9fc3c147bbd6af8c.png,1,Light
ISIC_0010441,/path/to/IMA_dataset/ISIC_0010441.jpg,/path/to/IMA_dataset/ISIC_0010441_A04_T1_S1_55a802b19fc3c156bd715735.png,/path/to/IMA_dataset/ISIC_0010441_A04_T1_S1_55a802b19fc3c156bd715735.png,2,Intermediate
ISIC_0013120,/path/to/IMA_dataset/ISIC_0013120.jpg,/path/to/IMA_dataset/ISIC_0013120_ST_ST_ST_ST.png,/path/to/IMA_dataset/ISIC_0013120_A00_T2_S1_5841e4a59fc3c156c3ef34b6.png,2,Intermediate
ISIC_0000470,/path/to/IMA_dataset/ISIC_0000470.jpg,/path/to/IMA_dataset/ISIC_0000470_ST_ST_ST_ST.png,/path/to/IMA_dataset/ISIC_0000470_A10_T3_S2_545105e5bae47821f8801f44.png,1,Light
ISIC_0011107,/path/to/IMA_dataset/ISIC_0011107.jpg,/path/to/IMA_dataset/ISIC_0011107_ST_ST_ST_ST.png,/path/to/IMA_dataset/ISIC_0011107_A03_T1_S1_57be16e99fc3c1434763a366.png,1,Light
ISIC_0011131,/path/to/IMA_dataset/ISIC_0011131.jpg,/path/to/IMA_dataset/ISIC_0011131_A04_T3_S1_55a01dac9fc3c156bd714706.png,/path/to/IMA_dataset/ISIC_0011131_A04_T3_S1_55a01dac9fc3c156bd714706.png,1,Light
ISIC_0012883,/path/to/IMA_dataset/ISIC_0012883.jpg,/path/to/IMA_dataset/ISIC_0012883_A00_T2_S1_5841e4159fc3c156c3ef31ef.png,/path/to/IMA_dataset/ISIC_0012883_A00_T2_S1_5841e4159fc3c156c3ef31ef.png,1,Light
ISIC_0014094,/path/to/IMA_dataset/ISIC_0014094.jpg,/path/to/IMA_dataset/ISIC_0014094_ST_ST_ST_ST.png,/path/to/IMA_dataset/ISIC_0014094_A03_T3_S1_58473a969fc3c10f04859b31.png,2,Intermediate
ISIC_0010498,/path/to/IMA_dataset/ISIC_0010498.jpg,/path/to/IMA_dataset/ISIC_0010498_A04_T1_S1_55a7f5a59fc3c156bd7155df.png,/path/to/IMA_dataset/ISIC_0010498_A04_T1_S1_55a7f5a59fc3c156bd7155df.png,1,Light
ISIC_0011144,/path/to/IMA_dataset/ISIC_0011144.jpg,/path/to/IMA_dataset/ISIC_0011144_A04_T1_S1_55a01be89fc3c156bd7146b8.png,/path/to/IMA_dataset/ISIC_0011144_A04_T1_S1_55a01be89fc3c156bd7146b8.png,1,Light
ISIC_0011338,/path/to/IMA_dataset/ISIC_0011338.jpg,/path/to/IMA_dataset/ISIC_0011338_ST_ST_ST_ST.png,/path/to/IMA_dataset/ISIC_0011338_A06_T1_S1_568b36599fc3c126c063fed1.png,1,Light
ISIC_0014615,/path/to/IMA_dataset/ISIC_0014615.jpg,/path/to/IMA_dataset/ISIC_0014615_A03_T3_S1_584712d49fc3c10f0485975b.png,/path/to/IMA_dataset/ISIC_0014615_A03_T3_S1_584712d49fc3c10f0485975b.png,1,Light
ISIC_0000524,/path/to/IMA_dataset/ISIC_0000524.jpg,/path/to/IMA_dataset/ISIC_0000524_ST_ST_ST_ST.png,/path/to/IMA_dataset/ISIC_0000524_A04_T3_S2_544e62c5bae478661558fb2a.png,1,Light
ISIC_0000518,/path/to/IMA_dataset/ISIC_0000518.jpg,/path/to/IMA_dataset/ISIC_0000518_ST_ST_ST_ST.png,/path/to/IMA_dataset/ISIC_0000518_A04_T3_S2_544e65f4bae478661558fb3c.png,2,Intermediate
ISIC_0010019,/path/to/IMA_dataset/ISIC_0010019.jpg,/path/to/IMA_dataset/ISIC_0010019_A04_T3_S1_5594569b9fc3c13155bcafbb.png,/path/to/IMA_dataset/ISIC_0010019_A04_T3_S1_5594569b9fc3c13155bcafbb.png,1,Light
ISIC_0009564,/path/to/IMA_dataset/ISIC_0009564.jpg,/path/to/IMA_dataset/ISIC_0009564_A01_T3_S1_55ddb86c9fc3c10470dbe13e.png,/path/to/IMA_dataset/ISIC_0009564_A01_T3_S1_55ddb86c9fc3c10470dbe13e.png,2,Intermediate
ISIC_0012281,/path/to/IMA_dataset/ISIC_0012281.jpg,/path/to/IMA_dataset/ISIC_0012281_ST_ST_ST_ST.png,/path/to/IMA_dataset/ISIC_0012281_A00_T2_S1_5841e2af9fc3c156c3ef2ae1.png,2,Intermediate
ISIC_0012800,/path/to/IMA_dataset/ISIC_0012800.jpg,/path/to/IMA_dataset/ISIC_0012800_A03_T1_S1_58473f979fc3c10f04859b7c.png,/path/to/IMA_dataset/ISIC_0012800_A03_T1_S1_58473f979fc3c10f04859b7c.png,2,Intermediate
ISIC_0000259,/path/to/IMA_dataset/ISIC_0000259.jpg,/path/to/IMA_dataset/ISIC_0000259_ST_ST_ST_ST.png,/path/to/IMA_dataset/ISIC_0000259_A04_T3_S2_5457cc38bae47821f88021c3.png,1,Light
ISIC_0013360,/path/to/IMA_dataset/ISIC_0013360.jpg,/path/to/IMA_dataset/ISIC_0013360_A06_T1_S1_584738ee9fc3c10f04859b1c.png,/path/to/IMA_dataset/ISIC_0013360_A06_T1_S1_584738ee9fc3c10f04859b1c.png,2,Intermediate
ISIC_0000250,/path/to/IMA_dataset/ISIC_0000250.jpg,/path/to/IMA_dataset/ISIC_0000250_A04_T1_S1_5457d16fbae47821f88021de.png,/path/to/IMA_dataset/ISIC_0000250_A04_T1_S1_5457d16fbae47821f88021de.png,1,Light
ISIC_0012662,/path/to/IMA_dataset/ISIC_0012662.jpg,/path/to/IMA_dataset/ISIC_0012662_ST_ST_ST_ST.png,/path/to/IMA_dataset/ISIC_0012662_A00_T2_S1_5841e3969fc3c156c3ef2f58.png,1,Light
ISIC_0000504,/path/to/IMA_dataset/ISIC_0000504.jpg,/path/to/IMA_dataset/ISIC_0000504_ST_ST_ST_ST.png,/path/to/IMA_dataset/ISIC_0000504_A04_T3_S2_544ea997bae478661558fb66.png,1,Light
ISIC_0010558,/path/to/IMA_dataset/ISIC_0010558.jpg,/path/to/IMA_dataset/ISIC_0010558_A04_T3_S1_55a7e12e9fc3c156bd715477.png,/path/to/IMA_dataset/ISIC_0010558_A04_T3_S1_55a7e12e9fc3c156bd715477.png,1,Light
ISIC_0010332,/path/to/IMA_dataset/ISIC_0010332.jpg,/path/to/IMA_dataset/ISIC_0010332_A04_T1_S1_55a91e139fc3c156bd7159c3.png,/path/to/IMA_dataset/ISIC_0010332_A04_T1_S1_55a91e139fc3c156bd7159c3.png,1,Light
ISIC_0013220,/path/to/IMA_dataset/ISIC_0013220.jpg,/path/to/IMA_dataset/ISIC_0013220_A00_T2_S1_5841e4df9fc3c156c3ef35e2.png,/path/to/IMA_dataset/ISIC_0013220_A00_T2_S1_5841e4df9fc3c156c3ef35e2.png,2,Intermediate
ISIC_0014866,/path/to/IMA_dataset/ISIC_0014866.jpg,/path/to/IMA_dataset/ISIC_0014866_A00_T2_S1_5841e9d49fc3c156c3ef492c.png,/path/to/IMA_dataset/ISIC_0014866_A00_T2_S1_5841e9d49fc3c156c3ef492c.png,1,Light
ISIC_0010267,/path/to/IMA_dataset/ISIC_0010267.jpg,/path/to/IMA_dataset/ISIC_0010267_A04_T1_S1_55a921189fc3c156bd715a23.png,/path/to/IMA_dataset/ISIC_0010267_A04_T1_S1_55a921189fc3c156bd715a23.png,1,Light
ISIC_0000012,/path/to/IMA_dataset/ISIC_0000012.jpg,/path/to/IMA_dataset/ISIC_0000012_A04_T3_S1_545cf39bbae47821f88024f0.png,/path/to/IMA_dataset/ISIC_0000012_A04_T3_S1_545cf39bbae47821f88024f0.png,2,Intermediate
ISIC_0014638,/path/to/IMA_dataset/ISIC_0014638.jpg,/path/to/IMA_dataset/ISIC_0014638_A03_T3_S1_584719ce9fc3c10f048599d1.png,/path/to/IMA_dataset/ISIC_0014638_A03_T3_S1_584719ce9fc3c10f048599d1.png,1,Light
ISIC_0014173,/path/to/IMA_dataset/ISIC_0014173.jpg,/path/to/IMA_dataset/ISIC_0014173_ST_ST_ST_ST.png,/path/to/IMA_dataset/ISIC_0014173_A03_T3_S1_584723869fc3c10f04859a94.png,1,Light
ISIC_0012663,/path/to/IMA_dataset/ISIC_0012663.jpg,/path/to/IMA_dataset/ISIC_0012663_A00_T2_S1_5841e3979fc3c156c3ef2f5b.png,/path/to/IMA_dataset/ISIC_0012663_A00_T2_S1_5841e3979fc3c156c3ef2f5b.png,1,Light
ISIC_0000350,/path/to/IMA_dataset/ISIC_0000350.jpg,/path/to/IMA_dataset/ISIC_0000350_A04_T1_S1_5453bd02bae47821f88020b2.png,/path/to/IMA_dataset/ISIC_0000350_A04_T1_S1_5453bd02bae47821f88020b2.png,1,Light
ISIC_0000161,/path/to/IMA_dataset/ISIC_0000161.jpg,/path/to/IMA_dataset/ISIC_0000161_A04_T1_S1_5459399abae47821f88022e9.png,/path/to/IMA_dataset/ISIC_0000161_A04_T1_S1_5459399abae47821f88022e9.png,1,Light
ISIC_0013080,/path/to/IMA_dataset/ISIC_0013080.jpg,/path/to/IMA_dataset/ISIC_0013080_ST_ST_ST_ST.png,/path/to/IMA_dataset/ISIC_0013080_A03_T1_S1_5847271d9fc3c10f04859aae.png,1,Light
ISIC_0000141,/path/to/IMA_dataset/ISIC_0000141.jpg,/path/to/IMA_dataset/ISIC_0000141_ST_ST_ST_ST.png,/path/to/IMA_dataset/ISIC_0000141_A04_T1_S1_545a5fdbbae47821f8802325.png,1,Light
ISIC_0009911,/path/to/IMA_dataset/ISIC_0009911.jpg,/path/to/IMA_dataset/ISIC_0009911_ST_ST_ST_ST.png,/path/to/IMA_dataset/ISIC_0009911_A04_T3_S2_5592f9899fc3c13155145d4a.png,1,Light
ISIC_0000535,/path/to/IMA_dataset/ISIC_0000535.jpg,/path/to/IMA_dataset/ISIC_0000535_ST_ST_ST_ST.png,/path/to/IMA_dataset/ISIC_0000535_A04_T3_S2_544a7b8bbae478661558fb09.png,1,Light
ISIC_0000372,/path/to/IMA_dataset/ISIC_0000372.jpg,/path/to/IMA_dataset/ISIC_0000372_ST_ST_ST_ST.png,/path/to/IMA_dataset/ISIC_0000372_A04_T3_S2_5453a4f4bae47821f8802070.png,1,Light
ISIC_0000082,/path/to/IMA_dataset/ISIC_0000082.jpg,/path/to/IMA_dataset/ISIC_0000082_A04_T3_S1_545ba91ebae47821f88023d6.png,/path/to/IMA_dataset/ISIC_0000082_A04_T3_S1_545ba91ebae47821f88023d6.png,1,Light
ISIC_0013089,/path/to/IMA_dataset/ISIC_0013089.jpg,/path/to/IMA_dataset/ISIC_0013089_A03_T1_S1_58471f7f9fc3c10f04859a79.png,/path/to/IMA_dataset/ISIC_0013089_A03_T1_S1_58471f7f9fc3c10f04859a79.png,1,Light
ISIC_0013417,/path/to/IMA_dataset/ISIC_0013417.jpg,/path/to/IMA_dataset/ISIC_0013417_A00_T2_S1_5841e56d9fc3c156c3ef3831.png,/path/to/IMA_dataset/ISIC_0013417_A00_T2_S1_5841e56d9fc3c156c3ef3831.png,2,Intermediate
ISIC_0014248,/path/to/IMA_dataset/ISIC_0014248.jpg,/path/to/IMA_dataset/ISIC_0014248_ST_ST_ST_ST.png,/path/to/IMA_dataset/ISIC_0014248_A00_T2_S1_5841e7c09fc3c156c3ef41ee.png,2,Intermediate
ISIC_0000119,/path/to/IMA_dataset/ISIC_0000119.jpg,/path/to/IMA_dataset/ISIC_0000119_A04_T3_S1_545a8a3cbae47821f8802367.png,/path/to/IMA_dataset/ISIC_0000119_A04_T3_S1_545a8a3cbae47821f8802367.png,1,Light
ISIC_0000494,/path/to/IMA_dataset/ISIC_0000494.jpg,/path/to/IMA_dataset/ISIC_0000494_ST_ST_ST_ST.png,/path/to/IMA_dataset/ISIC_0000494_A04_T3_S2_5450ed81bae47865794e4d10.png,1,Light
ISIC_0000377,/path/to/IMA_dataset/ISIC_0000377.jpg,/path/to/IMA_dataset/ISIC_0000377_ST_ST_ST_ST.png,/path/to/IMA_dataset/ISIC_0000377_A04_T3_S2_5453a1dcbae47821f8802061.png,1,Light
ISIC_0011384,/path/to/IMA_dataset/ISIC_0011384.jpg,/path/to/IMA_dataset/ISIC_0011384_ST_ST_ST_ST.png,/path/to/IMA_dataset/ISIC_0011384_A03_T1_S1_57be193a9fc3c1434763a375.png,1,Light
ISIC_0014331,/path/to/IMA_dataset/ISIC_0014331.jpg,/path/to/IMA_dataset/ISIC_0014331_ST_ST_ST_ST.png,/path/to/IMA_dataset/ISIC_0014331_A03_T1_S1_58472da59fc3c10f04859adb.png,2,Intermediate
ISIC_0013346,/path/to/IMA_dataset/ISIC_0013346.jpg,/path/to/IMA_dataset/ISIC_0013346_ST_ST_ST_ST.png,/path/to/IMA_dataset/ISIC_0013346_A03_T1_S1_584725c59fc3c10f04859aa2.png,2,Intermediate
ISIC_0012873,/path/to/IMA_dataset/ISIC_0012873.jpg,/path/to/IMA_dataset/ISIC_0012873_A00_T2_S1_5841e40f9fc3c156c3ef31d1.png,/path/to/IMA_dataset/ISIC_0012873_A00_T2_S1_5841e40f9fc3c156c3ef31d1.png,1,Light
ISIC_0013235,/path/to/IMA_dataset/ISIC_0013235.jpg,/path/to/IMA_dataset/ISIC_0013235_A00_T2_S1_5841e4e99fc3c156c3ef360f.png,/path/to/IMA_dataset/ISIC_0013235_A00_T2_S1_5841e4e99fc3c156c3ef360f.png,2,Intermediate
ISIC_0008347,/path/to/IMA_dataset/ISIC_0008347.jpg,/path/to/IMA_dataset/ISIC_0008347_A01_T3_S2_55df3c999fc3c10470dc0f46.png,/path/to/IMA_dataset/ISIC_0008347_A02_T1_S1_5661cbd39fc3c147bbd69eb8.png,1,Light
ISIC_0012338,/path/to/IMA_dataset/ISIC_0012338.jpg,/path/to/IMA_dataset/ISIC_0012338_A00_T2_S1_5841e2d19fc3c156c3ef2b8c.png,/path/to/IMA_dataset/ISIC_0012338_A00_T2_S1_5841e2d19fc3c156c3ef2b8c.png,1,Light
ISIC_0012823,/path/to/IMA_dataset/ISIC_0012823.jpg,/path/to/IMA_dataset/ISIC_0012823_A00_T2_S1_5841e3f09fc3c156c3ef313b.png,/path/to/IMA_dataset/ISIC_0012823_A00_T2_S1_5841e3f09fc3c156c3ef313b.png,1,Light
ISIC_0008879,/path/to/IMA_dataset/ISIC_0008879.jpg,/path/to/IMA_dataset/ISIC_0008879_A01_T3_S2_55ddfdbf9fc3c10470dbfcfe.png,/path/to/IMA_dataset/ISIC_0008879_A02_T1_S1_5661cd759fc3c147bbd69f5a.png,1,Light
ISIC_0009960,/path/to/IMA_dataset/ISIC_0009960.jpg,/path/to/IMA_dataset/ISIC_0009960_A04_T3_S1_5592ef979fc3c13155145c24.png,/path/to/IMA_dataset/ISIC_0009960_A04_T3_S1_5592ef979fc3c13155145c24.png,1,Light
ISIC_0000052,/path/to/IMA_dataset/ISIC_0000052.jpg,/path/to/IMA_dataset/ISIC_0000052_ST_ST_ST_ST.png,/path/to/IMA_dataset/ISIC_0000052_A06_T3_S1_568b2aa49fc3c126c063fe86.png,0,Very Light
ISIC_0000447,/path/to/IMA_dataset/ISIC_0000447.jpg,/path/to/IMA_dataset/ISIC_0000447_A04_T3_S1_54512390bae47821f8801f8f.png,/path/to/IMA_dataset/ISIC_0000447_A04_T3_S1_54512390bae47821f8801f8f.png,1,Light
ISIC_0000048,/path/to/IMA_dataset/ISIC_0000048.jpg,/path/to/IMA_dataset/ISIC_0000048_ST_ST_ST_ST.png,/path/to/IMA_dataset/ISIC_0000048_A04_T3_S2_545bd236bae47821f880243c.png,1,Light
ISIC_0000357,/path/to/IMA_dataset/ISIC_0000357.jpg,/path/to/IMA_dataset/ISIC_0000357_A04_T1_S1_5453b548bae47821f880209d.png,/path/to/IMA_dataset/ISIC_0000357_A04_T1_S1_5453b548bae47821f880209d.png,1,Light
ISIC_0011162,/path/to/IMA_dataset/ISIC_0011162.jpg,/path/to/IMA_dataset/ISIC_0011162_A04_T3_S1_55a008739fc3c156bd714627.png,/path/to/IMA_dataset/ISIC_0011162_A04_T3_S1_55a008739fc3c156bd714627.png,1,Light
ISIC_0014290,/path/to/IMA_dataset/ISIC_0014290.jpg,/path/to/IMA_dataset/ISIC_0014290_A00_T2_S1_5841e7df9fc3c156c3ef426c.png,/path/to/IMA_dataset/ISIC_0014290_A00_T2_S1_5841e7df9fc3c156c3ef426c.png,2,Intermediate
ISIC_0010334,/path/to/IMA_dataset/ISIC_0010334.jpg,/path/to/IMA_dataset/ISIC_0010334_A04_T3_S1_55a91dbb9fc3c156bd7159b7.png,/path/to/IMA_dataset/ISIC_0010334_A04_T3_S1_55a91dbb9fc3c156bd7159b7.png,1,Light
ISIC_0014136,/path/to/IMA_dataset/ISIC_0014136.jpg,/path/to/IMA_dataset/ISIC_0014136_A00_T2_S1_5841e7669fc3c156c3ef409e.png,/path/to/IMA_dataset/ISIC_0014136_A00_T2_S1_5841e7669fc3c156c3ef409e.png,2,Intermediate
ISIC_0000380,/path/to/IMA_dataset/ISIC_0000380.jpg,/path/to/IMA_dataset/ISIC_0000380_A04_T1_S1_54539dbdbae47821f8802058.png,/path/to/IMA_dataset/ISIC_0000380_A04_T1_S1_54539dbdbae47821f8802058.png,1,Light
ISIC_0011321,/path/to/IMA_dataset/ISIC_0011321.jpg,/path/to/IMA_dataset/ISIC_0011321_ST_ST_ST_ST.png,/path/to/IMA_dataset/ISIC_0011321_A04_T3_S1_55a967a49fc3c156bd715e61.png,1,Light
ISIC_0012205,/path/to/IMA_dataset/ISIC_0012205.jpg,/path/to/IMA_dataset/ISIC_0012205_A00_T2_S1_5841e27d9fc3c156c3ef29fd.png,/path/to/IMA_dataset/ISIC_0012205_A00_T2_S1_5841e27d9fc3c156c3ef29fd.png,1,Light
ISIC_0013789,/path/to/IMA_dataset/ISIC_0013789.jpg,/path/to/IMA_dataset/ISIC_0013789_A00_T2_S1_5841e6709fc3c156c3ef3c8d.png,/path/to/IMA_dataset/ISIC_0013789_A00_T2_S1_5841e6709fc3c156c3ef3c8d.png,1,Light
ISIC_0013961,/path/to/IMA_dataset/ISIC_0013961.jpg,/path/to/IMA_dataset/ISIC_0013961_ST_ST_ST_ST.png,/path/to/IMA_dataset/ISIC_0013961_A00_T2_S1_5841e6e59fc3c156c3ef3e91.png,2,Intermediate
ISIC_0014001,/path/to/IMA_dataset/ISIC_0014001.jpg,/path/to/IMA_dataset/ISIC_0014001_A00_T2_S1_5841e7009fc3c156c3ef3f09.png,/path/to/IMA_dataset/ISIC_0014001_A00_T2_S1_5841e7009fc3c156c3ef3f09.png,2,Intermediate
ISIC_0012897,/path/to/IMA_dataset/ISIC_0012897.jpg,/path/to/IMA_dataset/ISIC_0012897_A00_T2_S1_5841e41d9fc3c156c3ef3219.png,/path/to/IMA_dataset/ISIC_0012897_A00_T2_S1_5841e41d9fc3c156c3ef3219.png,2,Intermediate
ISIC_0009297,/path/to/IMA_dataset/ISIC_0009297.jpg,/path/to/IMA_dataset/ISIC_0009297_A01_T3_S2_55ddcc8c9fc3c10470dbea8c.png,/path/to/IMA_dataset/ISIC_0009297_A02_T1_S1_5661cdec9fc3c147bbd69f72.png,1,Light
ISIC_0011225,/path/to/IMA_dataset/ISIC_0011225.jpg,/path/to/IMA_dataset/ISIC_0011225_A04_T3_S1_559ff3d59fc3c156bdd85122.png,/path/to/IMA_dataset/ISIC_0011225_A04_T3_S1_559ff3d59fc3c156bdd85122.png,2,Intermediate
ISIC_0000189,/path/to/IMA_dataset/ISIC_0000189.jpg,/path/to/IMA_dataset/ISIC_0000189_ST_ST_ST_ST.png,/path/to/IMA_dataset/ISIC_0000189_A04_T3_S2_5459083bbae47821f8802295.png,1,Light
ISIC_0014029,/path/to/IMA_dataset/ISIC_0014029.jpg,/path/to/IMA_dataset/ISIC_0014029_A00_T2_S1_5841e7129fc3c156c3ef3f5d.png,/path/to/IMA_dataset/ISIC_0014029_A00_T2_S1_5841e7129fc3c156c3ef3f5d.png,1,Light
ISIC_0013772,/path/to/IMA_dataset/ISIC_0013772.jpg,/path/to/IMA_dataset/ISIC_0013772_A00_T2_S1_5841e6649fc3c156c3ef3c5a.png,/path/to/IMA_dataset/ISIC_0013772_A00_T2_S1_5841e6649fc3c156c3ef3c5a.png,2,Intermediate
ISIC_0010227,/path/to/IMA_dataset/ISIC_0010227.jpg,/path/to/IMA_dataset/ISIC_0010227_ST_ST_ST_ST.png,/path/to/IMA_dataset/ISIC_0010227_A04_T3_S1_55a925b49fc3c156bd715b13.png,1,Light
ISIC_0012253,/path/to/IMA_dataset/ISIC_0012253.jpg,/path/to/IMA_dataset/ISIC_0012253_A00_T2_S1_5841e29c9fc3c156c3ef2a8d.png,/path/to/IMA_dataset/ISIC_0012253_A00_T2_S1_5841e29c9fc3c156c3ef2a8d.png,1,Light
ISIC_0012678,/path/to/IMA_dataset/ISIC_0012678.jpg,/path/to/IMA_dataset/ISIC_0012678_A00_T2_S1_5841e39f9fc3c156c3ef2f88.png,/path/to/IMA_dataset/ISIC_0012678_A00_T2_S1_5841e39f9fc3c156c3ef2f88.png,2,Intermediate
ISIC_0010372,/path/to/IMA_dataset/ISIC_0010372.jpg,/path/to/IMA_dataset/ISIC_0010372_A04_T3_S1_55a80ecc9fc3c156bd7158d3.png,/path/to/IMA_dataset/ISIC_0010372_A04_T3_S1_55a80ecc9fc3c156bd7158d3.png,2,Intermediate
ISIC_0000498,/path/to/IMA_dataset/ISIC_0000498.jpg,/path/to/IMA_dataset/ISIC_0000498_ST_ST_ST_ST.png,/path/to/IMA_dataset/ISIC_0000498_A04_T3_S2_544ead46bae478661558fb78.png,1,Light
ISIC_0014832,/path/to/IMA_dataset/ISIC_0014832.jpg,/path/to/IMA_dataset/ISIC_0014832_A00_T2_S1_5841e9ae9fc3c156c3ef48c6.png,/path/to/IMA_dataset/ISIC_0014832_A00_T2_S1_5841e9ae9fc3c156c3ef48c6.png,2,Intermediate
ISIC_0013983,/path/to/IMA_dataset/ISIC_0013983.jpg,/path/to/IMA_dataset/ISIC_0013983_A00_T2_S1_5841e6f49fc3c156c3ef3ed3.png,/path/to/IMA_dataset/ISIC_0013983_A00_T2_S1_5841e6f49fc3c156c3ef3ed3.png,2,Intermediate
ISIC_0011330,/path/to/IMA_dataset/ISIC_0011330.jpg,/path/to/IMA_dataset/ISIC_0011330_A04_T3_S1_55a9671d9fc3c156bd715e37.png,/path/to/IMA_dataset/ISIC_0011330_A04_T3_S1_55a9671d9fc3c156bd715e37.png,1,Light
ISIC_0010856,/path/to/IMA_dataset/ISIC_0010856.jpg,/path/to/IMA_dataset/ISIC_0010856_A04_T3_S1_55a697b59fc3c156bd714d78.png,/path/to/IMA_dataset/ISIC_0010856_A04_T3_S1_55a697b59fc3c156bd714d78.png,1,Light
ISIC_0012790,/path/to/IMA_dataset/ISIC_0012790.jpg,/path/to/IMA_dataset/ISIC_0012790_A06_T1_S1_584739789fc3c10f04859b23.png,/path/to/IMA_dataset/ISIC_0012790_A06_T1_S1_584739789fc3c10f04859b23.png,1,Light
ISIC_0011324,/path/to/IMA_dataset/ISIC_0011324.jpg,/path/to/IMA_dataset/ISIC_0011324_A04_T3_S1_55a967959fc3c156bd715e5b.png,/path/to/IMA_dataset/ISIC_0011324_A04_T3_S1_55a967959fc3c156bd715e5b.png,1,Light
ISIC_0000329,/path/to/IMA_dataset/ISIC_0000329.jpg,/path/to/IMA_dataset/ISIC_0000329_ST_ST_ST_ST.png,/path/to/IMA_dataset/ISIC_0000329_A04_T1_S2_5453cde6bae47821f88020f1.png,1,Light
ISIC_0012339,/path/to/IMA_dataset/ISIC_0012339.jpg,/path/to/IMA_dataset/ISIC_0012339_A00_T2_S1_5841e2d29fc3c156c3ef2b8f.png,/path/to/IMA_dataset/ISIC_0012339_A00_T2_S1_5841e2d29fc3c156c3ef2b8f.png,1,Light
ISIC_0014490,/path/to/IMA_dataset/ISIC_0014490.jpg,/path/to/IMA_dataset/ISIC_0014490_ST_ST_ST_ST.png,/path/to/IMA_dataset/ISIC_0014490_A00_T2_S1_5841e8789fc3c156c3ef44c4.png,1,Light
ISIC_0000549,/path/to/IMA_dataset/ISIC_0000549.jpg,/path/to/IMA_dataset/ISIC_0000549_ST_ST_ST_ST.png,/path/to/IMA_dataset/ISIC_0000549_A04_T3_S2_5441203cbae478661558fadf.png,1,Light
ISIC_0013233,/path/to/IMA_dataset/ISIC_0013233.jpg,/path/to/IMA_dataset/ISIC_0013233_ST_ST_ST_ST.png,/path/to/IMA_dataset/ISIC_0013233_A00_T2_S1_5841e4e79fc3c156c3ef3609.png,2,Intermediate
ISIC_0000046,/path/to/IMA_dataset/ISIC_0000046.jpg,/path/to/IMA_dataset/ISIC_0000046_A04_T3_S1_545bd29cbae47821f8802442.png,/path/to/IMA_dataset/ISIC_0000046_A04_T3_S1_545bd29cbae47821f8802442.png,1,Light
ISIC_0014779,/path/to/IMA_dataset/ISIC_0014779.jpg,/path/to/IMA_dataset/ISIC_0014779_A00_T2_S1_5841e9719fc3c156c3ef4827.png,/path/to/IMA_dataset/ISIC_0014779_A00_T2_S1_5841e9719fc3c156c3ef4827.png,1,Light
ISIC_0000275,/path/to/IMA_dataset/ISIC_0000275.jpg,/path/to/IMA_dataset/ISIC_0000275_ST_ST_ST_ST.png,/path/to/IMA_dataset/ISIC_0000275_A04_T3_S2_5457bbdfbae47821f8802193.png,1,Light
ISIC_0013933,/path/to/IMA_dataset/ISIC_0013933.jpg,/path/to/IMA_dataset/ISIC_0013933_A06_T1_S1_58473c3c9fc3c10f04859b49.png,/path/to/IMA_dataset/ISIC_0013933_A06_T1_S1_58473c3c9fc3c10f04859b49.png,2,Intermediate
ISIC_0013805,/path/to/IMA_dataset/ISIC_0013805.jpg,/path/to/IMA_dataset/ISIC_0013805_ST_ST_ST_ST.png,/path/to/IMA_dataset/ISIC_0013805_A00_T2_S1_5841e6799fc3c156c3ef3cbd.png,2,Intermediate
ISIC_0013198,/path/to/IMA_dataset/ISIC_0013198.jpg,/path/to/IMA_dataset/ISIC_0013198_ST_ST_ST_ST.png,/path/to/IMA_dataset/ISIC_0013198_A03_T1_S1_584737dc9fc3c10f04859b0e.png,2,Intermediate
ISIC_0000064,/path/to/IMA_dataset/ISIC_0000064.jpg,/path/to/IMA_dataset/ISIC_0000064_A04_T3_S1_545bcc1ebae47821f880240c.png,/path/to/IMA_dataset/ISIC_0000064_A04_T3_S1_545bcc1ebae47821f880240c.png,1,Light
ISIC_0011326,/path/to/IMA_dataset/ISIC_0011326.jpg,/path/to/IMA_dataset/ISIC_0011326_A04_T1_S1_55a9676a9fc3c156bd715e4f.png,/path/to/IMA_dataset/ISIC_0011326_A04_T1_S1_55a9676a9fc3c156bd715e4f.png,2,Intermediate
ISIC_0002879,/path/to/IMA_dataset/ISIC_0002879.jpg,/path/to/IMA_dataset/ISIC_0002879_ST_ST_ST_ST.png,/path/to/IMA_dataset/ISIC_0002879_A05_T3_S1_560430b79fc3c10ee6f166a9.png,1,Light
ISIC_0009938,/path/to/IMA_dataset/ISIC_0009938.jpg,/path/to/IMA_dataset/ISIC_0009938_A04_T1_S1_5592f28b9fc3c13155145ca8.png,/path/to/IMA_dataset/ISIC_0009938_A04_T1_S1_5592f28b9fc3c13155145ca8.png,1,Light
ISIC_0014074,/path/to/IMA_dataset/ISIC_0014074.jpg,/path/to/IMA_dataset/ISIC_0014074_A06_T1_S1_58473dd39fc3c10f04859b63.png,/path/to/IMA_dataset/ISIC_0014074_A06_T1_S1_58473dd39fc3c10f04859b63.png,2,Intermediate
ISIC_0009868,/path/to/IMA_dataset/ISIC_0009868.jpg,/path/to/IMA_dataset/ISIC_0009868_ST_ST_ST_ST.png,/path/to/IMA_dataset/ISIC_0009868_A04_T3_S2_5593017f9fc3c13155145fa7.png,1,Light
ISIC_0000290,/path/to/IMA_dataset/ISIC_0000290.jpg,/path/to/IMA_dataset/ISIC_0000290_A04_T1_S1_5457939dbae47821f8802166.png,/path/to/IMA_dataset/ISIC_0000290_A04_T1_S1_5457939dbae47821f8802166.png,1,Light
ISIC_0012235,/path/to/IMA_dataset/ISIC_0012235.jpg,/path/to/IMA_dataset/ISIC_0012235_A00_T2_S1_5841e2909fc3c156c3ef2a57.png,/path/to/IMA_dataset/ISIC_0012235_A00_T2_S1_5841e2909fc3c156c3ef2a57.png,1,Light
ISIC_0013192,/path/to/IMA_dataset/ISIC_0013192.jpg,/path/to/IMA_dataset/ISIC_0013192_A00_T2_S1_5841e4cf9fc3c156c3ef358e.png,/path/to/IMA_dataset/ISIC_0013192_A00_T2_S1_5841e4cf9fc3c156c3ef358e.png,2,Intermediate
ISIC_0000198,/path/to/IMA_dataset/ISIC_0000198.jpg,/path/to/IMA_dataset/ISIC_0000198_A04_T3_S1_54590370bae47821f880227a.png,/path/to/IMA_dataset/ISIC_0000198_A04_T3_S1_54590370bae47821f880227a.png,2,Intermediate
ISIC_0013244,/path/to/IMA_dataset/ISIC_0013244.jpg,/path/to/IMA_dataset/ISIC_0013244_A00_T2_S1_5841e4ee9fc3c156c3ef362a.png,/path/to/IMA_dataset/ISIC_0013244_A00_T2_S1_5841e4ee9fc3c156c3ef362a.png,2,Intermediate
ISIC_0010582,/path/to/IMA_dataset/ISIC_0010582.jpg,/path/to/IMA_dataset/ISIC_0010582_A04_T3_S1_55a7dac49fc3c156bd7153e7.png,/path/to/IMA_dataset/ISIC_0010582_A04_T3_S1_55a7dac49fc3c156bd7153e7.png,1,Light
ISIC_0014341,/path/to/IMA_dataset/ISIC_0014341.jpg,/path/to/IMA_dataset/ISIC_0014341_A00_T2_S1_5841e8069fc3c156c3ef4305.png,/path/to/IMA_dataset/ISIC_0014341_A00_T2_S1_5841e8069fc3c156c3ef4305.png,1,Light
ISIC_0010557,/path/to/IMA_dataset/ISIC_0010557.jpg,/path/to/IMA_dataset/ISIC_0010557_A04_T3_S1_55a7e21b9fc3c156bd71547d.png,/path/to/IMA_dataset/ISIC_0010557_A04_T3_S1_55a7e21b9fc3c156bd71547d.png,1,Light
ISIC_0014570,/path/to/IMA_dataset/ISIC_0014570.jpg,/path/to/IMA_dataset/ISIC_0014570_A03_T3_S1_584711db9fc3c10f048596df.png,/path/to/IMA_dataset/ISIC_0014570_A03_T3_S1_584711db9fc3c10f048596df.png,1,Light
ISIC_0000310,/path/to/IMA_dataset/ISIC_0000310.jpg,/path/to/IMA_dataset/ISIC_0000310_ST_ST_ST_ST.png,/path/to/IMA_dataset/ISIC_0000310_A04_T1_S1_5453e661bae47821f880212a.png,2,Intermediate
ISIC_0014346,/path/to/IMA_dataset/ISIC_0014346.jpg,/path/to/IMA_dataset/ISIC_0014346_A00_T2_S1_5841e80a9fc3c156c3ef4314.png,/path/to/IMA_dataset/ISIC_0014346_A00_T2_S1_5841e80a9fc3c156c3ef4314.png,2,Intermediate
ISIC_0000396,/path/to/IMA_dataset/ISIC_0000396.jpg,/path/to/IMA_dataset/ISIC_0000396_ST_ST_ST_ST.png,/path/to/IMA_dataset/ISIC_0000396_A04_T3_S2_54529d84bae47821f8802028.png,2,Intermediate
ISIC_0012887,/path/to/IMA_dataset/ISIC_0012887.jpg,/path/to/IMA_dataset/ISIC_0012887_A00_T2_S1_5841e4179fc3c156c3ef31fb.png,/path/to/IMA_dataset/ISIC_0012887_A00_T2_S1_5841e4179fc3c156c3ef31fb.png,1,Light
ISIC_0010060,/path/to/IMA_dataset/ISIC_0010060.jpg,/path/to/IMA_dataset/ISIC_0010060_ST_ST_ST_ST.png,/path/to/IMA_dataset/ISIC_0010060_A04_T3_S2_55944d119fc3c13155bcaec5.png,2,Intermediate
ISIC_0014432,/path/to/IMA_dataset/ISIC_0014432.jpg,/path/to/IMA_dataset/ISIC_0014432_A03_T1_S1_584725869fc3c10f04859aa1.png,/path/to/IMA_dataset/ISIC_0014432_A03_T1_S1_584725869fc3c10f04859aa1.png,2,Intermediate
ISIC_0014511,/path/to/IMA_dataset/ISIC_0014511.jpg,/path/to/IMA_dataset/ISIC_0014511_ST_ST_ST_ST.png,/path/to/IMA_dataset/ISIC_0014511_A00_T2_S1_5841e8889fc3c156c3ef4503.png,1,Light
ISIC_0011095,/path/to/IMA_dataset/ISIC_0011095.jpg,/path/to/IMA_dataset/ISIC_0011095_ST_ST_ST_ST.png,/path/to/IMA_dataset/ISIC_0011095_A06_T1_S1_568bb3d69fc3c126c063ff37.png,1,Light
ISIC_0002948,/path/to/IMA_dataset/ISIC_0002948.jpg,/path/to/IMA_dataset/ISIC_0002948_A02_T3_S1_560193f89fc3c10ee6f162b3.png,/path/to/IMA_dataset/ISIC_0002948_A02_T3_S1_560193f89fc3c10ee6f162b3.png,1,Light
ISIC_0009954,/path/to/IMA_dataset/ISIC_0009954.jpg,/path/to/IMA_dataset/ISIC_0009954_ST_ST_ST_ST.png,/path/to/IMA_dataset/ISIC_0009954_A04_T3_S2_5592f0709fc3c13155145c48.png,1,Light
ISIC_0013572,/path/to/IMA_dataset/ISIC_0013572.jpg,/path/to/IMA_dataset/ISIC_0013572_A00_T2_S1_5841e5d99fc3c156c3ef3a02.png,/path/to/IMA_dataset/ISIC_0013572_A00_T2_S1_5841e5d99fc3c156c3ef3a02.png,2,Intermediate
ISIC_0000121,/path/to/IMA_dataset/ISIC_0000121.jpg,/path/to/IMA_dataset/ISIC_0000121_A04_T1_S1_545a7d17bae47821f8802361.png,/path/to/IMA_dataset/ISIC_0000121_A04_T1_S1_545a7d17bae47821f8802361.png,1,Light
ISIC_0012374,/path/to/IMA_dataset/ISIC_0012374.jpg,/path/to/IMA_dataset/ISIC_0012374_A00_T2_S1_5841e2e79fc3c156c3ef2bf8.png,/path/to/IMA_dataset/ISIC_0012374_A00_T2_S1_5841e2e79fc3c156c3ef2bf8.png,2,Intermediate
ISIC_0010186,/path/to/IMA_dataset/ISIC_0010186.jpg,/path/to/IMA_dataset/ISIC_0010186_A04_T1_S1_55a92eed9fc3c156bd715c09.png,/path/to/IMA_dataset/ISIC_0010186_A04_T1_S1_55a92eed9fc3c156bd715c09.png,1,Light
ISIC_0000145,/path/to/IMA_dataset/ISIC_0000145.jpg,/path/to/IMA_dataset/ISIC_0000145_A04_T3_S1_545a5995bae47821f8802319.png,/path/to/IMA_dataset/ISIC_0000145_A04_T3_S1_545a5995bae47821f8802319.png,1,Light
ISIC_0009929,/path/to/IMA_dataset/ISIC_0009929.jpg,/path/to/IMA_dataset/ISIC_0009929_A04_T3_S1_5592f3619fc3c13155145cde.png,/path/to/IMA_dataset/ISIC_0009929_A04_T3_S1_5592f3619fc3c13155145cde.png,1,Light
ISIC_0009951,/path/to/IMA_dataset/ISIC_0009951.jpg,/path/to/IMA_dataset/ISIC_0009951_A04_T1_S1_5592f1189fc3c13155145c5a.png,/path/to/IMA_dataset/ISIC_0009951_A04_T1_S1_5592f1189fc3c13155145c5a.png,1,Light
ISIC_0009993,/path/to/IMA_dataset/ISIC_0009993.jpg,/path/to/IMA_dataset/ISIC_0009993_ST_ST_ST_ST.png,/path/to/IMA_dataset/ISIC_0009993_A02_T3_S1_57c052cb9fc3c158f2bd0e52.png,1,Light
ISIC_0010379,/path/to/IMA_dataset/ISIC_0010379.jpg,/path/to/IMA_dataset/ISIC_0010379_A04_T1_S1_55a80e459fc3c156bd7158a9.png,/path/to/IMA_dataset/ISIC_0010379_A04_T1_S1_55a80e459fc3c156bd7158a9.png,2,Intermediate
ISIC_0010607,/path/to/IMA_dataset/ISIC_0010607.jpg,/path/to/IMA_dataset/ISIC_0010607_A04_T3_S1_55a7c4299fc3c156bd71534e.png,/path/to/IMA_dataset/ISIC_0010607_A04_T3_S1_55a7c4299fc3c156bd71534e.png,1,Light
ISIC_0001152,/path/to/IMA_dataset/ISIC_0001152.jpg,/path/to/IMA_dataset/ISIC_0001152_A04_T1_S1_54e75c4abae47850e86ce133.png,/path/to/IMA_dataset/ISIC_0001152_A04_T1_S1_54e75c4abae47850e86ce133.png,1,Light
ISIC_0010858,/path/to/IMA_dataset/ISIC_0010858.jpg,/path/to/IMA_dataset/ISIC_0010858_ST_ST_ST_ST.png,/path/to/IMA_dataset/ISIC_0010858_A04_T3_S2_55a6976e9fc3c156bd714d6c.png,1,Light
ISIC_0000311,/path/to/IMA_dataset/ISIC_0000311.jpg,/path/to/IMA_dataset/ISIC_0000311_ST_ST_ST_ST.png,/path/to/IMA_dataset/ISIC_0000311_A03_T1_S1_57be0d8e9fc3c1434763a32a.png,1,Light
ISIC_0006982,/path/to/IMA_dataset/ISIC_0006982.jpg,/path/to/IMA_dataset/ISIC_0006982_A02_T1_S1_564cab639fc3c16de88cfc56.png,/path/to/IMA_dataset/ISIC_0006982_A02_T1_S1_564cab639fc3c16de88cfc56.png,2,Intermediate
ISIC_0005555,/path/to/IMA_dataset/ISIC_0005555.jpg,/path/to/IMA_dataset/ISIC_0005555_A02_T1_S1_561424599fc3c10470940017.png,/path/to/IMA_dataset/ISIC_0005555_A02_T1_S1_561424599fc3c10470940017.png,1,Light
ISIC_0012878,/path/to/IMA_dataset/ISIC_0012878.jpg,/path/to/IMA_dataset/ISIC_0012878_A00_T2_S1_5841e4129fc3c156c3ef31e0.png,/path/to/IMA_dataset/ISIC_0012878_A00_T2_S1_5841e4129fc3c156c3ef31e0.png,1,Light
ISIC_0000040,/path/to/IMA_dataset/ISIC_0000040.jpg,/path/to/IMA_dataset/ISIC_0000040_ST_ST_ST_ST.png,/path/to/IMA_dataset/ISIC_0000040_A02_T1_S1_57c047769fc3c158f2bd0e21.png,1,Light
ISIC_0010598,/path/to/IMA_dataset/ISIC_0010598.jpg,/path/to/IMA_dataset/ISIC_0010598_A04_T3_S1_55a7d6909fc3c156bd715387.png,/path/to/IMA_dataset/ISIC_0010598_A04_T3_S1_55a7d6909fc3c156bd715387.png,1,Light
ISIC_0014680,/path/to/IMA_dataset/ISIC_0014680.jpg,/path/to/IMA_dataset/ISIC_0014680_A00_T2_S1_5841e9019fc3c156c3ef46fe.png,/path/to/IMA_dataset/ISIC_0014680_A00_T2_S1_5841e9019fc3c156c3ef46fe.png,2,Intermediate
ISIC_0014013,/path/to/IMA_dataset/ISIC_0014013.jpg,/path/to/IMA_dataset/ISIC_0014013_A00_T2_S1_5841e7089fc3c156c3ef3f2d.png,/path/to/IMA_dataset/ISIC_0014013_A00_T2_S1_5841e7089fc3c156c3ef3f2d.png,1,Light
ISIC_0008294,/path/to/IMA_dataset/ISIC_0008294.jpg,/path/to/IMA_dataset/ISIC_0008294_A01_T3_S1_55df45a49fc3c10470dc1192.png,/path/to/IMA_dataset/ISIC_0008294_A06_T1_S1_568b3bfd9fc3c126c063ff07.png,2,Intermediate
ISIC_0012539,/path/to/IMA_dataset/ISIC_0012539.jpg,/path/to/IMA_dataset/ISIC_0012539_A00_T2_S1_5841e35c9fc3c156c3ef2de7.png,/path/to/IMA_dataset/ISIC_0012539_A00_T2_S1_5841e35c9fc3c156c3ef2de7.png,2,Intermediate
ISIC_0012333,/path/to/IMA_dataset/ISIC_0012333.jpg,/path/to/IMA_dataset/ISIC_0012333_A00_T2_S1_5841e2ce9fc3c156c3ef2b7d.png,/path/to/IMA_dataset/ISIC_0012333_A00_T2_S1_5841e2ce9fc3c156c3ef2b7d.png,1,Light
ISIC_0014361,/path/to/IMA_dataset/ISIC_0014361.jpg,/path/to/IMA_dataset/ISIC_0014361_A00_T2_S1_5841e8169fc3c156c3ef4341.png,/path/to/IMA_dataset/ISIC_0014361_A00_T2_S1_5841e8169fc3c156c3ef4341.png,1,Light
ISIC_0000536,/path/to/IMA_dataset/ISIC_0000536.jpg,/path/to/IMA_dataset/ISIC_0000536_ST_ST_ST_ST.png,/path/to/IMA_dataset/ISIC_0000536_A04_T3_S2_544a7acebae478661558fb06.png,1,Light
ISIC_0014543,/path/to/IMA_dataset/ISIC_0014543.jpg,/path/to/IMA_dataset/ISIC_0014543_A00_T2_S1_5841e8a09fc3c156c3ef4563.png,/path/to/IMA_dataset/ISIC_0014543_A00_T2_S1_5841e8a09fc3c156c3ef4563.png,2,Intermediate
ISIC_0000111,/path/to/IMA_dataset/ISIC_0000111.jpg,/path/to/IMA_dataset/ISIC_0000111_A04_T1_S1_545a8e2ebae47821f880237f.png,/path/to/IMA_dataset/ISIC_0000111_A04_T1_S1_545a8e2ebae47821f880237f.png,0,Very Light
ISIC_0005620,/path/to/IMA_dataset/ISIC_0005620.jpg,/path/to/IMA_dataset/ISIC_0005620_A02_T1_S1_56154f5a9fc3c1047094028d.png,/path/to/IMA_dataset/ISIC_0005620_A02_T1_S1_56154f5a9fc3c1047094028d.png,2,Intermediate
ISIC_0012203,/path/to/IMA_dataset/ISIC_0012203.jpg,/path/to/IMA_dataset/ISIC_0012203_A00_T2_S1_5841e27c9fc3c156c3ef29f7.png,/path/to/IMA_dataset/ISIC_0012203_A00_T2_S1_5841e27c9fc3c156c3ef29f7.png,1,Light
ISIC_0010061,/path/to/IMA_dataset/ISIC_0010061.jpg,/path/to/IMA_dataset/ISIC_0010061_A04_T3_S1_55944d029fc3c13155bcaebf.png,/path/to/IMA_dataset/ISIC_0010061_A04_T3_S1_55944d029fc3c13155bcaebf.png,1,Light
ISIC_0013222,/path/to/IMA_dataset/ISIC_0013222.jpg,/path/to/IMA_dataset/ISIC_0013222_A00_T2_S1_5841e4e09fc3c156c3ef35e8.png,/path/to/IMA_dataset/ISIC_0013222_A00_T2_S1_5841e4e09fc3c156c3ef35e8.png,2,Intermediate
ISIC_0013886,/path/to/IMA_dataset/ISIC_0013886.jpg,/path/to/IMA_dataset/ISIC_0013886_ST_ST_ST_ST.png,/path/to/IMA_dataset/ISIC_0013886_A03_T3_S1_584734919fc3c10f04859af7.png,1,Light
ISIC_0014357,/path/to/IMA_dataset/ISIC_0014357.jpg,/path/to/IMA_dataset/ISIC_0014357_A00_T2_S1_5841e8139fc3c156c3ef4335.png,/path/to/IMA_dataset/ISIC_0014357_A00_T2_S1_5841e8139fc3c156c3ef4335.png,1,Light
ISIC_0000347,/path/to/IMA_dataset/ISIC_0000347.jpg,/path/to/IMA_dataset/ISIC_0000347_ST_ST_ST_ST.png,/path/to/IMA_dataset/ISIC_0000347_A04_T3_S2_5453be15bae47821f88020bb.png,1,Light
ISIC_0011294,/path/to/IMA_dataset/ISIC_0011294.jpg,/path/to/IMA_dataset/ISIC_0011294_A04_T3_S1_55a939b39fc3c156bd715c7b.png,/path/to/IMA_dataset/ISIC_0011294_A04_T3_S1_55a939b39fc3c156bd715c7b.png,1,Light
ISIC_0012961,/path/to/IMA_dataset/ISIC_0012961.jpg,/path/to/IMA_dataset/ISIC_0012961_A00_T2_S1_5841e4449fc3c156c3ef32d9.png,/path/to/IMA_dataset/ISIC_0012961_A00_T2_S1_5841e4449fc3c156c3ef32d9.png,1,Light
ISIC_0013458,/path/to/IMA_dataset/ISIC_0013458.jpg,/path/to/IMA_dataset/ISIC_0013458_A00_T2_S1_5841e58c9fc3c156c3ef38ac.png,/path/to/IMA_dataset/ISIC_0013458_A00_T2_S1_5841e58c9fc3c156c3ef38ac.png,2,Intermediate
ISIC_0013634,/path/to/IMA_dataset/ISIC_0013634.jpg,/path/to/IMA_dataset/ISIC_0013634_ST_ST_ST_ST.png,/path/to/IMA_dataset/ISIC_0013634_A00_T2_S1_5841e6049fc3c156c3ef3abc.png,2,Intermediate
ISIC_0014093,/path/to/IMA_dataset/ISIC_0014093.jpg,/path/to/IMA_dataset/ISIC_0014093_A00_T2_S1_5841e7459fc3c156c3ef401d.png,/path/to/IMA_dataset/ISIC_0014093_A00_T2_S1_5841e7459fc3c156c3ef401d.png,2,Intermediate
ISIC_0008993,/path/to/IMA_dataset/ISIC_0008993.jpg,/path/to/IMA_dataset/ISIC_0008993_A01_T3_S2_55ddef5f9fc3c10470dbf5ae.png,/path/to/IMA_dataset/ISIC_0008993_A05_T1_S1_5661e7889fc3c147bbd6a356.png,1,Light
ISIC_0013656,/path/to/IMA_dataset/ISIC_0013656.jpg,/path/to/IMA_dataset/ISIC_0013656_A00_T2_S1_5841e6149fc3c156c3ef3afe.png,/path/to/IMA_dataset/ISIC_0013656_A00_T2_S1_5841e6149fc3c156c3ef3afe.png,2,Intermediate
ISIC_0010176,/path/to/IMA_dataset/ISIC_0010176.jpg,/path/to/IMA_dataset/ISIC_0010176_A04_T3_S1_55a938e89fc3c156bd715c45.png,/path/to/IMA_dataset/ISIC_0010176_A04_T3_S1_55a938e89fc3c156bd715c45.png,1,Light
ISIC_0013690,/path/to/IMA_dataset/ISIC_0013690.jpg,/path/to/IMA_dataset/ISIC_0013690_ST_ST_ST_ST.png,/path/to/IMA_dataset/ISIC_0013690_A03_T1_S1_5847266c9fc3c10f04859aa6.png,3,Tan
ISIC_0014622,/path/to/IMA_dataset/ISIC_0014622.jpg,/path/to/IMA_dataset/ISIC_0014622_A00_T2_S1_5841e8d09fc3c156c3ef4650.png,/path/to/IMA_dataset/ISIC_0014622_A00_T2_S1_5841e8d09fc3c156c3ef4650.png,1,Light
ISIC_0011367,/path/to/IMA_dataset/ISIC_0011367.jpg,/path/to/IMA_dataset/ISIC_0011367_A04_T1_S1_55a947189fc3c156bd715d4d.png,/path/to/IMA_dataset/ISIC_0011367_A04_T1_S1_55a947189fc3c156bd715d4d.png,1,Light
ISIC_0013311,/path/to/IMA_dataset/ISIC_0013311.jpg,/path/to/IMA_dataset/ISIC_0013311_A00_T2_S1_5841e51f9fc3c156c3ef36f3.png,/path/to/IMA_dataset/ISIC_0013311_A00_T2_S1_5841e51f9fc3c156c3ef36f3.png,2,Intermediate
ISIC_0014930,/path/to/IMA_dataset/ISIC_0014930.jpg,/path/to/IMA_dataset/ISIC_0014930_A00_T2_S1_5841ea1d9fc3c156c3ef49ec.png,/path/to/IMA_dataset/ISIC_0014930_A00_T2_S1_5841ea1d9fc3c156c3ef49ec.png,1,Light
ISIC_0000251,/path/to/IMA_dataset/ISIC_0000251.jpg,/path/to/IMA_dataset/ISIC_0000251_ST_ST_ST_ST.png,/path/to/IMA_dataset/ISIC_0000251_A04_T3_S2_5457d0cebae47821f88021db.png,1,Light
ISIC_0010036,/path/to/IMA_dataset/ISIC_0010036.jpg,/path/to/IMA_dataset/ISIC_0010036_A04_T3_S1_559453809fc3c13155bcaf55.png,/path/to/IMA_dataset/ISIC_0010036_A04_T3_S1_559453809fc3c13155bcaf55.png,1,Light
ISIC_0011165,/path/to/IMA_dataset/ISIC_0011165.jpg,/path/to/IMA_dataset/ISIC_0011165_A04_T1_S1_55a0083a9fc3c156bd714615.png,/path/to/IMA_dataset/ISIC_0011165_A04_T1_S1_55a0083a9fc3c156bd714615.png,1,Light
ISIC_0000154,/path/to/IMA_dataset/ISIC_0000154.jpg,/path/to/IMA_dataset/ISIC_0000154_A04_T3_S1_545a3e81bae47821f88022fe.png,/path/to/IMA_dataset/ISIC_0000154_A04_T3_S1_545a3e81bae47821f88022fe.png,1,Light
ISIC_0012999,/path/to/IMA_dataset/ISIC_0012999.jpg,/path/to/IMA_dataset/ISIC_0012999_ST_ST_ST_ST.png,/path/to/IMA_dataset/ISIC_0012999_A06_T1_S1_58473bfe9fc3c10f04859b45.png,1,Light
ISIC_0012735,/path/to/IMA_dataset/ISIC_0012735.jpg,/path/to/IMA_dataset/ISIC_0012735_A00_T2_S1_5841e3bd9fc3c156c3ef3033.png,/path/to/IMA_dataset/ISIC_0012735_A00_T2_S1_5841e3bd9fc3c156c3ef3033.png,1,Light
ISIC_0014440,/path/to/IMA_dataset/ISIC_0014440.jpg,/path/to/IMA_dataset/ISIC_0014440_A00_T2_S1_5841e8519fc3c156c3ef442e.png,/path/to/IMA_dataset/ISIC_0014440_A00_T2_S1_5841e8519fc3c156c3ef442e.png,1,Light
ISIC_0012672,/path/to/IMA_dataset/ISIC_0012672.jpg,/path/to/IMA_dataset/ISIC_0012672_A00_T2_S1_5841e39b9fc3c156c3ef2f76.png,/path/to/IMA_dataset/ISIC_0012672_A00_T2_S1_5841e39b9fc3c156c3ef2f76.png,1,Light
ISIC_0000147,/path/to/IMA_dataset/ISIC_0000147.jpg,/path/to/IMA_dataset/ISIC_0000147_A04_T1_S1_545a54ebbae47821f8802313.png,/path/to/IMA_dataset/ISIC_0000147_A04_T1_S1_545a54ebbae47821f8802313.png,1,Light
ISIC_0013652,/path/to/IMA_dataset/ISIC_0013652.jpg,/path/to/IMA_dataset/ISIC_0013652_ST_ST_ST_ST.png,/path/to/IMA_dataset/ISIC_0013652_A03_T1_S1_584739739fc3c10f04859b22.png,2,Intermediate
ISIC_0014518,/path/to/IMA_dataset/ISIC_0014518.jpg,/path/to/IMA_dataset/ISIC_0014518_ST_ST_ST_ST.png,/path/to/IMA_dataset/ISIC_0014518_A00_T2_S1_5841e88d9fc3c156c3ef4518.png,2,Intermediate
ISIC_0014933,/path/to/IMA_dataset/ISIC_0014933.jpg,/path/to/IMA_dataset/ISIC_0014933_A00_T2_S1_5841ea219fc3c156c3ef49f5.png,/path/to/IMA_dataset/ISIC_0014933_A00_T2_S1_5841ea219fc3c156c3ef49f5.png,1,Light
ISIC_0012187,/path/to/IMA_dataset/ISIC_0012187.jpg,/path/to/IMA_dataset/ISIC_0012187_A00_T2_S1_5841e2739fc3c156c3ef29c7.png,/path/to/IMA_dataset/ISIC_0012187_A00_T2_S1_5841e2739fc3c156c3ef29c7.png,2,Intermediate
ISIC_0000484,/path/to/IMA_dataset/ISIC_0000484.jpg,/path/to/IMA_dataset/ISIC_0000484_ST_ST_ST_ST.png,/path/to/IMA_dataset/ISIC_0000484_A04_T3_S2_5450f905bae47865794e4d3a.png,1,Light
ISIC_0013398,/path/to/IMA_dataset/ISIC_0013398.jpg,/path/to/IMA_dataset/ISIC_0013398_ST_ST_ST_ST.png,/path/to/IMA_dataset/ISIC_0013398_A00_T2_S1_5841e55e9fc3c156c3ef37f8.png,2,Intermediate
ISIC_0010170,/path/to/IMA_dataset/ISIC_0010170.jpg,/path/to/IMA_dataset/ISIC_0010170_A04_T3_S1_55a9397d9fc3c156bd715c69.png,/path/to/IMA_dataset/ISIC_0010170_A04_T3_S1_55a9397d9fc3c156bd715c69.png,1,Light
ISIC_0010461,/path/to/IMA_dataset/ISIC_0010461.jpg,/path/to/IMA_dataset/ISIC_0010461_A04_T3_S1_55a7fe029fc3c156bd7156bd.png,/path/to/IMA_dataset/ISIC_0010461_A04_T3_S1_55a7fe029fc3c156bd7156bd.png,1,Light
ISIC_0013033,/path/to/IMA_dataset/ISIC_0013033.jpg,/path/to/IMA_dataset/ISIC_0013033_A00_T2_S1_5841e4709fc3c156c3ef33b1.png,/path/to/IMA_dataset/ISIC_0013033_A00_T2_S1_5841e4709fc3c156c3ef33b1.png,2,Intermediate
ISIC_0011230,/path/to/IMA_dataset/ISIC_0011230.jpg,/path/to/IMA_dataset/ISIC_0011230_A04_T3_S1_559ff32f9fc3c156bd945c3a.png,/path/to/IMA_dataset/ISIC_0011230_A04_T3_S1_559ff32f9fc3c156bd945c3a.png,1,Light
ISIC_0002093,/path/to/IMA_dataset/ISIC_0002093.jpg,/path/to/IMA_dataset/ISIC_0002093_A01_T3_S1_55db6c4c9fc3c10470dbac33.png,/path/to/IMA_dataset/ISIC_0002093_A01_T3_S1_55db6c4c9fc3c10470dbac33.png,2,Intermediate
ISIC_0000458,/path/to/IMA_dataset/ISIC_0000458.jpg,/path/to/IMA_dataset/ISIC_0000458_ST_ST_ST_ST.png,/path/to/IMA_dataset/ISIC_0000458_A04_T3_S2_545113c8bae47821f8801f6e.png,1,Light
ISIC_0013664,/path/to/IMA_dataset/ISIC_0013664.jpg,/path/to/IMA_dataset/ISIC_0013664_ST_ST_ST_ST.png,/path/to/IMA_dataset/ISIC_0013664_A03_T3_S1_58471e949fc3c10f04859a71.png,2,Intermediate
ISIC_0015181,/path/to/IMA_dataset/ISIC_0015181.jpg,/path/to/IMA_dataset/ISIC_0015181_A00_T2_S1_5841eb4c9fc3c156c3ef4cdd.png,/path/to/IMA_dataset/ISIC_0015181_A00_T2_S1_5841eb4c9fc3c156c3ef4cdd.png,2,Intermediate
ISIC_0010326,/path/to/IMA_dataset/ISIC_0010326.jpg,/path/to/IMA_dataset/ISIC_0010326_A04_T1_S1_55a91f1d9fc3c156bd7159e7.png,/path/to/IMA_dataset/ISIC_0010326_A04_T1_S1_55a91f1d9fc3c156bd7159e7.png,1,Light
ISIC_0012826,/path/to/IMA_dataset/ISIC_0012826.jpg,/path/to/IMA_dataset/ISIC_0012826_A00_T2_S1_5841e3f29fc3c156c3ef3144.png,/path/to/IMA_dataset/ISIC_0012826_A00_T2_S1_5841e3f29fc3c156c3ef3144.png,1,Light
ISIC_0014571,/path/to/IMA_dataset/ISIC_0014571.jpg,/path/to/IMA_dataset/ISIC_0014571_A00_T2_S1_5841e8b39fc3c156c3ef45b7.png,/path/to/IMA_dataset/ISIC_0014571_A00_T2_S1_5841e8b39fc3c156c3ef45b7.png,1,Light
ISIC_0009998,/path/to/IMA_dataset/ISIC_0009998.jpg,/path/to/IMA_dataset/ISIC_0009998_ST_ST_ST_ST.png,/path/to/IMA_dataset/ISIC_0009998_A04_T3_S2_5592e1a49fc3c13155145b40.png,0,Very Light
ISIC_0014156,/path/to/IMA_dataset/ISIC_0014156.jpg,/path/to/IMA_dataset/ISIC_0014156_ST_ST_ST_ST.png,/path/to/IMA_dataset/ISIC_0014156_A00_T2_S1_5841e7769fc3c156c3ef40da.png,2,Intermediate
ISIC_0000299,/path/to/IMA_dataset/ISIC_0000299.jpg,/path/to/IMA_dataset/ISIC_0000299_ST_ST_ST_ST.png,/path/to/IMA_dataset/ISIC_0000299_A04_T3_S2_5453f2eabae47821f880214b.png,2,Intermediate
ISIC_0000517,/path/to/IMA_dataset/ISIC_0000517.jpg,/path/to/IMA_dataset/ISIC_0000517_ST_ST_ST_ST.png,/path/to/IMA_dataset/ISIC_0000517_A04_T3_S2_544e69cbbae478661558fb3f.png,2,Intermediate
ISIC_0009937,/path/to/IMA_dataset/ISIC_0009937.jpg,/path/to/IMA_dataset/ISIC_0009937_A04_T1_S1_5592f2a39fc3c13155145cae.png,/path/to/IMA_dataset/ISIC_0009937_A04_T1_S1_5592f2a39fc3c13155145cae.png,1,Light
ISIC_0011126,/path/to/IMA_dataset/ISIC_0011126.jpg,/path/to/IMA_dataset/ISIC_0011126_A04_T1_S1_55a01e449fc3c156bd714724.png,/path/to/IMA_dataset/ISIC_0011126_A04_T1_S1_55a01e449fc3c156bd714724.png,1,Light
ISIC_0010067,/path/to/IMA_dataset/ISIC_0010067.jpg,/path/to/IMA_dataset/ISIC_0010067_A04_T1_S1_55944c699fc3c13155bcae9b.png,/path/to/IMA_dataset/ISIC_0010067_A04_T1_S1_55944c699fc3c13155bcae9b.png,1,Light
ISIC_0010466,/path/to/IMA_dataset/ISIC_0010466.jpg,/path/to/IMA_dataset/ISIC_0010466_A04_T3_S1_55a7fd949fc3c156bd71569f.png,/path/to/IMA_dataset/ISIC_0010466_A04_T3_S1_55a7fd949fc3c156bd71569f.png,1,Light
ISIC_0002374,/path/to/IMA_dataset/ISIC_0002374.jpg,/path/to/IMA_dataset/ISIC_0002374_ST_ST_ST_ST.png,/path/to/IMA_dataset/ISIC_0002374_A04_T3_S2_54f9e748bae47807dbb0d65b.png,2,Intermediate
ISIC_0012348,/path/to/IMA_dataset/ISIC_0012348.jpg,/path/to/IMA_dataset/ISIC_0012348_ST_ST_ST_ST.png,/path/to/IMA_dataset/ISIC_0012348_A09_T1_S1_5847274f9fc3c10f04859ab1.png,1,Light
ISIC_0000049,/path/to/IMA_dataset/ISIC_0000049.jpg,/path/to/IMA_dataset/ISIC_0000049_ST_ST_ST_ST.png,/path/to/IMA_dataset/ISIC_0000049_A04_T3_S2_545bd216bae47821f8802439.png,1,Light
ISIC_0010040,/path/to/IMA_dataset/ISIC_0010040.jpg,/path/to/IMA_dataset/ISIC_0010040_A04_T1_S1_5594528c9fc3c13155bcaf3d.png,/path/to/IMA_dataset/ISIC_0010040_A04_T1_S1_5594528c9fc3c13155bcaf3d.png,1,Light
ISIC_0010595,/path/to/IMA_dataset/ISIC_0010595.jpg,/path/to/IMA_dataset/ISIC_0010595_A04_T1_S1_55a7d8d69fc3c156bd715399.png,/path/to/IMA_dataset/ISIC_0010595_A04_T1_S1_55a7d8d69fc3c156bd715399.png,0,Very Light
ISIC_0014731,/path/to/IMA_dataset/ISIC_0014731.jpg,/path/to/IMA_dataset/ISIC_0014731_ST_ST_ST_ST.png,/path/to/IMA_dataset/ISIC_0014731_A00_T2_S1_5841e93a9fc3c156c3ef4797.png,2,Intermediate
ISIC_0000274,/path/to/IMA_dataset/ISIC_0000274.jpg,/path/to/IMA_dataset/ISIC_0000274_A04_T1_S1_5457c25dbae47821f8802196.png,/path/to/IMA_dataset/ISIC_0000274_A04_T1_S1_5457c25dbae47821f8802196.png,1,Light
ISIC_0009078,/path/to/IMA_dataset/ISIC_0009078.jpg,/path/to/IMA_dataset/ISIC_0009078_A01_T3_S1_55dde5169fc3c10470dbf080.png,/path/to/IMA_dataset/ISIC_0009078_A01_T3_S1_55dde5169fc3c10470dbf080.png,1,Light
ISIC_0014476,/path/to/IMA_dataset/ISIC_0014476.jpg,/path/to/IMA_dataset/ISIC_0014476_A00_T2_S1_5841e86d9fc3c156c3ef449a.png,/path/to/IMA_dataset/ISIC_0014476_A00_T2_S1_5841e86d9fc3c156c3ef449a.png,2,Intermediate
ISIC_0008256,/path/to/IMA_dataset/ISIC_0008256.jpg,/path/to/IMA_dataset/ISIC_0008256_A01_T3_S1_55df47239fc3c10470dc1276.png,/path/to/IMA_dataset/ISIC_0008256_A01_T3_S1_55df47239fc3c10470dc1276.png,2,Intermediate
ISIC_0013982,/path/to/IMA_dataset/ISIC_0013982.jpg,/path/to/IMA_dataset/ISIC_0013982_ST_ST_ST_ST.png,/path/to/IMA_dataset/ISIC_0013982_A03_T1_S1_5847386c9fc3c10f04859b15.png,2,Intermediate
ISIC_0000302,/path/to/IMA_dataset/ISIC_0000302.jpg,/path/to/IMA_dataset/ISIC_0000302_ST_ST_ST_ST.png,/path/to/IMA_dataset/ISIC_0000302_A03_T1_S1_57be0c309fc3c1434763a328.png,1,Light
ISIC_0013053,/path/to/IMA_dataset/ISIC_0013053.jpg,/path/to/IMA_dataset/ISIC_0013053_A00_T2_S1_5841e47c9fc3c156c3ef33ed.png,/path/to/IMA_dataset/ISIC_0013053_A00_T2_S1_5841e47c9fc3c156c3ef33ed.png,1,Light
ISIC_0006795,/path/to/IMA_dataset/ISIC_0006795.jpg,/path/to/IMA_dataset/ISIC_0006795_A01_T3_S2_55e0b55c9fc3c104700e25e2.png,/path/to/IMA_dataset/ISIC_0006795_A02_T1_S1_5661c61b9fc3c147bbd69d0e.png,2,Intermediate
ISIC_0010090,/path/to/IMA_dataset/ISIC_0010090.jpg,/path/to/IMA_dataset/ISIC_0010090_A04_T3_S1_5594445d9fc3c13155bcae0e.png,/path/to/IMA_dataset/ISIC_0010090_A04_T3_S1_5594445d9fc3c13155bcae0e.png,1,Light
ISIC_0015204,/path/to/IMA_dataset/ISIC_0015204.jpg,/path/to/IMA_dataset/ISIC_0015204_A00_T2_S1_5841eb679fc3c156c3ef4d22.png,/path/to/IMA_dataset/ISIC_0015204_A00_T2_S1_5841eb679fc3c156c3ef4d22.png,1,Light
ISIC_0013088,/path/to/IMA_dataset/ISIC_0013088.jpg,/path/to/IMA_dataset/ISIC_0013088_A06_T1_S1_584739579fc3c10f04859b21.png,/path/to/IMA_dataset/ISIC_0013088_A06_T1_S1_584739579fc3c10f04859b21.png,3,Tan
ISIC_0014788,/path/to/IMA_dataset/ISIC_0014788.jpg,/path/to/IMA_dataset/ISIC_0014788_ST_ST_ST_ST.png,/path/to/IMA_dataset/ISIC_0014788_A09_T3_S1_58470f7a9fc3c10f0485967e.png,1,Light
ISIC_0015109,/path/to/IMA_dataset/ISIC_0015109.jpg,/path/to/IMA_dataset/ISIC_0015109_A00_T2_S1_5841eaf39fc3c156c3ef4c05.png,/path/to/IMA_dataset/ISIC_0015109_A00_T2_S1_5841eaf39fc3c156c3ef4c05.png,1,Light
ISIC_0010351,/path/to/IMA_dataset/ISIC_0010351.jpg,/path/to/IMA_dataset/ISIC_0010351_A04_T3_S1_55a9142d9fc3c156bd715951.png,/path/to/IMA_dataset/ISIC_0010351_A04_T3_S1_55a9142d9fc3c156bd715951.png,2,Intermediate
ISIC_0014372,/path/to/IMA_dataset/ISIC_0014372.jpg,/path/to/IMA_dataset/ISIC_0014372_ST_ST_ST_ST.png,/path/to/IMA_dataset/ISIC_0014372_A03_T1_S1_58471e629fc3c10f04859a6e.png,1,Light
ISIC_0008541,/path/to/IMA_dataset/ISIC_0008541.jpg,/path/to/IMA_dataset/ISIC_0008541_A01_T3_S2_55df18589fc3c10470dc0742.png,/path/to/IMA_dataset/ISIC_0008541_A05_T3_S1_5665f1469fc3c12067284f8f.png,1,Light
ISIC_0009968,/path/to/IMA_dataset/ISIC_0009968.jpg,/path/to/IMA_dataset/ISIC_0009968_A04_T1_S1_5592e4e29fc3c13155145bf4.png,/path/to/IMA_dataset/ISIC_0009968_A04_T1_S1_5592e4e29fc3c13155145bf4.png,2,Intermediate
ISIC_0000352,/path/to/IMA_dataset/ISIC_0000352.jpg,/path/to/IMA_dataset/ISIC_0000352_ST_ST_ST_ST.png,/path/to/IMA_dataset/ISIC_0000352_A04_T3_S2_5453bc57bae47821f88020ac.png,2,Intermediate
ISIC_0011386,/path/to/IMA_dataset/ISIC_0011386.jpg,/path/to/IMA_dataset/ISIC_0011386_A04_T1_S1_55a9418c9fc3c156bd715ce7.png,/path/to/IMA_dataset/ISIC_0011386_A04_T1_S1_55a9418c9fc3c156bd715ce7.png,1,Light
ISIC_0011214,/path/to/IMA_dataset/ISIC_0011214.jpg,/path/to/IMA_dataset/ISIC_0011214_A04_T3_S1_559ff4f09fc3c156bd714355.png,/path/to/IMA_dataset/ISIC_0011214_A04_T3_S1_559ff4f09fc3c156bd714355.png,1,Light
ISIC_0013494,/path/to/IMA_dataset/ISIC_0013494.jpg,/path/to/IMA_dataset/ISIC_0013494_A00_T2_S1_5841e5a59fc3c156c3ef3918.png,/path/to/IMA_dataset/ISIC_0013494_A00_T2_S1_5841e5a59fc3c156c3ef3918.png,2,Intermediate
ISIC_0012360,/path/to/IMA_dataset/ISIC_0012360.jpg,/path/to/IMA_dataset/ISIC_0012360_A00_T2_S1_5841e2de9fc3c156c3ef2bce.png,/path/to/IMA_dataset/ISIC_0012360_A00_T2_S1_5841e2de9fc3c156c3ef2bce.png,2,Intermediate
ISIC_0000056,/path/to/IMA_dataset/ISIC_0000056.jpg,/path/to/IMA_dataset/ISIC_0000056_ST_ST_ST_ST.png,/path/to/IMA_dataset/ISIC_0000056_A02_T1_S1_57c047b09fc3c158f2bd0e23.png,1,Light
ISIC_0010192,/path/to/IMA_dataset/ISIC_0010192.jpg,/path/to/IMA_dataset/ISIC_0010192_ST_ST_ST_ST.png,/path/to/IMA_dataset/ISIC_0010192_A02_T1_S1_57c054ab9fc3c158f2bd0e60.png,1,Light
ISIC_0009869,/path/to/IMA_dataset/ISIC_0009869.jpg,/path/to/IMA_dataset/ISIC_0009869_ST_ST_ST_ST.png,/path/to/IMA_dataset/ISIC_0009869_A04_T3_S2_5593016f9fc3c13155145fa1.png,2,Intermediate
ISIC_0012981,/path/to/IMA_dataset/ISIC_0012981.jpg,/path/to/IMA_dataset/ISIC_0012981_ST_ST_ST_ST.png,/path/to/IMA_dataset/ISIC_0012981_A00_T2_S1_5841e4509fc3c156c3ef3315.png,2,Intermediate
ISIC_0000456,/path/to/IMA_dataset/ISIC_0000456.jpg,/path/to/IMA_dataset/ISIC_0000456_A04_T3_S1_54511472bae47821f8801f74.png,/path/to/IMA_dataset/ISIC_0000456_A04_T3_S1_54511472bae47821f8801f74.png,2,Intermediate
ISIC_0000071,/path/to/IMA_dataset/ISIC_0000071.jpg,/path/to/IMA_dataset/ISIC_0000071_ST_ST_ST_ST.png,/path/to/IMA_dataset/ISIC_0000071_A04_T3_S2_545bc87abae47821f88023f7.png,1,Light
ISIC_0013165,/path/to/IMA_dataset/ISIC_0013165.jpg,/path/to/IMA_dataset/ISIC_0013165_A00_T2_S1_5841e4c09fc3c156c3ef353d.png,/path/to/IMA_dataset/ISIC_0013165_A00_T2_S1_5841e4c09fc3c156c3ef353d.png,2,Intermediate
ISIC_0013984,/path/to/IMA_dataset/ISIC_0013984.jpg,/path/to/IMA_dataset/ISIC_0013984_A00_T2_S1_5841e6f59fc3c156c3ef3ed6.png,/path/to/IMA_dataset/ISIC_0013984_A00_T2_S1_5841e6f59fc3c156c3ef3ed6.png,1,Light
ISIC_0000253,/path/to/IMA_dataset/ISIC_0000253.jpg,/path/to/IMA_dataset/ISIC_0000253_A04_T3_S1_5457d095bae47821f88021d5.png,/path/to/IMA_dataset/ISIC_0000253_A04_T3_S1_5457d095bae47821f88021d5.png,1,Light
ISIC_0011079,/path/to/IMA_dataset/ISIC_0011079.jpg,/path/to/IMA_dataset/ISIC_0011079_A04_T3_S1_55a53f1f9fc3c156bd71483e.png,/path/to/IMA_dataset/ISIC_0011079_A04_T3_S1_55a53f1f9fc3c156bd71483e.png,0,Very Light
ISIC_0000042,/path/to/IMA_dataset/ISIC_0000042.jpg,/path/to/IMA_dataset/ISIC_0000042_A04_T1_S1_545bd876bae47821f880244e.png,/path/to/IMA_dataset/ISIC_0000042_A04_T1_S1_545bd876bae47821f880244e.png,0,Very Light
ISIC_0013208,/path/to/IMA_dataset/ISIC_0013208.jpg,/path/to/IMA_dataset/ISIC_0013208_A00_T2_S1_5841e4d89fc3c156c3ef35be.png,/path/to/IMA_dataset/ISIC_0013208_A00_T2_S1_5841e4d89fc3c156c3ef35be.png,2,Intermediate
ISIC_0014385,/path/to/IMA_dataset/ISIC_0014385.jpg,/path/to/IMA_dataset/ISIC_0014385_ST_ST_ST_ST.png,/path/to/IMA_dataset/ISIC_0014385_A03_T1_S1_584722539fc3c10f04859a86.png,1,Light
ISIC_0009977,/path/to/IMA_dataset/ISIC_0009977.jpg,/path/to/IMA_dataset/ISIC_0009977_A04_T1_S1_5592e40e9fc3c13155145bbe.png,/path/to/IMA_dataset/ISIC_0009977_A04_T1_S1_5592e40e9fc3c13155145bbe.png,2,Intermediate
ISIC_0000227,/path/to/IMA_dataset/ISIC_0000227.jpg,/path/to/IMA_dataset/ISIC_0000227_A04_T3_S1_5457f9dabae47821f8802223.png,/path/to/IMA_dataset/ISIC_0000227_A04_T3_S1_5457f9dabae47821f8802223.png,1,Light
ISIC_0012318,/path/to/IMA_dataset/ISIC_0012318.jpg,/path/to/IMA_dataset/ISIC_0012318_A00_T2_S1_5841e2c69fc3c156c3ef2b50.png,/path/to/IMA_dataset/ISIC_0012318_A00_T2_S1_5841e2c69fc3c156c3ef2b50.png,1,Light
ISIC_0009899,/path/to/IMA_dataset/ISIC_0009899.jpg,/path/to/IMA_dataset/ISIC_0009899_A04_T1_S1_5592faaf9fc3c13155145d92.png,/path/to/IMA_dataset/ISIC_0009899_A04_T1_S1_5592faaf9fc3c13155145d92.png,2,Intermediate
ISIC_0000289,/path/to/IMA_dataset/ISIC_0000289.jpg,/path/to/IMA_dataset/ISIC_0000289_ST_ST_ST_ST.png,/path/to/IMA_dataset/ISIC_0000289_A02_T1_S1_57c04cae9fc3c158f2bd0e30.png,1,Light
ISIC_0011348,/path/to/IMA_dataset/ISIC_0011348.jpg,/path/to/IMA_dataset/ISIC_0011348_ST_ST_ST_ST.png,/path/to/IMA_dataset/ISIC_0011348_A04_T1_S2_55a94ccc9fc3c156bd715dcb.png,2,Intermediate
ISIC_0012116,/path/to/IMA_dataset/ISIC_0012116.jpg,/path/to/IMA_dataset/ISIC_0012116_ST_ST_ST_ST.png,/path/to/IMA_dataset/ISIC_0012116_A00_T2_S1_5841e24b9fc3c156c3ef28f2.png,2,Intermediate
ISIC_0012814,/path/to/IMA_dataset/ISIC_0012814.jpg,/path/to/IMA_dataset/ISIC_0012814_A00_T2_S1_5841e3ea9fc3c156c3ef3120.png,/path/to/IMA_dataset/ISIC_0012814_A00_T2_S1_5841e3ea9fc3c156c3ef3120.png,1,Light
ISIC_0000026,/path/to/IMA_dataset/ISIC_0000026.jpg,/path/to/IMA_dataset/ISIC_0000026_ST_ST_ST_ST.png,/path/to/IMA_dataset/ISIC_0000026_A04_T3_S2_545be688bae47821f880247e.png,1,Light
ISIC_0000028,/path/to/IMA_dataset/ISIC_0000028.jpg,/path/to/IMA_dataset/ISIC_0000028_A04_T3_S1_545be48ebae47821f8802478.png,/path/to/IMA_dataset/ISIC_0000028_A04_T3_S1_545be48ebae47821f8802478.png,1,Light
ISIC_0013048,/path/to/IMA_dataset/ISIC_0013048.jpg,/path/to/IMA_dataset/ISIC_0013048_A00_T2_S1_5841e4799fc3c156c3ef33de.png,/path/to/IMA_dataset/ISIC_0013048_A00_T2_S1_5841e4799fc3c156c3ef33de.png,1,Light
ISIC_0013134,/path/to/IMA_dataset/ISIC_0013134.jpg,/path/to/IMA_dataset/ISIC_0013134_A03_T1_S1_58473cc89fc3c10f04859b52.png,/path/to/IMA_dataset/ISIC_0013134_A03_T1_S1_58473cc89fc3c10f04859b52.png,2,Intermediate
ISIC_0000421,/path/to/IMA_dataset/ISIC_0000421.jpg,/path/to/IMA_dataset/ISIC_0000421_A04_T3_S1_545265acbae47821f8801fdd.png,/path/to/IMA_dataset/ISIC_0000421_A04_T3_S1_545265acbae47821f8801fdd.png,2,Intermediate
ISIC_0010574,/path/to/IMA_dataset/ISIC_0010574.jpg,/path/to/IMA_dataset/ISIC_0010574_A04_T1_S1_55a7dd4d9fc3c156bd715417.png,/path/to/IMA_dataset/ISIC_0010574_A04_T1_S1_55a7dd4d9fc3c156bd715417.png,2,Intermediate
ISIC_0011219,/path/to/IMA_dataset/ISIC_0011219.jpg,/path/to/IMA_dataset/ISIC_0011219_A04_T3_S1_559ff46c9fc3c156bd714337.png,/path/to/IMA_dataset/ISIC_0011219_A04_T3_S1_559ff46c9fc3c156bd714337.png,1,Light
ISIC_0013200,/path/to/IMA_dataset/ISIC_0013200.jpg,/path/to/IMA_dataset/ISIC_0013200_A00_T2_S1_5841e4d39fc3c156c3ef35a6.png,/path/to/IMA_dataset/ISIC_0013200_A00_T2_S1_5841e4d39fc3c156c3ef35a6.png,1,Light
ISIC_0009973,/path/to/IMA_dataset/ISIC_0009973.jpg,/path/to/IMA_dataset/ISIC_0009973_A04_T3_S1_5592e4689fc3c13155145bd6.png,/path/to/IMA_dataset/ISIC_0009973_A04_T3_S1_5592e4689fc3c13155145bd6.png,1,Light
ISIC_0010264,/path/to/IMA_dataset/ISIC_0010264.jpg,/path/to/IMA_dataset/ISIC_0010264_ST_ST_ST_ST.png,/path/to/IMA_dataset/ISIC_0010264_A06_T1_S1_568b395b9fc3c126c063feec.png,1,Light
ISIC_0000166,/path/to/IMA_dataset/ISIC_0000166.jpg,/path/to/IMA_dataset/ISIC_0000166_A04_T3_S1_545930bebae47821f88022da.png,/path/to/IMA_dataset/ISIC_0000166_A04_T3_S1_545930bebae47821f88022da.png,0,Very Light
ISIC_0013845,/path/to/IMA_dataset/ISIC_0013845.jpg,/path/to/IMA_dataset/ISIC_0013845_A00_T2_S1_5841e6949fc3c156c3ef3d35.png,/path/to/IMA_dataset/ISIC_0013845_A00_T2_S1_5841e6949fc3c156c3ef3d35.png,2,Intermediate
ISIC_0000214,/path/to/IMA_dataset/ISIC_0000214.jpg,/path/to/IMA_dataset/ISIC_0000214_A04_T1_S1_5458e753bae47821f880224a.png,/path/to/IMA_dataset/ISIC_0000214_A04_T1_S1_5458e753bae47821f880224a.png,1,Light
ISIC_0012982,/path/to/IMA_dataset/ISIC_0012982.jpg,/path/to/IMA_dataset/ISIC_0012982_A00_T2_S1_5841e4519fc3c156c3ef3318.png,/path/to/IMA_dataset/ISIC_0012982_A00_T2_S1_5841e4519fc3c156c3ef3318.png,1,Light
ISIC_0010180,/path/to/IMA_dataset/ISIC_0010180.jpg,/path/to/IMA_dataset/ISIC_0010180_A04_T1_S1_55a9389a9fc3c156bd715c2d.png,/path/to/IMA_dataset/ISIC_0010180_A04_T1_S1_55a9389a9fc3c156bd715c2d.png,1,Light
ISIC_0010471,/path/to/IMA_dataset/ISIC_0010471.jpg,/path/to/IMA_dataset/ISIC_0010471_A04_T3_S1_55a7fd099fc3c156bd715681.png,/path/to/IMA_dataset/ISIC_0010471_A04_T3_S1_55a7fd099fc3c156bd715681.png,1,Light
ISIC_0008992,/path/to/IMA_dataset/ISIC_0008992.jpg,/path/to/IMA_dataset/ISIC_0008992_A01_T3_S2_55ddef6d9fc3c10470dbf5ba.png,/path/to/IMA_dataset/ISIC_0008992_A05_T1_S1_5661e7039fc3c147bbd6a33e.png,1,Light
ISIC_0009885,/path/to/IMA_dataset/ISIC_0009885.jpg,/path/to/IMA_dataset/ISIC_0009885_A04_T3_S1_559300059fc3c13155145f41.png,/path/to/IMA_dataset/ISIC_0009885_A04_T3_S1_559300059fc3c13155145f41.png,1,Light
ISIC_0012259,/path/to/IMA_dataset/ISIC_0012259.jpg,/path/to/IMA_dataset/ISIC_0012259_A00_T2_S1_5841e2a09fc3c156c3ef2a9f.png,/path/to/IMA_dataset/ISIC_0012259_A00_T2_S1_5841e2a09fc3c156c3ef2a9f.png,2,Intermediate
ISIC_0010074,/path/to/IMA_dataset/ISIC_0010074.jpg,/path/to/IMA_dataset/ISIC_0010074_ST_ST_ST_ST.png,/path/to/IMA_dataset/ISIC_0010074_A04_T3_S2_559445e69fc3c13155bcae6e.png,1,Light
ISIC_0000004,/path/to/IMA_dataset/ISIC_0000004.jpg,/path/to/IMA_dataset/ISIC_0000004_ST_ST_ST_ST.png,/path/to/IMA_dataset/ISIC_0000004_A04_T1_S2_545d08aabae47821f8802550.png,0,Very Light
ISIC_0000169,/path/to/IMA_dataset/ISIC_0000169.jpg,/path/to/IMA_dataset/ISIC_0000169_A04_T1_S1_54592d34bae47821f88022d1.png,/path/to/IMA_dataset/ISIC_0000169_A04_T1_S1_54592d34bae47821f88022d1.png,2,Intermediate
ISIC_0009939,/path/to/IMA_dataset/ISIC_0009939.jpg,/path/to/IMA_dataset/ISIC_0009939_A04_T3_S1_5592f2759fc3c13155145ca2.png,/path/to/IMA_dataset/ISIC_0009939_A04_T3_S1_5592f2759fc3c13155145ca2.png,2,Intermediate
ISIC_0000300,/path/to/IMA_dataset/ISIC_0000300.jpg,/path/to/IMA_dataset/ISIC_0000300_A04_T1_S1_5453ed63bae47821f8802148.png,/path/to/IMA_dataset/ISIC_0000300_A04_T1_S1_5453ed63bae47821f8802148.png,1,Light
ISIC_0012089,/path/to/IMA_dataset/ISIC_0012089.jpg,/path/to/IMA_dataset/ISIC_0012089_ST_ST_ST_ST.png,/path/to/IMA_dataset/ISIC_0012089_A09_T1_S1_584729b99fc3c10f04859ac8.png,2,Intermediate
ISIC_0012164,/path/to/IMA_dataset/ISIC_0012164.jpg,/path/to/IMA_dataset/ISIC_0012164_A00_T2_S1_5841e2669fc3c156c3ef2982.png,/path/to/IMA_dataset/ISIC_0012164_A00_T2_S1_5841e2669fc3c156c3ef2982.png,2,Intermediate
ISIC_0012496,/path/to/IMA_dataset/ISIC_0012496.jpg,/path/to/IMA_dataset/ISIC_0012496_A00_T2_S1_5841e33b9fc3c156c3ef2d66.png,/path/to/IMA_dataset/ISIC_0012496_A00_T2_S1_5841e33b9fc3c156c3ef2d66.png,2,Intermediate
ISIC_0009881,/path/to/IMA_dataset/ISIC_0009881.jpg,/path/to/IMA_dataset/ISIC_0009881_A04_T3_S1_559300429fc3c13155145f59.png,/path/to/IMA_dataset/ISIC_0009881_A04_T3_S1_559300429fc3c13155145f59.png,1,Light
ISIC_0011099,/path/to/IMA_dataset/ISIC_0011099.jpg,/path/to/IMA_dataset/ISIC_0011099_A04_T1_S1_55a027309fc3c156bd7147c6.png,/path/to/IMA_dataset/ISIC_0011099_A04_T1_S1_55a027309fc3c156bd7147c6.png,1,Light
ISIC_0013747,/path/to/IMA_dataset/ISIC_0013747.jpg,/path/to/IMA_dataset/ISIC_0013747_ST_ST_ST_ST.png,/path/to/IMA_dataset/ISIC_0013747_A00_T2_S1_5841e6529fc3c156c3ef3c0f.png,2,Intermediate
ISIC_0014365,/path/to/IMA_dataset/ISIC_0014365.jpg,/path/to/IMA_dataset/ISIC_0014365_A00_T2_S1_5841e8199fc3c156c3ef434d.png,/path/to/IMA_dataset/ISIC_0014365_A00_T2_S1_5841e8199fc3c156c3ef434d.png,1,Light
ISIC_0014724,/path/to/IMA_dataset/ISIC_0014724.jpg,/path/to/IMA_dataset/ISIC_0014724_A00_T2_S1_5841e9329fc3c156c3ef4782.png,/path/to/IMA_dataset/ISIC_0014724_A00_T2_S1_5841e9329fc3c156c3ef4782.png,1,Light
ISIC_0013197,/path/to/IMA_dataset/ISIC_0013197.jpg,/path/to/IMA_dataset/ISIC_0013197_A00_T2_S1_5841e4d29fc3c156c3ef359d.png,/path/to/IMA_dataset/ISIC_0013197_A00_T2_S1_5841e4d29fc3c156c3ef359d.png,2,Intermediate
ISIC_0013201,/path/to/IMA_dataset/ISIC_0013201.jpg,/path/to/IMA_dataset/ISIC_0013201_ST_ST_ST_ST.png,/path/to/IMA_dataset/ISIC_0013201_A00_T2_S1_5841e4d49fc3c156c3ef35a9.png,2,Intermediate
ISIC_0010857,/path/to/IMA_dataset/ISIC_0010857.jpg,/path/to/IMA_dataset/ISIC_0010857_A04_T1_S1_55a697a49fc3c156bd714d72.png,/path/to/IMA_dataset/ISIC_0010857_A04_T1_S1_55a697a49fc3c156bd714d72.png,2,Intermediate
ISIC_0009298,/path/to/IMA_dataset/ISIC_0009298.jpg,/path/to/IMA_dataset/ISIC_0009298_A01_T3_S2_55ddcc839fc3c10470dbea86.png,/path/to/IMA_dataset/ISIC_0009298_A02_T1_S1_56659f879fc3c147bbd6afaa.png,2,Intermediate
ISIC_0000448,/path/to/IMA_dataset/ISIC_0000448.jpg,/path/to/IMA_dataset/ISIC_0000448_ST_ST_ST_ST.png,/path/to/IMA_dataset/ISIC_0000448_A04_T3_S2_54512096bae47821f8801f8c.png,1,Light
ISIC_0009879,/path/to/IMA_dataset/ISIC_0009879.jpg,/path/to/IMA_dataset/ISIC_0009879_A04_T1_S1_5593008d9fc3c13155145f65.png,/path/to/IMA_dataset/ISIC_0009879_A04_T1_S1_5593008d9fc3c13155145f65.png,1,Light
ISIC_0010475,/path/to/IMA_dataset/ISIC_0010475.jpg,/path/to/IMA_dataset/ISIC_0010475_A04_T3_S1_55a7fcc89fc3c156bd715669.png,/path/to/IMA_dataset/ISIC_0010475_A04_T3_S1_55a7fcc89fc3c156bd715669.png,1,Light
ISIC_0000261,/path/to/IMA_dataset/ISIC_0000261.jpg,/path/to/IMA_dataset/ISIC_0000261_A04_T3_S1_5457cb3dbae47821f88021bd.png,/path/to/IMA_dataset/ISIC_0000261_A04_T3_S1_5457cb3dbae47821f88021bd.png,1,Light
ISIC_0014216,/path/to/IMA_dataset/ISIC_0014216.jpg,/path/to/IMA_dataset/ISIC_0014216_A00_T2_S1_5841e7a79fc3c156c3ef418e.png,/path/to/IMA_dataset/ISIC_0014216_A00_T2_S1_5841e7a79fc3c156c3ef418e.png,1,Light
ISIC_0013274,/path/to/IMA_dataset/ISIC_0013274.jpg,/path/to/IMA_dataset/ISIC_0013274_A00_T2_S1_5841e5039fc3c156c3ef3684.png,/path/to/IMA_dataset/ISIC_0013274_A00_T2_S1_5841e5039fc3c156c3ef3684.png,2,Intermediate
ISIC_0012351,/path/to/IMA_dataset/ISIC_0012351.jpg,/path/to/IMA_dataset/ISIC_0012351_A00_T2_S1_5841e2d99fc3c156c3ef2bb3.png,/path/to/IMA_dataset/ISIC_0012351_A00_T2_S1_5841e2d99fc3c156c3ef2bb3.png,2,Intermediate
ISIC_0014845,/path/to/IMA_dataset/ISIC_0014845.jpg,/path/to/IMA_dataset/ISIC_0014845_A00_T2_S1_5841e9bd9fc3c156c3ef48ed.png,/path/to/IMA_dataset/ISIC_0014845_A00_T2_S1_5841e9bd9fc3c156c3ef48ed.png,1,Light
ISIC_0012271,/path/to/IMA_dataset/ISIC_0012271.jpg,/path/to/IMA_dataset/ISIC_0012271_A00_T2_S1_5841e2a99fc3c156c3ef2ac3.png,/path/to/IMA_dataset/ISIC_0012271_A00_T2_S1_5841e2a99fc3c156c3ef2ac3.png,2,Intermediate
ISIC_0000551,/path/to/IMA_dataset/ISIC_0000551.jpg,/path/to/IMA_dataset/ISIC_0000551_A04_T3_S1_54411f98bae478661558fad9.png,/path/to/IMA_dataset/ISIC_0000551_A04_T3_S1_54411f98bae478661558fad9.png,1,Light
ISIC_0013749,/path/to/IMA_dataset/ISIC_0013749.jpg,/path/to/IMA_dataset/ISIC_0013749_A00_T2_S1_5841e6549fc3c156c3ef3c15.png,/path/to/IMA_dataset/ISIC_0013749_A00_T2_S1_5841e6549fc3c156c3ef3c15.png,2,Intermediate
ISIC_0009982,/path/to/IMA_dataset/ISIC_0009982.jpg,/path/to/IMA_dataset/ISIC_0009982_A04_T1_S1_5592e3879fc3c13155145ba0.png,/path/to/IMA_dataset/ISIC_0009982_A04_T1_S1_5592e3879fc3c13155145ba0.png,1,Light
ISIC_0009905,/path/to/IMA_dataset/ISIC_0009905.jpg,/path/to/IMA_dataset/ISIC_0009905_A04_T3_S1_5592fa199fc3c13155145d6e.png,/path/to/IMA_dataset/ISIC_0009905_A04_T3_S1_5592fa199fc3c13155145d6e.png,1,Light
ISIC_0012232,/path/to/IMA_dataset/ISIC_0012232.jpg,/path/to/IMA_dataset/ISIC_0012232_A00_T2_S1_5841e28d9fc3c156c3ef2a4e.png,/path/to/IMA_dataset/ISIC_0012232_A00_T2_S1_5841e28d9fc3c156c3ef2a4e.png,2,Intermediate
ISIC_0013516,/path/to/IMA_dataset/ISIC_0013516.jpg,/path/to/IMA_dataset/ISIC_0013516_ST_ST_ST_ST.png,/path/to/IMA_dataset/ISIC_0013516_A00_T2_S1_5841e5b49fc3c156c3ef395a.png,2,Intermediate
ISIC_0012521,/path/to/IMA_dataset/ISIC_0012521.jpg,/path/to/IMA_dataset/ISIC_0012521_A00_T2_S1_5841e34e9fc3c156c3ef2db1.png,/path/to/IMA_dataset/ISIC_0012521_A00_T2_S1_5841e34e9fc3c156c3ef2db1.png,2,Intermediate
ISIC_0011393,/path/to/IMA_dataset/ISIC_0011393.jpg,/path/to/IMA_dataset/ISIC_0011393_A04_T3_S1_55a93a919fc3c156bd715cb1.png,/path/to/IMA_dataset/ISIC_0011393_A04_T3_S1_55a93a919fc3c156bd715cb1.png,2,Intermediate
ISIC_0015112,/path/to/IMA_dataset/ISIC_0015112.jpg,/path/to/IMA_dataset/ISIC_0015112_A00_T2_S1_5841eaf69fc3c156c3ef4c0e.png,/path/to/IMA_dataset/ISIC_0015112_A00_T2_S1_5841eaf69fc3c156c3ef4c0e.png,1,Light
ISIC_0000301,/path/to/IMA_dataset/ISIC_0000301.jpg,/path/to/IMA_dataset/ISIC_0000301_ST_ST_ST_ST.png,/path/to/IMA_dataset/ISIC_0000301_A04_T1_S1_5453ed12bae47821f8802145.png,2,Intermediate
ISIC_0000363,/path/to/IMA_dataset/ISIC_0000363.jpg,/path/to/IMA_dataset/ISIC_0000363_ST_ST_ST_ST.png,/path/to/IMA_dataset/ISIC_0000363_A04_T3_S2_5453b025bae47821f880208b.png,1,Light
ISIC_0000129,/path/to/IMA_dataset/ISIC_0000129.jpg,/path/to/IMA_dataset/ISIC_0000129_ST_ST_ST_ST.png,/path/to/IMA_dataset/ISIC_0000129_A04_T3_S2_545a68aebae47821f8802349.png,1,Light
ISIC_0000252,/path/to/IMA_dataset/ISIC_0000252.jpg,/path/to/IMA_dataset/ISIC_0000252_ST_ST_ST_ST.png,/path/to/IMA_dataset/ISIC_0000252_A04_T3_S2_5457d0acbae47821f88021d8.png,1,Light
ISIC_0014754,/path/to/IMA_dataset/ISIC_0014754.jpg,/path/to/IMA_dataset/ISIC_0014754_A00_T2_S1_5841e9559fc3c156c3ef47dc.png,/path/to/IMA_dataset/ISIC_0014754_A00_T2_S1_5841e9559fc3c156c3ef47dc.png,1,Light
ISIC_0013553,/path/to/IMA_dataset/ISIC_0013553.jpg,/path/to/IMA_dataset/ISIC_0013553_A00_T2_S1_5841e5cd9fc3c156c3ef39c9.png,/path/to/IMA_dataset/ISIC_0013553_A00_T2_S1_5841e5cd9fc3c156c3ef39c9.png,2,Intermediate
ISIC_0010016,/path/to/IMA_dataset/ISIC_0010016.jpg,/path/to/IMA_dataset/ISIC_0010016_ST_ST_ST_ST.png,/path/to/IMA_dataset/ISIC_0010016_A04_T3_S2_5592df649fc3c13155145ad4.png,1,Light
ISIC_0012880,/path/to/IMA_dataset/ISIC_0012880.jpg,/path/to/IMA_dataset/ISIC_0012880_A03_T3_S1_5847343d9fc3c10f04859af5.png,/path/to/IMA_dataset/ISIC_0012880_A03_T3_S1_5847343d9fc3c10f04859af5.png,2,Intermediate
ISIC_0013359,/path/to/IMA_dataset/ISIC_0013359.jpg,/path/to/IMA_dataset/ISIC_0013359_ST_ST_ST_ST.png,/path/to/IMA_dataset/ISIC_0013359_A03_T1_S1_584738099fc3c10f04859b0f.png,2,Intermediate
ISIC_0000444,/path/to/IMA_dataset/ISIC_0000444.jpg,/path/to/IMA_dataset/ISIC_0000444_ST_ST_ST_ST.png,/path/to/IMA_dataset/ISIC_0000444_A04_T3_S2_54512809bae47821f8801f98.png,1,Light
ISIC_0014667,/path/to/IMA_dataset/ISIC_0014667.jpg,/path/to/IMA_dataset/ISIC_0014667_A00_T2_S1_5841e8f29fc3c156c3ef46d7.png,/path/to/IMA_dataset/ISIC_0014667_A00_T2_S1_5841e8f29fc3c156c3ef46d7.png,2,Intermediate
ISIC_0010005,/path/to/IMA_dataset/ISIC_0010005.jpg,/path/to/IMA_dataset/ISIC_0010005_A04_T1_S1_5592e0c89fc3c13155145b16.png,/path/to/IMA_dataset/ISIC_0010005_A04_T1_S1_5592e0c89fc3c13155145b16.png,0,Very Light
ISIC_0000552,/path/to/IMA_dataset/ISIC_0000552.jpg,/path/to/IMA_dataset/ISIC_0000552_ST_ST_ST_ST.png,/path/to/IMA_dataset/ISIC_0000552_A04_T3_S2_54411f42bae478661558fad6.png,1,Light
ISIC_0013523,/path/to/IMA_dataset/ISIC_0013523.jpg,/path/to/IMA_dataset/ISIC_0013523_A00_T2_S1_5841e5b99fc3c156c3ef396f.png,/path/to/IMA_dataset/ISIC_0013523_A00_T2_S1_5841e5b99fc3c156c3ef396f.png,2,Intermediate
ISIC_0000160,/path/to/IMA_dataset/ISIC_0000160.jpg,/path/to/IMA_dataset/ISIC_0000160_A04_T1_S1_545939f4bae47821f88022ec.png,/path/to/IMA_dataset/ISIC_0000160_A04_T1_S1_545939f4bae47821f88022ec.png,1,Light
ISIC_0009533,/path/to/IMA_dataset/ISIC_0009533.jpg,/path/to/IMA_dataset/ISIC_0009533_A01_T3_S2_55ddb9fe9fc3c10470dbe24c.png,/path/to/IMA_dataset/ISIC_0009533_A05_T3_S1_566603ac9fc3c1206728512d.png,1,Light
ISIC_0008528,/path/to/IMA_dataset/ISIC_0008528.jpg,/path/to/IMA_dataset/ISIC_0008528_A01_T3_S1_55df18dd9fc3c10470dc07a2.png,/path/to/IMA_dataset/ISIC_0008528_A01_T3_S1_55df18dd9fc3c10470dc07a2.png,1,Light
ISIC_0014076,/path/to/IMA_dataset/ISIC_0014076.jpg,/path/to/IMA_dataset/ISIC_0014076_A00_T2_S1_5841e7399fc3c156c3ef3fea.png,/path/to/IMA_dataset/ISIC_0014076_A00_T2_S1_5841e7399fc3c156c3ef3fea.png,1,Light
ISIC_0014458,/path/to/IMA_dataset/ISIC_0014458.jpg,/path/to/IMA_dataset/ISIC_0014458_A00_T2_S1_5841e85f9fc3c156c3ef4464.png,/path/to/IMA_dataset/ISIC_0014458_A00_T2_S1_5841e85f9fc3c156c3ef4464.png,2,Intermediate
ISIC_0000345,/path/to/IMA_dataset/ISIC_0000345.jpg,/path/to/IMA_dataset/ISIC_0000345_ST_ST_ST_ST.png,/path/to/IMA_dataset/ISIC_0000345_A04_T3_S2_5453be99bae47821f88020c1.png,2,Intermediate
ISIC_0010219,/path/to/IMA_dataset/ISIC_0010219.jpg,/path/to/IMA_dataset/ISIC_0010219_ST_ST_ST_ST.png,/path/to/IMA_dataset/ISIC_0010219_A04_T3_S2_55a9266d9fc3c156bd715b43.png,2,Intermediate
ISIC_0013670,/path/to/IMA_dataset/ISIC_0013670.jpg,/path/to/IMA_dataset/ISIC_0013670_ST_ST_ST_ST.png,/path/to/IMA_dataset/ISIC_0013670_A03_T3_S1_584722689fc3c10f04859a87.png,2,Intermediate
ISIC_0013962,/path/to/IMA_dataset/ISIC_0013962.jpg,/path/to/IMA_dataset/ISIC_0013962_A00_T2_S1_5841e6e69fc3c156c3ef3e94.png,/path/to/IMA_dataset/ISIC_0013962_A00_T2_S1_5841e6e69fc3c156c3ef3e94.png,2,Intermediate
ISIC_0000332,/path/to/IMA_dataset/ISIC_0000332.jpg,/path/to/IMA_dataset/ISIC_0000332_A04_T3_S1_5453c68abae47821f88020e8.png,/path/to/IMA_dataset/ISIC_0000332_A04_T3_S1_5453c68abae47821f88020e8.png,1,Light
ISIC_0014915,/path/to/IMA_dataset/ISIC_0014915.jpg,/path/to/IMA_dataset/ISIC_0014915_A00_T2_S1_5841ea0c9fc3c156c3ef49bf.png,/path/to/IMA_dataset/ISIC_0014915_A00_T2_S1_5841ea0c9fc3c156c3ef49bf.png,1,Light
ISIC_0002885,/path/to/IMA_dataset/ISIC_0002885.jpg,/path/to/IMA_dataset/ISIC_0002885_A02_T1_S1_55f1c2459fc3c1423f77e204.png,/path/to/IMA_dataset/ISIC_0002885_A02_T1_S1_55f1c2459fc3c1423f77e204.png,1,Light
ISIC_0014983,/path/to/IMA_dataset/ISIC_0014983.jpg,/path/to/IMA_dataset/ISIC_0014983_A00_T2_S1_5841ea5b9fc3c156c3ef4a8b.png,/path/to/IMA_dataset/ISIC_0014983_A00_T2_S1_5841ea5b9fc3c156c3ef4a8b.png,1,Light
ISIC_0012962,/path/to/IMA_dataset/ISIC_0012962.jpg,/path/to/IMA_dataset/ISIC_0012962_A06_T1_S1_58473e839fc3c10f04859b6e.png,/path/to/IMA_dataset/ISIC_0012962_A06_T1_S1_58473e839fc3c10f04859b6e.png,1,Light
ISIC_0014636,/path/to/IMA_dataset/ISIC_0014636.jpg,/path/to/IMA_dataset/ISIC_0014636_A00_T2_S1_5841e8d89fc3c156c3ef467a.png,/path/to/IMA_dataset/ISIC_0014636_A00_T2_S1_5841e8d89fc3c156c3ef467a.png,1,Light
ISIC_0000480,/path/to/IMA_dataset/ISIC_0000480.jpg,/path/to/IMA_dataset/ISIC_0000480_ST_ST_ST_ST.png,/path/to/IMA_dataset/ISIC_0000480_A04_T3_S2_5450fa9ebae47865794e4d4c.png,1,Light
ISIC_0014498,/path/to/IMA_dataset/ISIC_0014498.jpg,/path/to/IMA_dataset/ISIC_0014498_A00_T2_S1_5841e87e9fc3c156c3ef44dc.png,/path/to/IMA_dataset/ISIC_0014498_A00_T2_S1_5841e87e9fc3c156c3ef44dc.png,1,Light
ISIC_0014522,/path/to/IMA_dataset/ISIC_0014522.jpg,/path/to/IMA_dataset/ISIC_0014522_ST_ST_ST_ST.png,/path/to/IMA_dataset/ISIC_0014522_A00_T2_S1_5841e8909fc3c156c3ef4524.png,2,Intermediate
ISIC_0013378,/path/to/IMA_dataset/ISIC_0013378.jpg,/path/to/IMA_dataset/ISIC_0013378_ST_ST_ST_ST.png,/path/to/IMA_dataset/ISIC_0013378_A06_T1_S1_58473b979fc3c10f04859b40.png,1,Light
ISIC_0014187,/path/to/IMA_dataset/ISIC_0014187.jpg,/path/to/IMA_dataset/ISIC_0014187_ST_ST_ST_ST.png,/path/to/IMA_dataset/ISIC_0014187_A00_T2_S1_5841e78d9fc3c156c3ef4137.png,2,Intermediate
ISIC_0002975,/path/to/IMA_dataset/ISIC_0002975.jpg,/path/to/IMA_dataset/ISIC_0002975_A05_T3_S1_55e9baa29fc3c1046f7c9396.png,/path/to/IMA_dataset/ISIC_0002975_A05_T3_S1_55e9baa29fc3c1046f7c9396.png,1,Light
ISIC_0013709,/path/to/IMA_dataset/ISIC_0013709.jpg,/path/to/IMA_dataset/ISIC_0013709_A03_T1_S1_58471b449fc3c10f04859a46.png,/path/to/IMA_dataset/ISIC_0013709_A03_T1_S1_58471b449fc3c10f04859a46.png,2,Intermediate
ISIC_0014684,/path/to/IMA_dataset/ISIC_0014684.jpg,/path/to/IMA_dataset/ISIC_0014684_ST_ST_ST_ST.png,/path/to/IMA_dataset/ISIC_0014684_A09_T3_S1_584719569fc3c10f0485999b.png,1,Light
ISIC_0012739,/path/to/IMA_dataset/ISIC_0012739.jpg,/path/to/IMA_dataset/ISIC_0012739_A00_T2_S1_5841e3bf9fc3c156c3ef303f.png,/path/to/IMA_dataset/ISIC_0012739_A00_T2_S1_5841e3bf9fc3c156c3ef303f.png,2,Intermediate
ISIC_0011085,/path/to/IMA_dataset/ISIC_0011085.jpg,/path/to/IMA_dataset/ISIC_0011085_A04_T1_S1_55a53cc19fc3c156bd71481a.png,/path/to/IMA_dataset/ISIC_0011085_A04_T1_S1_55a53cc19fc3c156bd71481a.png,1,Light
ISIC_0014577,/path/to/IMA_dataset/ISIC_0014577.jpg,/path/to/IMA_dataset/ISIC_0014577_A00_T2_S1_5841e8b69fc3c156c3ef45c9.png,/path/to/IMA_dataset/ISIC_0014577_A00_T2_S1_5841e8b69fc3c156c3ef45c9.png,1,Light
ISIC_0013713,/path/to/IMA_dataset/ISIC_0013713.jpg,/path/to/IMA_dataset/ISIC_0013713_A00_T2_S1_5841e63c9fc3c156c3ef3ba9.png,/path/to/IMA_dataset/ISIC_0013713_A00_T2_S1_5841e63c9fc3c156c3ef3ba9.png,2,Intermediate
ISIC_0009917,/path/to/IMA_dataset/ISIC_0009917.jpg,/path/to/IMA_dataset/ISIC_0009917_A04_T3_S1_5592f8f29fc3c13155145d26.png,/path/to/IMA_dataset/ISIC_0009917_A04_T3_S1_5592f8f29fc3c13155145d26.png,1,Light
ISIC_0014133,/path/to/IMA_dataset/ISIC_0014133.jpg,/path/to/IMA_dataset/ISIC_0014133_A00_T2_S1_5841e7649fc3c156c3ef4095.png,/path/to/IMA_dataset/ISIC_0014133_A00_T2_S1_5841e7649fc3c156c3ef4095.png,2,Intermediate
ISIC_0013223,/path/to/IMA_dataset/ISIC_0013223.jpg,/path/to/IMA_dataset/ISIC_0013223_A00_T2_S1_5841e4e19fc3c156c3ef35eb.png,/path/to/IMA_dataset/ISIC_0013223_A00_T2_S1_5841e4e19fc3c156c3ef35eb.png,1,Light
ISIC_0009871,/path/to/IMA_dataset/ISIC_0009871.jpg,/path/to/IMA_dataset/ISIC_0009871_ST_ST_ST_ST.png,/path/to/IMA_dataset/ISIC_0009871_A04_T3_S2_559301529fc3c13155145f95.png,1,Light
ISIC_0000069,/path/to/IMA_dataset/ISIC_0000069.jpg,/path/to/IMA_dataset/ISIC_0000069_A04_T3_S1_545bc90dbae47821f88023fd.png,/path/to/IMA_dataset/ISIC_0000069_A04_T3_S1_545bc90dbae47821f88023fd.png,1,Light
ISIC_0000101,/path/to/IMA_dataset/ISIC_0000101.jpg,/path/to/IMA_dataset/ISIC_0000101_A04_T3_S1_545a9e31bae47821f880239d.png,/path/to/IMA_dataset/ISIC_0000101_A04_T3_S1_545a9e31bae47821f880239d.png,1,Light
ISIC_0011328,/path/to/IMA_dataset/ISIC_0011328.jpg,/path/to/IMA_dataset/ISIC_0011328_A04_T3_S1_55a967439fc3c156bd715e43.png,/path/to/IMA_dataset/ISIC_0011328_A04_T3_S1_55a967439fc3c156bd715e43.png,1,Light
ISIC_0000120,/path/to/IMA_dataset/ISIC_0000120.jpg,/path/to/IMA_dataset/ISIC_0000120_A04_T3_S1_545a8933bae47821f8802364.png,/path/to/IMA_dataset/ISIC_0000120_A04_T3_S1_545a8933bae47821f8802364.png,1,Light
ISIC_0000465,/path/to/IMA_dataset/ISIC_0000465.jpg,/path/to/IMA_dataset/ISIC_0000465_A04_T3_S1_54510dc8bae47821f8801f59.png,/path/to/IMA_dataset/ISIC_0000465_A04_T3_S1_54510dc8bae47821f8801f59.png,1,Light
ISIC_0012117,/path/to/IMA_dataset/ISIC_0012117.jpg,/path/to/IMA_dataset/ISIC_0012117_A00_T2_S1_5841e24c9fc3c156c3ef28f5.png,/path/to/IMA_dataset/ISIC_0012117_A00_T2_S1_5841e24c9fc3c156c3ef28f5.png,1,Light
ISIC_0000244,/path/to/IMA_dataset/ISIC_0000244.jpg,/path/to/IMA_dataset/ISIC_0000244_A04_T3_S1_5457d5ccbae47821f88021f0.png,/path/to/IMA_dataset/ISIC_0000244_A04_T3_S1_5457d5ccbae47821f88021f0.png,1,Light
ISIC_0000486,/path/to/IMA_dataset/ISIC_0000486.jpg,/path/to/IMA_dataset/ISIC_0000486_A12_T3_S1_5450f718bae47865794e4d2e.png,/path/to/IMA_dataset/ISIC_0000486_A12_T3_S1_5450f718bae47865794e4d2e.png,1,Light
ISIC_0012701,/path/to/IMA_dataset/ISIC_0012701.jpg,/path/to/IMA_dataset/ISIC_0012701_A00_T2_S1_5841e3ab9fc3c156c3ef2fcd.png,/path/to/IMA_dataset/ISIC_0012701_A00_T2_S1_5841e3ab9fc3c156c3ef2fcd.png,2,Intermediate
ISIC_0012740,/path/to/IMA_dataset/ISIC_0012740.jpg,/path/to/IMA_dataset/ISIC_0012740_ST_ST_ST_ST.png,/path/to/IMA_dataset/ISIC_0012740_A03_T3_S1_58471f449fc3c10f04859a76.png,2,Intermediate
ISIC_0000132,/path/to/IMA_dataset/ISIC_0000132.jpg,/path/to/IMA_dataset/ISIC_0000132_ST_ST_ST_ST.png,/path/to/IMA_dataset/ISIC_0000132_A02_T1_S1_57c048039fc3c158f2bd0e27.png,1,Light
ISIC_0000186,/path/to/IMA_dataset/ISIC_0000186.jpg,/path/to/IMA_dataset/ISIC_0000186_ST_ST_ST_ST.png,/path/to/IMA_dataset/ISIC_0000186_A04_T3_S2_545912dcbae47821f880229e.png,1,Light
ISIC_0011397,/path/to/IMA_dataset/ISIC_0011397.jpg,/path/to/IMA_dataset/ISIC_0011397_A04_T1_S1_55a93a309fc3c156bd715c99.png,/path/to/IMA_dataset/ISIC_0011397_A04_T1_S1_55a93a309fc3c156bd715c99.png,2,Intermediate
ISIC_0012442,/path/to/IMA_dataset/ISIC_0012442.jpg,/path/to/IMA_dataset/ISIC_0012442_A00_T2_S1_5841e3129fc3c156c3ef2cc4.png,/path/to/IMA_dataset/ISIC_0012442_A00_T2_S1_5841e3129fc3c156c3ef2cc4.png,1,Light
ISIC_0012949,/path/to/IMA_dataset/ISIC_0012949.jpg,/path/to/IMA_dataset/ISIC_0012949_A00_T2_S1_5841e43d9fc3c156c3ef32b5.png,/path/to/IMA_dataset/ISIC_0012949_A00_T2_S1_5841e43d9fc3c156c3ef32b5.png,1,Light
ISIC_0000415,/path/to/IMA_dataset/ISIC_0000415.jpg,/path/to/IMA_dataset/ISIC_0000415_A04_T3_S1_54526aafbae47821f8801fef.png,/path/to/IMA_dataset/ISIC_0000415_A04_T3_S1_54526aafbae47821f8801fef.png,1,Light
ISIC_0010340,/path/to/IMA_dataset/ISIC_0010340.jpg,/path/to/IMA_dataset/ISIC_0010340_ST_ST_ST_ST.png,/path/to/IMA_dataset/ISIC_0010340_A04_T1_S1_55a915589fc3c156bd715993.png,1,Light
ISIC_0000192,/path/to/IMA_dataset/ISIC_0000192.jpg,/path/to/IMA_dataset/ISIC_0000192_ST_ST_ST_ST.png,/path/to/IMA_dataset/ISIC_0000192_A04_T3_S2_54590725bae47821f880228c.png,1,Light
ISIC_0010102,/path/to/IMA_dataset/ISIC_0010102.jpg,/path/to/IMA_dataset/ISIC_0010102_A04_T1_S1_559441849fc3c13155bcadc6.png,/path/to/IMA_dataset/ISIC_0010102_A04_T1_S1_559441849fc3c13155bcadc6.png,1,Light
ISIC_0009430,/path/to/IMA_dataset/ISIC_0009430.jpg,/path/to/IMA_dataset/ISIC_0009430_A01_T3_S2_55ddc48d9fc3c10470dbe714.png,/path/to/IMA_dataset/ISIC_0009430_A02_T1_S1_5665a0f59fc3c147bbd6b082.png,2,Intermediate
ISIC_0010365,/path/to/IMA_dataset/ISIC_0010365.jpg,/path/to/IMA_dataset/ISIC_0010365_A04_T3_S1_55a90e4a9fc3c156bd7158fd.png,/path/to/IMA_dataset/ISIC_0010365_A04_T3_S1_55a90e4a9fc3c156bd7158fd.png,1,Light
ISIC_0000137,/path/to/IMA_dataset/ISIC_0000137.jpg,/path/to/IMA_dataset/ISIC_0000137_A04_T3_S1_545a6485bae47821f8802331.png,/path/to/IMA_dataset/ISIC_0000137_A04_T3_S1_545a6485bae47821f8802331.png,1,Light
ISIC_0014606,/path/to/IMA_dataset/ISIC_0014606.jpg,/path/to/IMA_dataset/ISIC_0014606_A00_T2_S1_5841e8c79fc3c156c3ef4620.png,/path/to/IMA_dataset/ISIC_0014606_A00_T2_S1_5841e8c79fc3c156c3ef4620.png,0,Very Light
ISIC_0013155,/path/to/IMA_dataset/ISIC_0013155.jpg,/path/to/IMA_dataset/ISIC_0013155_A00_T2_S1_5841e4ba9fc3c156c3ef351f.png,/path/to/IMA_dataset/ISIC_0013155_A00_T2_S1_5841e4ba9fc3c156c3ef351f.png,1,Light
ISIC_0013437,/path/to/IMA_dataset/ISIC_0013437.jpg,/path/to/IMA_dataset/ISIC_0013437_A00_T2_S1_5841e57c9fc3c156c3ef386d.png,/path/to/IMA_dataset/ISIC_0013437_A00_T2_S1_5841e57c9fc3c156c3ef386d.png,2,Intermediate
ISIC_0013499,/path/to/IMA_dataset/ISIC_0013499.jpg,/path/to/IMA_dataset/ISIC_0013499_A00_T2_S1_5841e5a89fc3c156c3ef3927.png,/path/to/IMA_dataset/ISIC_0013499_A00_T2_S1_5841e5a89fc3c156c3ef3927.png,1,Light
ISIC_0014438,/path/to/IMA_dataset/ISIC_0014438.jpg,/path/to/IMA_dataset/ISIC_0014438_A00_T2_S1_5841e8509fc3c156c3ef4428.png,/path/to/IMA_dataset/ISIC_0014438_A00_T2_S1_5841e8509fc3c156c3ef4428.png,2,Intermediate
ISIC_0013559,/path/to/IMA_dataset/ISIC_0013559.jpg,/path/to/IMA_dataset/ISIC_0013559_A00_T2_S1_5841e5d19fc3c156c3ef39db.png,/path/to/IMA_dataset/ISIC_0013559_A00_T2_S1_5841e5d19fc3c156c3ef39db.png,1,Light
ISIC_0000240,/path/to/IMA_dataset/ISIC_0000240.jpg,/path/to/IMA_dataset/ISIC_0000240_A04_T1_S1_5457f182bae47821f88021fc.png,/path/to/IMA_dataset/ISIC_0000240_A04_T1_S1_5457f182bae47821f88021fc.png,1,Light
ISIC_0010205,/path/to/IMA_dataset/ISIC_0010205.jpg,/path/to/IMA_dataset/ISIC_0010205_A04_T3_S1_55a928e59fc3c156bd715b97.png,/path/to/IMA_dataset/ISIC_0010205_A04_T3_S1_55a928e59fc3c156bd715b97.png,0,Very Light
ISIC_0000490,/path/to/IMA_dataset/ISIC_0000490.jpg,/path/to/IMA_dataset/ISIC_0000490_ST_ST_ST_ST.png,/path/to/IMA_dataset/ISIC_0000490_A04_T3_S2_5450f382bae47865794e4d1f.png,2,Intermediate
ISIC_0010187,/path/to/IMA_dataset/ISIC_0010187.jpg,/path/to/IMA_dataset/ISIC_0010187_A04_T3_S1_55a92e9f9fc3c156bd715c03.png,/path/to/IMA_dataset/ISIC_0010187_A04_T3_S1_55a92e9f9fc3c156bd715c03.png,1,Light
ISIC_0014975,/path/to/IMA_dataset/ISIC_0014975.jpg,/path/to/IMA_dataset/ISIC_0014975_ST_ST_ST_ST.png,/path/to/IMA_dataset/ISIC_0014975_A09_T1_S1_5847105c9fc3c10f04859680.png,2,Intermediate
ISIC_0010330,/path/to/IMA_dataset/ISIC_0010330.jpg,/path/to/IMA_dataset/ISIC_0010330_A04_T3_S1_55a91e549fc3c156bd7159cf.png,/path/to/IMA_dataset/ISIC_0010330_A04_T3_S1_55a91e549fc3c156bd7159cf.png,2,Intermediate
ISIC_0000138,/path/to/IMA_dataset/ISIC_0000138.jpg,/path/to/IMA_dataset/ISIC_0000138_ST_ST_ST_ST.png,/path/to/IMA_dataset/ISIC_0000138_A03_T1_S1_57be09509fc3c1434763a31d.png,1,Light
ISIC_0013803,/path/to/IMA_dataset/ISIC_0013803.jpg,/path/to/IMA_dataset/ISIC_0013803_A00_T2_S1_5841e6789fc3c156c3ef3cb7.png,/path/to/IMA_dataset/ISIC_0013803_A00_T2_S1_5841e6789fc3c156c3ef3cb7.png,1,Light
ISIC_0013896,/path/to/IMA_dataset/ISIC_0013896.jpg,/path/to/IMA_dataset/ISIC_0013896_A00_T2_S1_5841e6b99fc3c156c3ef3dce.png,/path/to/IMA_dataset/ISIC_0013896_A00_T2_S1_5841e6b99fc3c156c3ef3dce.png,2,Intermediate
ISIC_0010015,/path/to/IMA_dataset/ISIC_0010015.jpg,/path/to/IMA_dataset/ISIC_0010015_A04_T3_S1_5592df739fc3c13155145ada.png,/path/to/IMA_dataset/ISIC_0010015_A04_T3_S1_5592df739fc3c13155145ada.png,1,Light
ISIC_0000037,/path/to/IMA_dataset/ISIC_0000037.jpg,/path/to/IMA_dataset/ISIC_0000037_ST_ST_ST_ST.png,/path/to/IMA_dataset/ISIC_0000037_A04_T3_S2_545bd9a0bae47821f880245d.png,0,Very Light
ISIC_0009945,/path/to/IMA_dataset/ISIC_0009945.jpg,/path/to/IMA_dataset/ISIC_0009945_ST_ST_ST_ST.png,/path/to/IMA_dataset/ISIC_0009945_A06_T1_S1_568bb35e9fc3c126c063ff31.png,1,Light
ISIC_0011213,/path/to/IMA_dataset/ISIC_0011213.jpg,/path/to/IMA_dataset/ISIC_0011213_ST_ST_ST_ST.png,/path/to/IMA_dataset/ISIC_0011213_A04_T3_S2_559ff4fe9fc3c156bd71435b.png,1,Light
ISIC_0014696,/path/to/IMA_dataset/ISIC_0014696.jpg,/path/to/IMA_dataset/ISIC_0014696_A00_T2_S1_5841e9139fc3c156c3ef472e.png,/path/to/IMA_dataset/ISIC_0014696_A00_T2_S1_5841e9139fc3c156c3ef472e.png,1,Light
ISIC_0014806,/path/to/IMA_dataset/ISIC_0014806.jpg,/path/to/IMA_dataset/ISIC_0014806_A00_T2_S1_5841e9909fc3c156c3ef4878.png,/path/to/IMA_dataset/ISIC_0014806_A00_T2_S1_5841e9909fc3c156c3ef4878.png,1,Light
ISIC_0014657,/path/to/IMA_dataset/ISIC_0014657.jpg,/path/to/IMA_dataset/ISIC_0014657_A00_T2_S1_5841e8e69fc3c156c3ef46b9.png,/path/to/IMA_dataset/ISIC_0014657_A00_T2_S1_5841e8e69fc3c156c3ef46b9.png,1,Light
ISIC_0014594,/path/to/IMA_dataset/ISIC_0014594.jpg,/path/to/IMA_dataset/ISIC_0014594_A00_T2_S1_5841e8c09fc3c156c3ef45fc.png,/path/to/IMA_dataset/ISIC_0014594_A00_T2_S1_5841e8c09fc3c156c3ef45fc.png,1,Light
ISIC_0000164,/path/to/IMA_dataset/ISIC_0000164.jpg,/path/to/IMA_dataset/ISIC_0000164_ST_ST_ST_ST.png,/path/to/IMA_dataset/ISIC_0000164_A02_T1_S1_57c048699fc3c158f2bd0e2a.png,1,Light
ISIC_0009165,/path/to/IMA_dataset/ISIC_0009165.jpg,/path/to/IMA_dataset/ISIC_0009165_A01_T3_S2_55ddd7689fc3c10470dbedfe.png,/path/to/IMA_dataset/ISIC_0009165_A05_T3_S1_5665a72e9fc3c11b98db25e9.png,1,Light
ISIC_0002459,/path/to/IMA_dataset/ISIC_0002459.jpg,/path/to/IMA_dataset/ISIC_0002459_A06_T1_S1_54ee193cbae47871b5e031cd.png,/path/to/IMA_dataset/ISIC_0002459_A06_T1_S1_54ee193cbae47871b5e031cd.png,1,Light
ISIC_0010864,/path/to/IMA_dataset/ISIC_0010864.jpg,/path/to/IMA_dataset/ISIC_0010864_A04_T3_S1_55a696d29fc3c156bd714d48.png,/path/to/IMA_dataset/ISIC_0010864_A04_T3_S1_55a696d29fc3c156bd714d48.png,1,Light
ISIC_0000525,/path/to/IMA_dataset/ISIC_0000525.jpg,/path/to/IMA_dataset/ISIC_0000525_ST_ST_ST_ST.png,/path/to/IMA_dataset/ISIC_0000525_A04_T3_S2_544ab7ebbae478661558fb27.png,1,Light
ISIC_0011352,/path/to/IMA_dataset/ISIC_0011352.jpg,/path/to/IMA_dataset/ISIC_0011352_A04_T3_S1_55a94c679fc3c156bd715db3.png,/path/to/IMA_dataset/ISIC_0011352_A04_T3_S1_55a94c679fc3c156bd715db3.png,1,Light
ISIC_0010554,/path/to/IMA_dataset/ISIC_0010554.jpg,/path/to/IMA_dataset/ISIC_0010554_A04_T3_S1_55a7e25c9fc3c156bd71548f.png,/path/to/IMA_dataset/ISIC_0010554_A04_T3_S1_55a7e25c9fc3c156bd71548f.png,1,Light
ISIC_0013719,/path/to/IMA_dataset/ISIC_0013719.jpg,/path/to/IMA_dataset/ISIC_0013719_A00_T2_S1_5841e6409fc3c156c3ef3bbb.png,/path/to/IMA_dataset/ISIC_0013719_A00_T2_S1_5841e6409fc3c156c3ef3bbb.png,1,Light
ISIC_0000346,/path/to/IMA_dataset/ISIC_0000346.jpg,/path/to/IMA_dataset/ISIC_0000346_A04_T1_S1_5453be82bae47821f88020be.png,/path/to/IMA_dataset/ISIC_0000346_A04_T1_S1_5453be82bae47821f88020be.png,1,Light
ISIC_0000265,/path/to/IMA_dataset/ISIC_0000265.jpg,/path/to/IMA_dataset/ISIC_0000265_ST_ST_ST_ST.png,/path/to/IMA_dataset/ISIC_0000265_A04_T1_S2_5457ca6abae47821f88021b1.png,2,Intermediate
ISIC_0013326,/path/to/IMA_dataset/ISIC_0013326.jpg,/path/to/IMA_dataset/ISIC_0013326_ST_ST_ST_ST.png,/path/to/IMA_dataset/ISIC_0013326_A00_T2_S1_5841e52a9fc3c156c3ef3720.png,2,Intermediate
ISIC_0011102,/path/to/IMA_dataset/ISIC_0011102.jpg,/path/to/IMA_dataset/ISIC_0011102_ST_ST_ST_ST.png,/path/to/IMA_dataset/ISIC_0011102_A04_T3_S2_55a026449fc3c156bd7147b4.png,2,Intermediate
ISIC_0000550,/path/to/IMA_dataset/ISIC_0000550.jpg,/path/to/IMA_dataset/ISIC_0000550_A04_T3_S1_54411fe3bae478661558fadc.png,/path/to/IMA_dataset/ISIC_0000550_A04_T3_S1_54411fe3bae478661558fadc.png,1,Light
ISIC_0000277,/path/to/IMA_dataset/ISIC_0000277.jpg,/path/to/IMA_dataset/ISIC_0000277_ST_ST_ST_ST.png,/path/to/IMA_dataset/ISIC_0000277_A04_T1_S2_5457bb48bae47821f880218d.png,1,Light
ISIC_0001126,/path/to/IMA_dataset/ISIC_0001126.jpg,/path/to/IMA_dataset/ISIC_0001126_A04_T1_S1_54e7669bbae47850e86ce1d1.png,/path/to/IMA_dataset/ISIC_0001126_A04_T1_S1_54e7669bbae47850e86ce1d1.png,2,Intermediate
ISIC_0013530,/path/to/IMA_dataset/ISIC_0013530.jpg,/path/to/IMA_dataset/ISIC_0013530_ST_ST_ST_ST.png,/path/to/IMA_dataset/ISIC_0013530_A03_T1_S1_584734b69fc3c10f04859af8.png,1,Light
ISIC_0013212,/path/to/IMA_dataset/ISIC_0013212.jpg,/path/to/IMA_dataset/ISIC_0013212_ST_ST_ST_ST.png,/path/to/IMA_dataset/ISIC_0013212_A03_T1_S1_58471fdb9fc3c10f04859a7b.png,1,Light
ISIC_0005639,/path/to/IMA_dataset/ISIC_0005639.jpg,/path/to/IMA_dataset/ISIC_0005639_A02_T1_S1_561eaaff9fc3c1047671df99.png,/path/to/IMA_dataset/ISIC_0005639_A02_T1_S1_561eaaff9fc3c1047671df99.png,2,Intermediate
ISIC_0012464,/path/to/IMA_dataset/ISIC_0012464.jpg,/path/to/IMA_dataset/ISIC_0012464_ST_ST_ST_ST.png,/path/to/IMA_dataset/ISIC_0012464_A00_T2_S1_5841e3239fc3c156c3ef2d06.png,1,Light
ISIC_0002476,/path/to/IMA_dataset/ISIC_0002476.jpg,/path/to/IMA_dataset/ISIC_0002476_A04_T3_S1_54ee14e3bae47871b5e02ea9.png,/path/to/IMA_dataset/ISIC_0002476_A04_T3_S1_54ee14e3bae47871b5e02ea9.png,1,Light
ISIC_0000130,/path/to/IMA_dataset/ISIC_0000130.jpg,/path/to/IMA_dataset/ISIC_0000130_A04_T1_S1_545a687fbae47821f8802346.png,/path/to/IMA_dataset/ISIC_0000130_A04_T1_S1_545a687fbae47821f8802346.png,1,Light
ISIC_0010493,/path/to/IMA_dataset/ISIC_0010493.jpg,/path/to/IMA_dataset/ISIC_0010493_A04_T3_S1_55a7f6449fc3c156bd7155fd.png,/path/to/IMA_dataset/ISIC_0010493_A04_T3_S1_55a7f6449fc3c156bd7155fd.png,1,Light
ISIC_0011163,/path/to/IMA_dataset/ISIC_0011163.jpg,/path/to/IMA_dataset/ISIC_0011163_ST_ST_ST_ST.png,/path/to/IMA_dataset/ISIC_0011163_A04_T3_S2_55a008679fc3c156bd714621.png,1,Light
ISIC_0009884,/path/to/IMA_dataset/ISIC_0009884.jpg,/path/to/IMA_dataset/ISIC_0009884_A04_T3_S1_559300139fc3c13155145f47.png,/path/to/IMA_dataset/ISIC_0009884_A04_T3_S1_559300139fc3c13155145f47.png,1,Light
ISIC_0015006,/path/to/IMA_dataset/ISIC_0015006.jpg,/path/to/IMA_dataset/ISIC_0015006_A00_T2_S1_5841ea7b9fc3c156c3ef4ad0.png,/path/to/IMA_dataset/ISIC_0015006_A00_T2_S1_5841ea7b9fc3c156c3ef4ad0.png,2,Intermediate
ISIC_0008403,/path/to/IMA_dataset/ISIC_0008403.jpg,/path/to/IMA_dataset/ISIC_0008403_A01_T3_S1_55df348e9fc3c10470dc0b80.png,/path/to/IMA_dataset/ISIC_0008403_A06_T1_S1_568b38a09fc3c126c063fee6.png,1,Light
ISIC_0010059,/path/to/IMA_dataset/ISIC_0010059.jpg,/path/to/IMA_dataset/ISIC_0010059_ST_ST_ST_ST.png,/path/to/IMA_dataset/ISIC_0010059_A04_T3_S1_55944d209fc3c13155bcaecb.png,2,Intermediate
ISIC_0010064,/path/to/IMA_dataset/ISIC_0010064.jpg,/path/to/IMA_dataset/ISIC_0010064_A04_T3_S1_55944ca39fc3c13155bcaead.png,/path/to/IMA_dataset/ISIC_0010064_A04_T3_S1_55944ca39fc3c13155bcaead.png,1,Light
ISIC_0015219,/path/to/IMA_dataset/ISIC_0015219.jpg,/path/to/IMA_dataset/ISIC_0015219_A00_T2_S1_5841eb789fc3c156c3ef4d4f.png,/path/to/IMA_dataset/ISIC_0015219_A00_T2_S1_5841eb789fc3c156c3ef4d4f.png,2,Intermediate
ISIC_0010344,/path/to/IMA_dataset/ISIC_0010344.jpg,/path/to/IMA_dataset/ISIC_0010344_A04_T3_S1_55a914e79fc3c156bd71597b.png,/path/to/IMA_dataset/ISIC_0010344_A04_T3_S1_55a914e79fc3c156bd71597b.png,1,Light
ISIC_0000386,/path/to/IMA_dataset/ISIC_0000386.jpg,/path/to/IMA_dataset/ISIC_0000386_ST_ST_ST_ST.png,/path/to/IMA_dataset/ISIC_0000386_A04_T3_S1_5452a573bae47821f8802046.png,1,Light
ISIC_0013217,/path/to/IMA_dataset/ISIC_0013217.jpg,/path/to/IMA_dataset/ISIC_0013217_ST_ST_ST_ST.png,/path/to/IMA_dataset/ISIC_0013217_A03_T3_S1_58471db39fc3c10f04859a67.png,1,Light
ISIC_0012670,/path/to/IMA_dataset/ISIC_0012670.jpg,/path/to/IMA_dataset/ISIC_0012670_ST_ST_ST_ST.png,/path/to/IMA_dataset/ISIC_0012670_A03_T3_S1_584738b89fc3c10f04859b18.png,1,Light
ISIC_0008507,/path/to/IMA_dataset/ISIC_0008507.jpg,/path/to/IMA_dataset/ISIC_0008507_A01_T3_S1_55df19af9fc3c10470dc0826.png,/path/to/IMA_dataset/ISIC_0008507_A06_T3_S1_568b3e499fc3c126c063ff19.png,1,Light
ISIC_0012952,/path/to/IMA_dataset/ISIC_0012952.jpg,/path/to/IMA_dataset/ISIC_0012952_A00_T2_S1_5841e43f9fc3c156c3ef32be.png,/path/to/IMA_dataset/ISIC_0012952_A00_T2_S1_5841e43f9fc3c156c3ef32be.png,1,Light
ISIC_0011362,/path/to/IMA_dataset/ISIC_0011362.jpg,/path/to/IMA_dataset/ISIC_0011362_A04_T3_S1_55a947cf9fc3c156bd715d77.png,/path/to/IMA_dataset/ISIC_0011362_A04_T3_S1_55a947cf9fc3c156bd715d77.png,1,Light
ISIC_0014195,/path/to/IMA_dataset/ISIC_0014195.jpg,/path/to/IMA_dataset/ISIC_0014195_A00_T2_S1_5841e7939fc3c156c3ef414f.png,/path/to/IMA_dataset/ISIC_0014195_A00_T2_S1_5841e7939fc3c156c3ef414f.png,2,Intermediate
ISIC_0000051,/path/to/IMA_dataset/ISIC_0000051.jpg,/path/to/IMA_dataset/ISIC_0000051_A04_T3_S1_545bd0f9bae47821f8802433.png,/path/to/IMA_dataset/ISIC_0000051_A04_T3_S1_545bd0f9bae47821f8802433.png,1,Light
ISIC_0014149,/path/to/IMA_dataset/ISIC_0014149.jpg,/path/to/IMA_dataset/ISIC_0014149_ST_ST_ST_ST.png,/path/to/IMA_dataset/ISIC_0014149_A00_T2_S1_5841e7709fc3c156c3ef40c5.png,2,Intermediate
ISIC_0014263,/path/to/IMA_dataset/ISIC_0014263.jpg,/path/to/IMA_dataset/ISIC_0014263_A00_T2_S1_5841e7cb9fc3c156c3ef421b.png,/path/to/IMA_dataset/ISIC_0014263_A00_T2_S1_5841e7cb9fc3c156c3ef421b.png,1,Light
ISIC_0003051,/path/to/IMA_dataset/ISIC_0003051.jpg,/path/to/IMA_dataset/ISIC_0003051_A05_T3_S1_55e9df939fc3c1046f7c94e1.png,/path/to/IMA_dataset/ISIC_0003051_A05_T3_S1_55e9df939fc3c1046f7c94e1.png,1,Light
ISIC_0002647,/path/to/IMA_dataset/ISIC_0002647.jpg,/path/to/IMA_dataset/ISIC_0002647_A02_T3_S1_560191ea9fc3c10ee6f1625f.png,/path/to/IMA_dataset/ISIC_0002647_A02_T3_S1_560191ea9fc3c10ee6f1625f.png,1,Light
ISIC_0010225,/path/to/IMA_dataset/ISIC_0010225.jpg,/path/to/IMA_dataset/ISIC_0010225_A04_T3_S1_55a925e89fc3c156bd715b1f.png,/path/to/IMA_dataset/ISIC_0010225_A04_T3_S1_55a925e89fc3c156bd715b1f.png,2,Intermediate
ISIC_0000184,/path/to/IMA_dataset/ISIC_0000184.jpg,/path/to/IMA_dataset/ISIC_0000184_ST_ST_ST_ST.png,/path/to/IMA_dataset/ISIC_0000184_A04_T3_S2_545913c3bae47821f88022a4.png,1,Light
ISIC_0014535,/path/to/IMA_dataset/ISIC_0014535.jpg,/path/to/IMA_dataset/ISIC_0014535_A00_T2_S1_5841e89a9fc3c156c3ef454b.png,/path/to/IMA_dataset/ISIC_0014535_A00_T2_S1_5841e89a9fc3c156c3ef454b.png,2,Intermediate
ISIC_0014061,/path/to/IMA_dataset/ISIC_0014061.jpg,/path/to/IMA_dataset/ISIC_0014061_A00_T2_S1_5841e72c9fc3c156c3ef3fbd.png,/path/to/IMA_dataset/ISIC_0014061_A00_T2_S1_5841e72c9fc3c156c3ef3fbd.png,2,Intermediate
ISIC_0013489,/path/to/IMA_dataset/ISIC_0013489.jpg,/path/to/IMA_dataset/ISIC_0013489_A00_T2_S1_5841e5a29fc3c156c3ef3909.png,/path/to/IMA_dataset/ISIC_0013489_A00_T2_S1_5841e5a29fc3c156c3ef3909.png,1,Light
ISIC_0006114,/path/to/IMA_dataset/ISIC_0006114.jpg,/path/to/IMA_dataset/ISIC_0006114_A01_T3_S1_55e498e99fc3c128ff23a954.png,/path/to/IMA_dataset/ISIC_0006114_A01_T3_S1_55e498e99fc3c128ff23a954.png,1,Light
ISIC_0010251,/path/to/IMA_dataset/ISIC_0010251.jpg,/path/to/IMA_dataset/ISIC_0010251_A04_T3_S1_55a923039fc3c156bd715a83.png,/path/to/IMA_dataset/ISIC_0010251_A04_T3_S1_55a923039fc3c156bd715a83.png,1,Light
ISIC_0010452,/path/to/IMA_dataset/ISIC_0010452.jpg,/path/to/IMA_dataset/ISIC_0010452_A04_T3_S1_55a7fef39fc3c156bd7156f3.png,/path/to/IMA_dataset/ISIC_0010452_A04_T3_S1_55a7fef39fc3c156bd7156f3.png,0,Very Light
ISIC_0000224,/path/to/IMA_dataset/ISIC_0000224.jpg,/path/to/IMA_dataset/ISIC_0000224_A04_T1_S1_5457fad6bae47821f880222c.png,/path/to/IMA_dataset/ISIC_0000224_A04_T1_S1_5457fad6bae47821f880222c.png,1,Light
ISIC_0005666,/path/to/IMA_dataset/ISIC_0005666.jpg,/path/to/IMA_dataset/ISIC_0005666_A02_T1_S1_561c0a109fc3c1047671d969.png,/path/to/IMA_dataset/ISIC_0005666_A02_T1_S1_561c0a109fc3c1047671d969.png,2,Intermediate
ISIC_0000163,/path/to/IMA_dataset/ISIC_0000163.jpg,/path/to/IMA_dataset/ISIC_0000163_ST_ST_ST_ST.png,/path/to/IMA_dataset/ISIC_0000163_A04_T3_S2_545931e7bae47821f88022e3.png,1,Light
ISIC_0012294,/path/to/IMA_dataset/ISIC_0012294.jpg,/path/to/IMA_dataset/ISIC_0012294_A03_T1_S1_58472e4f9fc3c10f04859ae0.png,/path/to/IMA_dataset/ISIC_0012294_A03_T1_S1_58472e4f9fc3c10f04859ae0.png,1,Light
ISIC_0000303,/path/to/IMA_dataset/ISIC_0000303.jpg,/path/to/IMA_dataset/ISIC_0000303_A04_T1_S1_5453ec00bae47821f880213f.png,/path/to/IMA_dataset/ISIC_0000303_A04_T1_S1_5453ec00bae47821f880213f.png,2,Intermediate
ISIC_0001100,/path/to/IMA_dataset/ISIC_0001100.jpg,/path/to/IMA_dataset/ISIC_0001100_ST_ST_ST_ST.png,/path/to/IMA_dataset/ISIC_0001100_A04_T3_S2_54e76c18bae47850e86ce2e9.png,2,Intermediate
ISIC_0012135,/path/to/IMA_dataset/ISIC_0012135.jpg,/path/to/IMA_dataset/ISIC_0012135_ST_ST_ST_ST.png,/path/to/IMA_dataset/ISIC_0012135_A03_T3_S1_58472df29fc3c10f04859add.png,2,Intermediate
ISIC_0009956,/path/to/IMA_dataset/ISIC_0009956.jpg,/path/to/IMA_dataset/ISIC_0009956_A04_T3_S1_5592f0099fc3c13155145c3c.png,/path/to/IMA_dataset/ISIC_0009956_A04_T3_S1_5592f0099fc3c13155145c3c.png,1,Light
ISIC_0000014,/path/to/IMA_dataset/ISIC_0000014.jpg,/path/to/IMA_dataset/ISIC_0000014_A04_T3_S1_545ceb5fbae47821f88024d8.png,/path/to/IMA_dataset/ISIC_0000014_A04_T3_S1_545ceb5fbae47821f88024d8.png,1,Light
ISIC_0010567,/path/to/IMA_dataset/ISIC_0010567.jpg,/path/to/IMA_dataset/ISIC_0010567_A04_T3_S1_55a7df119fc3c156bd715441.png,/path/to/IMA_dataset/ISIC_0010567_A04_T3_S1_55a7df119fc3c156bd715441.png,1,Light
ISIC_0012713,/path/to/IMA_dataset/ISIC_0012713.jpg,/path/to/IMA_dataset/ISIC_0012713_ST_ST_ST_ST.png,/path/to/IMA_dataset/ISIC_0012713_A00_T2_S1_5841e3b19fc3c156c3ef2ff1.png,1,Light
ISIC_0009958,/path/to/IMA_dataset/ISIC_0009958.jpg,/path/to/IMA_dataset/ISIC_0009958_ST_ST_ST_ST.png,/path/to/IMA_dataset/ISIC_0009958_A04_T1_S1_5592efdb9fc3c13155145c30.png,1,Light
ISIC_0000320,/path/to/IMA_dataset/ISIC_0000320.jpg,/path/to/IMA_dataset/ISIC_0000320_ST_ST_ST_ST.png,/path/to/IMA_dataset/ISIC_0000320_A04_T3_S2_5453d38abae47821f880210c.png,1,Light
ISIC_0012793,/path/to/IMA_dataset/ISIC_0012793.jpg,/path/to/IMA_dataset/ISIC_0012793_A00_T2_S1_5841e3dd9fc3c156c3ef30e1.png,/path/to/IMA_dataset/ISIC_0012793_A00_T2_S1_5841e3dd9fc3c156c3ef30e1.png,2,Intermediate
ISIC_0014783,/path/to/IMA_dataset/ISIC_0014783.jpg,/path/to/IMA_dataset/ISIC_0014783_A00_T2_S1_5841e9769fc3c156c3ef4833.png,/path/to/IMA_dataset/ISIC_0014783_A00_T2_S1_5841e9769fc3c156c3ef4833.png,2,Intermediate
ISIC_0010476,/path/to/IMA_dataset/ISIC_0010476.jpg,/path/to/IMA_dataset/ISIC_0010476_A04_T3_S1_55a7fcb49fc3c156bd715663.png,/path/to/IMA_dataset/ISIC_0010476_A04_T3_S1_55a7fcb49fc3c156bd715663.png,2,Intermediate
ISIC_0013294,/path/to/IMA_dataset/ISIC_0013294.jpg,/path/to/IMA_dataset/ISIC_0013294_A00_T2_S1_5841e5129fc3c156c3ef36c0.png,/path/to/IMA_dataset/ISIC_0013294_A00_T2_S1_5841e5129fc3c156c3ef36c0.png,2,Intermediate
ISIC_0012445,/path/to/IMA_dataset/ISIC_0012445.jpg,/path/to/IMA_dataset/ISIC_0012445_ST_ST_ST_ST.png,/path/to/IMA_dataset/ISIC_0012445_A09_T3_S1_58472a379fc3c10f04859acd.png,1,Light
ISIC_0013044,/path/to/IMA_dataset/ISIC_0013044.jpg,/path/to/IMA_dataset/ISIC_0013044_A00_T2_S1_5841e4779fc3c156c3ef33d2.png,/path/to/IMA_dataset/ISIC_0013044_A00_T2_S1_5841e4779fc3c156c3ef33d2.png,2,Intermediate
ISIC_0000097,/path/to/IMA_dataset/ISIC_0000097.jpg,/path/to/IMA_dataset/ISIC_0000097_A04_T3_S1_545b9e30bae47821f88023a9.png,/path/to/IMA_dataset/ISIC_0000097_A04_T3_S1_545b9e30bae47821f88023a9.png,1,Light
ISIC_0000185,/path/to/IMA_dataset/ISIC_0000185.jpg,/path/to/IMA_dataset/ISIC_0000185_A04_T3_S1_54591329bae47821f88022a1.png,/path/to/IMA_dataset/ISIC_0000185_A04_T3_S1_54591329bae47821f88022a1.png,1,Light
ISIC_0012756,/path/to/IMA_dataset/ISIC_0012756.jpg,/path/to/IMA_dataset/ISIC_0012756_A00_T2_S1_5841e3c89fc3c156c3ef3072.png,/path/to/IMA_dataset/ISIC_0012756_A00_T2_S1_5841e3c89fc3c156c3ef3072.png,1,Light
ISIC_0010229,/path/to/IMA_dataset/ISIC_0010229.jpg,/path/to/IMA_dataset/ISIC_0010229_A04_T3_S1_55a925869fc3c156bd715b07.png,/path/to/IMA_dataset/ISIC_0010229_A04_T3_S1_55a925869fc3c156bd715b07.png,1,Light
ISIC_0014190,/path/to/IMA_dataset/ISIC_0014190.jpg,/path/to/IMA_dataset/ISIC_0014190_ST_ST_ST_ST.png,/path/to/IMA_dataset/ISIC_0014190_A03_T3_S1_58471cca9fc3c10f04859a5a.png,2,Intermediate
ISIC_0015153,/path/to/IMA_dataset/ISIC_0015153.jpg,/path/to/IMA_dataset/ISIC_0015153_A09_T1_S1_584715589fc3c10f04859881.png,/path/to/IMA_dataset/ISIC_0015153_A09_T1_S1_584715589fc3c10f04859881.png,1,Light
ISIC_0010043,/path/to/IMA_dataset/ISIC_0010043.jpg,/path/to/IMA_dataset/ISIC_0010043_A04_T1_S1_55944e999fc3c13155bcaf2b.png,/path/to/IMA_dataset/ISIC_0010043_A04_T1_S1_55944e999fc3c13155bcaf2b.png,1,Light
ISIC_0014613,/path/to/IMA_dataset/ISIC_0014613.jpg,/path/to/IMA_dataset/ISIC_0014613_A00_T2_S1_5841e8cb9fc3c156c3ef4635.png,/path/to/IMA_dataset/ISIC_0014613_A00_T2_S1_5841e8cb9fc3c156c3ef4635.png,1,Light
ISIC_0011227,/path/to/IMA_dataset/ISIC_0011227.jpg,/path/to/IMA_dataset/ISIC_0011227_ST_ST_ST_ST.png,/path/to/IMA_dataset/ISIC_0011227_A02_T1_S1_57c0615c9fc3c158f2bd0e79.png,1,Light
ISIC_0014081,/path/to/IMA_dataset/ISIC_0014081.jpg,/path/to/IMA_dataset/ISIC_0014081_A00_T2_S1_5841e73d9fc3c156c3ef3ff9.png,/path/to/IMA_dataset/ISIC_0014081_A00_T2_S1_5841e73d9fc3c156c3ef3ff9.png,2,Intermediate
ISIC_0010341,/path/to/IMA_dataset/ISIC_0010341.jpg,/path/to/IMA_dataset/ISIC_0010341_A04_T1_S1_55a9153a9fc3c156bd71598d.png,/path/to/IMA_dataset/ISIC_0010341_A04_T1_S1_55a9153a9fc3c156bd71598d.png,1,Light
ISIC_0014079,/path/to/IMA_dataset/ISIC_0014079.jpg,/path/to/IMA_dataset/ISIC_0014079_A00_T2_S1_5841e73b9fc3c156c3ef3ff3.png,/path/to/IMA_dataset/ISIC_0014079_A00_T2_S1_5841e73b9fc3c156c3ef3ff3.png,2,Intermediate
ISIC_0015182,/path/to/IMA_dataset/ISIC_0015182.jpg,/path/to/IMA_dataset/ISIC_0015182_A00_T2_S1_5841eb4d9fc3c156c3ef4ce0.png,/path/to/IMA_dataset/ISIC_0015182_A00_T2_S1_5841eb4d9fc3c156c3ef4ce0.png,1,Light
ISIC_0000509,/path/to/IMA_dataset/ISIC_0000509.jpg,/path/to/IMA_dataset/ISIC_0000509_A04_T3_S1_544ea63abae478661558fb57.png,/path/to/IMA_dataset/ISIC_0000509_A04_T3_S1_544ea63abae478661558fb57.png,1,Light
ISIC_0009936,/path/to/IMA_dataset/ISIC_0009936.jpg,/path/to/IMA_dataset/ISIC_0009936_ST_ST_ST_ST.png,/path/to/IMA_dataset/ISIC_0009936_A04_T3_S2_5592f2b69fc3c13155145cb4.png,1,Light
ISIC_0013758,/path/to/IMA_dataset/ISIC_0013758.jpg,/path/to/IMA_dataset/ISIC_0013758_ST_ST_ST_ST.png,/path/to/IMA_dataset/ISIC_0013758_A00_T2_S1_5841e65b9fc3c156c3ef3c30.png,1,Light
ISIC_0013775,/path/to/IMA_dataset/ISIC_0013775.jpg,/path/to/IMA_dataset/ISIC_0013775_A00_T2_S1_5841e6679fc3c156c3ef3c63.png,/path/to/IMA_dataset/ISIC_0013775_A00_T2_S1_5841e6679fc3c156c3ef3c63.png,2,Intermediate
ISIC_0010449,/path/to/IMA_dataset/ISIC_0010449.jpg,/path/to/IMA_dataset/ISIC_0010449_A04_T3_S1_55a7ff319fc3c156bd715705.png,/path/to/IMA_dataset/ISIC_0010449_A04_T3_S1_55a7ff319fc3c156bd715705.png,1,Light
ISIC_0011155,/path/to/IMA_dataset/ISIC_0011155.jpg,/path/to/IMA_dataset/ISIC_0011155_ST_ST_ST_ST.png,/path/to/IMA_dataset/ISIC_0011155_A04_T1_S2_55a009329fc3c156bd714651.png,2,Intermediate
ISIC_0013798,/path/to/IMA_dataset/ISIC_0013798.jpg,/path/to/IMA_dataset/ISIC_0013798_A00_T2_S1_5841e6759fc3c156c3ef3ca8.png,/path/to/IMA_dataset/ISIC_0013798_A00_T2_S1_5841e6759fc3c156c3ef3ca8.png,1,Light
ISIC_0011322,/path/to/IMA_dataset/ISIC_0011322.jpg,/path/to/IMA_dataset/ISIC_0011322_A04_T1_S1_55a967ba9fc3c156bd715e67.png,/path/to/IMA_dataset/ISIC_0011322_A04_T1_S1_55a967ba9fc3c156bd715e67.png,1,Light
ISIC_0013433,/path/to/IMA_dataset/ISIC_0013433.jpg,/path/to/IMA_dataset/ISIC_0013433_A00_T2_S1_5841e5799fc3c156c3ef3861.png,/path/to/IMA_dataset/ISIC_0013433_A00_T2_S1_5841e5799fc3c156c3ef3861.png,2,Intermediate
ISIC_0000297,/path/to/IMA_dataset/ISIC_0000297.jpg,/path/to/IMA_dataset/ISIC_0000297_ST_ST_ST_ST.png,/path/to/IMA_dataset/ISIC_0000297_A04_T3_S2_5453f33bbae47821f8802151.png,1,Light
ISIC_0008145,/path/to/IMA_dataset/ISIC_0008145.jpg,/path/to/IMA_dataset/ISIC_0008145_A01_T3_S1_55df5c7c9fc3c10470dc1510.png,/path/to/IMA_dataset/ISIC_0008145_A01_T3_S1_55df5c7c9fc3c10470dc1510.png,1,Light
ISIC_0013837,/path/to/IMA_dataset/ISIC_0013837.jpg,/path/to/IMA_dataset/ISIC_0013837_A00_T2_S1_5841e68f9fc3c156c3ef3d1d.png,/path/to/IMA_dataset/ISIC_0013837_A00_T2_S1_5841e68f9fc3c156c3ef3d1d.png,2,Intermediate
ISIC_0010444,/path/to/IMA_dataset/ISIC_0010444.jpg,/path/to/IMA_dataset/ISIC_0010444_ST_ST_ST_ST.png,/path/to/IMA_dataset/ISIC_0010444_A03_T1_S1_57be15929fc3c1434763a35d.png,2,Intermediate
ISIC_0011327,/path/to/IMA_dataset/ISIC_0011327.jpg,/path/to/IMA_dataset/ISIC_0011327_ST_ST_ST_ST.png,/path/to/IMA_dataset/ISIC_0011327_A04_T1_S1_55a967359fc3c156bd715e3d.png,0,Very Light
ISIC_0014805,/path/to/IMA_dataset/ISIC_0014805.jpg,/path/to/IMA_dataset/ISIC_0014805_A00_T2_S1_5841e98f9fc3c156c3ef4875.png,/path/to/IMA_dataset/ISIC_0014805_A00_T2_S1_5841e98f9fc3c156c3ef4875.png,1,Light
ISIC_0008659,/path/to/IMA_dataset/ISIC_0008659.jpg,/path/to/IMA_dataset/ISIC_0008659_A01_T3_S1_55de15709fc3c10470dc02bc.png,/path/to/IMA_dataset/ISIC_0008659_A01_T3_S1_55de15709fc3c10470dc02bc.png,1,Light
ISIC_0014099,/path/to/IMA_dataset/ISIC_0014099.jpg,/path/to/IMA_dataset/ISIC_0014099_ST_ST_ST_ST.png,/path/to/IMA_dataset/ISIC_0014099_A00_T2_S1_5841e74a9fc3c156c3ef402f.png,2,Intermediate
ISIC_0014174,/path/to/IMA_dataset/ISIC_0014174.jpg,/path/to/IMA_dataset/ISIC_0014174_A00_T2_S1_5841e7849fc3c156c3ef4110.png,/path/to/IMA_dataset/ISIC_0014174_A00_T2_S1_5841e7849fc3c156c3ef4110.png,2,Intermediate
ISIC_0000481,/path/to/IMA_dataset/ISIC_0000481.jpg,/path/to/IMA_dataset/ISIC_0000481_ST_ST_ST_ST.png,/path/to/IMA_dataset/ISIC_0000481_A10_T3_S2_5450f9febae47865794e4d46.png,2,Intermediate
ISIC_0013438,/path/to/IMA_dataset/ISIC_0013438.jpg,/path/to/IMA_dataset/ISIC_0013438_A00_T2_S1_5841e57d9fc3c156c3ef3870.png,/path/to/IMA_dataset/ISIC_0013438_A00_T2_S1_5841e57d9fc3c156c3ef3870.png,2,Intermediate
ISIC_0011343,/path/to/IMA_dataset/ISIC_0011343.jpg,/path/to/IMA_dataset/ISIC_0011343_ST_ST_ST_ST.png,/path/to/IMA_dataset/ISIC_0011343_A04_T3_S1_55a963969fc3c156bd715ddd.png,1,Light
ISIC_0010077,/path/to/IMA_dataset/ISIC_0010077.jpg,/path/to/IMA_dataset/ISIC_0010077_A04_T3_S1_5594459a9fc3c13155bcae5c.png,/path/to/IMA_dataset/ISIC_0010077_A04_T3_S1_5594459a9fc3c13155bcae5c.png,1,Light
ISIC_0012325,/path/to/IMA_dataset/ISIC_0012325.jpg,/path/to/IMA_dataset/ISIC_0012325_ST_ST_ST_ST.png,/path/to/IMA_dataset/ISIC_0012325_A00_T2_S1_5841e2ca9fc3c156c3ef2b65.png,3,Tan
ISIC_0000050,/path/to/IMA_dataset/ISIC_0000050.jpg,/path/to/IMA_dataset/ISIC_0000050_A04_T1_S1_545bd188bae47821f8802436.png,/path/to/IMA_dataset/ISIC_0000050_A04_T1_S1_545bd188bae47821f8802436.png,1,Light
ISIC_0000387,/path/to/IMA_dataset/ISIC_0000387.jpg,/path/to/IMA_dataset/ISIC_0000387_A04_T3_S1_5452a53ebae47821f8802043.png,/path/to/IMA_dataset/ISIC_0000387_A04_T3_S1_5452a53ebae47821f8802043.png,1,Light
ISIC_0010350,/path/to/IMA_dataset/ISIC_0010350.jpg,/path/to/IMA_dataset/ISIC_0010350_ST_ST_ST_ST.png,/path/to/IMA_dataset/ISIC_0010350_A06_T3_S1_568b263c9fc3c126c063fe6e.png,1,Light
ISIC_0011208,/path/to/IMA_dataset/ISIC_0011208.jpg,/path/to/IMA_dataset/ISIC_0011208_A04_T3_S1_559ff5689fc3c156bd714386.png,/path/to/IMA_dataset/ISIC_0011208_A04_T3_S1_559ff5689fc3c156bd714386.png,2,Intermediate
ISIC_0015284,/path/to/IMA_dataset/ISIC_0015284.jpg,/path/to/IMA_dataset/ISIC_0015284_ST_ST_ST_ST.png,/path/to/IMA_dataset/ISIC_0015284_A09_T1_S1_584710b39fc3c10f04859682.png,2,Intermediate
ISIC_0010062,/path/to/IMA_dataset/ISIC_0010062.jpg,/path/to/IMA_dataset/ISIC_0010062_A04_T1_S1_55944cf19fc3c13155bcaeb9.png,/path/to/IMA_dataset/ISIC_0010062_A04_T1_S1_55944cf19fc3c13155bcaeb9.png,1,Light
ISIC_0012659,/path/to/IMA_dataset/ISIC_0012659.jpg,/path/to/IMA_dataset/ISIC_0012659_A00_T2_S1_5841e3959fc3c156c3ef2f4f.png,/path/to/IMA_dataset/ISIC_0012659_A00_T2_S1_5841e3959fc3c156c3ef2f4f.png,1,Light
ISIC_0011224,/path/to/IMA_dataset/ISIC_0011224.jpg,/path/to/IMA_dataset/ISIC_0011224_A04_T1_S1_559ff3f89fc3c156bdd85128.png,/path/to/IMA_dataset/ISIC_0011224_A04_T1_S1_559ff3f89fc3c156bdd85128.png,1,Light
ISIC_0013355,/path/to/IMA_dataset/ISIC_0013355.jpg,/path/to/IMA_dataset/ISIC_0013355_A00_T2_S1_5841e53f9fc3c156c3ef3777.png,/path/to/IMA_dataset/ISIC_0013355_A00_T2_S1_5841e53f9fc3c156c3ef3777.png,1,Light
ISIC_0014951,/path/to/IMA_dataset/ISIC_0014951.jpg,/path/to/IMA_dataset/ISIC_0014951_A00_T2_S1_5841ea359fc3c156c3ef4a2b.png,/path/to/IMA_dataset/ISIC_0014951_A00_T2_S1_5841ea359fc3c156c3ef4a2b.png,1,Light
ISIC_0013427,/path/to/IMA_dataset/ISIC_0013427.jpg,/path/to/IMA_dataset/ISIC_0013427_A00_T2_S1_5841e5759fc3c156c3ef384f.png,/path/to/IMA_dataset/ISIC_0013427_A00_T2_S1_5841e5759fc3c156c3ef384f.png,1,Light
ISIC_0012804,/path/to/IMA_dataset/ISIC_0012804.jpg,/path/to/IMA_dataset/ISIC_0012804_ST_ST_ST_ST.png,/path/to/IMA_dataset/ISIC_0012804_A00_T2_S1_5841e3e49fc3c156c3ef3102.png,1,Light
ISIC_0010569,/path/to/IMA_dataset/ISIC_0010569.jpg,/path/to/IMA_dataset/ISIC_0010569_A04_T3_S1_55a7dee49fc3c156bd715435.png,/path/to/IMA_dataset/ISIC_0010569_A04_T3_S1_55a7dee49fc3c156bd715435.png,1,Light
ISIC_0004166,/path/to/IMA_dataset/ISIC_0004166.jpg,/path/to/IMA_dataset/ISIC_0004166_A02_T1_S1_564b8b8c9fc3c166e1b9d4af.png,/path/to/IMA_dataset/ISIC_0004166_A02_T1_S1_564b8b8c9fc3c166e1b9d4af.png,1,Light
ISIC_0013601,/path/to/IMA_dataset/ISIC_0013601.jpg,/path/to/IMA_dataset/ISIC_0013601_A00_T2_S1_5841e5ee9fc3c156c3ef3a59.png,/path/to/IMA_dataset/ISIC_0013601_A00_T2_S1_5841e5ee9fc3c156c3ef3a59.png,1,Light
ISIC_0010474,/path/to/IMA_dataset/ISIC_0010474.jpg,/path/to/IMA_dataset/ISIC_0010474_A04_T3_S1_55a7fcd79fc3c156bd71566f.png,/path/to/IMA_dataset/ISIC_0010474_A04_T3_S1_55a7fcd79fc3c156bd71566f.png,1,Light
ISIC_0000268,/path/to/IMA_dataset/ISIC_0000268.jpg,/path/to/IMA_dataset/ISIC_0000268_A04_T1_S1_5457c501bae47821f88021a8.png,/path/to/IMA_dataset/ISIC_0000268_A04_T1_S1_5457c501bae47821f88021a8.png,2,Intermediate
ISIC_0010362,/path/to/IMA_dataset/ISIC_0010362.jpg,/path/to/IMA_dataset/ISIC_0010362_A04_T3_S1_55a911269fc3c156bd71590f.png,/path/to/IMA_dataset/ISIC_0010362_A04_T3_S1_55a911269fc3c156bd71590f.png,1,Light
ISIC_0010220,/path/to/IMA_dataset/ISIC_0010220.jpg,/path/to/IMA_dataset/ISIC_0010220_ST_ST_ST_ST.png,/path/to/IMA_dataset/ISIC_0010220_A04_T3_S2_55a926619fc3c156bd715b3d.png,1,Light
ISIC_0013027,/path/to/IMA_dataset/ISIC_0013027.jpg,/path/to/IMA_dataset/ISIC_0013027_ST_ST_ST_ST.png,/path/to/IMA_dataset/ISIC_0013027_A03_T3_S1_584736239fc3c10f04859b03.png,1,Light
ISIC_0013268,/path/to/IMA_dataset/ISIC_0013268.jpg,/path/to/IMA_dataset/ISIC_0013268_A03_T1_S1_58473c169fc3c10f04859b46.png,/path/to/IMA_dataset/ISIC_0013268_A03_T1_S1_58473c169fc3c10f04859b46.png,2,Intermediate
ISIC_0013287,/path/to/IMA_dataset/ISIC_0013287.jpg,/path/to/IMA_dataset/ISIC_0013287_A00_T2_S1_5841e50d9fc3c156c3ef36ab.png,/path/to/IMA_dataset/ISIC_0013287_A00_T2_S1_5841e50d9fc3c156c3ef36ab.png,2,Intermediate
ISIC_0008807,/path/to/IMA_dataset/ISIC_0008807.jpg,/path/to/IMA_dataset/ISIC_0008807_A01_T3_S1_55de0a909fc3c10470dbfeea.png,/path/to/IMA_dataset/ISIC_0008807_A01_T3_S1_55de0a909fc3c10470dbfeea.png,1,Light
ISIC_0013302,/path/to/IMA_dataset/ISIC_0013302.jpg,/path/to/IMA_dataset/ISIC_0013302_ST_ST_ST_ST.png,/path/to/IMA_dataset/ISIC_0013302_A00_T2_S1_5841e5189fc3c156c3ef36d8.png,2,Intermediate
ISIC_0014317,/path/to/IMA_dataset/ISIC_0014317.jpg,/path/to/IMA_dataset/ISIC_0014317_A00_T2_S1_5841e7f59fc3c156c3ef42bd.png,/path/to/IMA_dataset/ISIC_0014317_A00_T2_S1_5841e7f59fc3c156c3ef42bd.png,1,Light
ISIC_0002780,/path/to/IMA_dataset/ISIC_0002780.jpg,/path/to/IMA_dataset/ISIC_0002780_A05_T1_S1_55e9bac79fc3c1046f7c939c.png,/path/to/IMA_dataset/ISIC_0002780_A05_T1_S1_55e9bac79fc3c1046f7c939c.png,1,Light
ISIC_0013936,/path/to/IMA_dataset/ISIC_0013936.jpg,/path/to/IMA_dataset/ISIC_0013936_A00_T2_S1_5841e6d49fc3c156c3ef3e46.png,/path/to/IMA_dataset/ISIC_0013936_A00_T2_S1_5841e6d49fc3c156c3ef3e46.png,2,Intermediate
ISIC_0013929,/path/to/IMA_dataset/ISIC_0013929.jpg,/path/to/IMA_dataset/ISIC_0013929_A03_T1_S1_58472c159fc3c10f04859ad6.png,/path/to/IMA_dataset/ISIC_0013929_A03_T1_S1_58472c159fc3c10f04859ad6.png,2,Intermediate
ISIC_0010248,/path/to/IMA_dataset/ISIC_0010248.jpg,/path/to/IMA_dataset/ISIC_0010248_A04_T1_S1_55a9237c9fc3c156bd715a95.png,/path/to/IMA_dataset/ISIC_0010248_A04_T1_S1_55a9237c9fc3c156bd715a95.png,1,Light
ISIC_0012902,/path/to/IMA_dataset/ISIC_0012902.jpg,/path/to/IMA_dataset/ISIC_0012902_A03_T1_S1_584740b19fc3c10f04859b85.png,/path/to/IMA_dataset/ISIC_0012902_A03_T1_S1_584740b19fc3c10f04859b85.png,2,Intermediate
ISIC_0012284,/path/to/IMA_dataset/ISIC_0012284.jpg,/path/to/IMA_dataset/ISIC_0012284_A00_T2_S1_5841e2b19fc3c156c3ef2aea.png,/path/to/IMA_dataset/ISIC_0012284_A00_T2_S1_5841e2b19fc3c156c3ef2aea.png,1,Light
ISIC_0014592,/path/to/IMA_dataset/ISIC_0014592.jpg,/path/to/IMA_dataset/ISIC_0014592_A00_T2_S1_5841e8bf9fc3c156c3ef45f6.png,/path/to/IMA_dataset/ISIC_0014592_A00_T2_S1_5841e8bf9fc3c156c3ef45f6.png,1,Light
ISIC_0011130,/path/to/IMA_dataset/ISIC_0011130.jpg,/path/to/IMA_dataset/ISIC_0011130_A04_T3_S1_55a01dc09fc3c156bd71470c.png,/path/to/IMA_dataset/ISIC_0011130_A04_T3_S1_55a01dc09fc3c156bd71470c.png,2,Intermediate
ISIC_0013672,/path/to/IMA_dataset/ISIC_0013672.jpg,/path/to/IMA_dataset/ISIC_0013672_ST_ST_ST_ST.png,/path/to/IMA_dataset/ISIC_0013672_A00_T2_S1_5841e6209fc3c156c3ef3b2e.png,2,Intermediate
ISIC_0009898,/path/to/IMA_dataset/ISIC_0009898.jpg,/path/to/IMA_dataset/ISIC_0009898_ST_ST_ST_ST.png,/path/to/IMA_dataset/ISIC_0009898_A04_T1_S1_5592fad79fc3c13155145d98.png,1,Light
ISIC_0010206,/path/to/IMA_dataset/ISIC_0010206.jpg,/path/to/IMA_dataset/ISIC_0010206_ST_ST_ST_ST.png,/path/to/IMA_dataset/ISIC_0010206_A03_T1_S1_57be14959fc3c1434763a356.png,1,Light
ISIC_0014163,/path/to/IMA_dataset/ISIC_0014163.jpg,/path/to/IMA_dataset/ISIC_0014163_A00_T2_S1_5841e77b9fc3c156c3ef40ef.png,/path/to/IMA_dataset/ISIC_0014163_A00_T2_S1_5841e77b9fc3c156c3ef40ef.png,2,Intermediate
ISIC_0000348,/path/to/IMA_dataset/ISIC_0000348.jpg,/path/to/IMA_dataset/ISIC_0000348_A04_T1_S1_5453bdf0bae47821f88020b8.png,/path/to/IMA_dataset/ISIC_0000348_A04_T1_S1_5453bdf0bae47821f88020b8.png,1,Light
ISIC_0015220,/path/to/IMA_dataset/ISIC_0015220.jpg,/path/to/IMA_dataset/ISIC_0015220_A00_T2_S1_5841eb799fc3c156c3ef4d52.png,/path/to/IMA_dataset/ISIC_0015220_A00_T2_S1_5841eb799fc3c156c3ef4d52.png,2,Intermediate
ISIC_0014919,/path/to/IMA_dataset/ISIC_0014919.jpg,/path/to/IMA_dataset/ISIC_0014919_A00_T2_S1_5841ea119fc3c156c3ef49cb.png,/path/to/IMA_dataset/ISIC_0014919_A00_T2_S1_5841ea119fc3c156c3ef49cb.png,2,Intermediate
ISIC_0011382,/path/to/IMA_dataset/ISIC_0011382.jpg,/path/to/IMA_dataset/ISIC_0011382_A04_T3_S1_55a941db9fc3c156bd715cff.png,/path/to/IMA_dataset/ISIC_0011382_A04_T3_S1_55a941db9fc3c156bd715cff.png,1,Light
ISIC_0000017,/path/to/IMA_dataset/ISIC_0000017.jpg,/path/to/IMA_dataset/ISIC_0000017_A04_T3_S1_545cde26bae47821f88024b4.png,/path/to/IMA_dataset/ISIC_0000017_A04_T3_S1_545cde26bae47821f88024b4.png,1,Light
ISIC_0014453,/path/to/IMA_dataset/ISIC_0014453.jpg,/path/to/IMA_dataset/ISIC_0014453_A00_T2_S1_5841e85b9fc3c156c3ef4455.png,/path/to/IMA_dataset/ISIC_0014453_A00_T2_S1_5841e85b9fc3c156c3ef4455.png,2,Intermediate
ISIC_0000096,/path/to/IMA_dataset/ISIC_0000096.jpg,/path/to/IMA_dataset/ISIC_0000096_A04_T1_S1_545b9ec2bae47821f88023ac.png,/path/to/IMA_dataset/ISIC_0000096_A04_T1_S1_545b9ec2bae47821f88023ac.png,1,Light
ISIC_0014920,/path/to/IMA_dataset/ISIC_0014920.jpg,/path/to/IMA_dataset/ISIC_0014920_A00_T2_S1_5841ea129fc3c156c3ef49ce.png,/path/to/IMA_dataset/ISIC_0014920_A00_T2_S1_5841ea129fc3c156c3ef49ce.png,1,Light
ISIC_0010590,/path/to/IMA_dataset/ISIC_0010590.jpg,/path/to/IMA_dataset/ISIC_0010590_A04_T3_S1_55a7d9999fc3c156bd7153b7.png,/path/to/IMA_dataset/ISIC_0010590_A04_T3_S1_55a7d9999fc3c156bd7153b7.png,1,Light
ISIC_0000374,/path/to/IMA_dataset/ISIC_0000374.jpg,/path/to/IMA_dataset/ISIC_0000374_A04_T3_S1_5453a2e9bae47821f880206a.png,/path/to/IMA_dataset/ISIC_0000374_A04_T3_S1_5453a2e9bae47821f880206a.png,1,Light
ISIC_0010487,/path/to/IMA_dataset/ISIC_0010487.jpg,/path/to/IMA_dataset/ISIC_0010487_A04_T3_S1_55a7f8089fc3c156bd715621.png,/path/to/IMA_dataset/ISIC_0010487_A04_T3_S1_55a7f8089fc3c156bd715621.png,1,Light
ISIC_0000167,/path/to/IMA_dataset/ISIC_0000167.jpg,/path/to/IMA_dataset/ISIC_0000167_ST_ST_ST_ST.png,/path/to/IMA_dataset/ISIC_0000167_A04_T1_S2_54593016bae47821f88022d7.png,1,Light
ISIC_0000341,/path/to/IMA_dataset/ISIC_0000341.jpg,/path/to/IMA_dataset/ISIC_0000341_ST_ST_ST_ST.png,/path/to/IMA_dataset/ISIC_0000341_A04_T3_S2_5453c217bae47821f88020cd.png,1,Light
ISIC_0012481,/path/to/IMA_dataset/ISIC_0012481.jpg,/path/to/IMA_dataset/ISIC_0012481_ST_ST_ST_ST.png,/path/to/IMA_dataset/ISIC_0012481_A09_T3_S1_58471c899fc3c10f04859a56.png,2,Intermediate
ISIC_0010320,/path/to/IMA_dataset/ISIC_0010320.jpg,/path/to/IMA_dataset/ISIC_0010320_A04_T1_S1_55a920a99fc3c156bd715a0b.png,/path/to/IMA_dataset/ISIC_0010320_A04_T1_S1_55a920a99fc3c156bd715a0b.png,1,Light
ISIC_0014987,/path/to/IMA_dataset/ISIC_0014987.jpg,/path/to/IMA_dataset/ISIC_0014987_A00_T2_S1_5841ea619fc3c156c3ef4a97.png,/path/to/IMA_dataset/ISIC_0014987_A00_T2_S1_5841ea619fc3c156c3ef4a97.png,1,Light
ISIC_0013486,/path/to/IMA_dataset/ISIC_0013486.jpg,/path/to/IMA_dataset/ISIC_0013486_A00_T2_S1_5841e5a09fc3c156c3ef3900.png,/path/to/IMA_dataset/ISIC_0013486_A00_T2_S1_5841e5a09fc3c156c3ef3900.png,1,Light
ISIC_0013112,/path/to/IMA_dataset/ISIC_0013112.jpg,/path/to/IMA_dataset/ISIC_0013112_A00_T2_S1_5841e4a09fc3c156c3ef349e.png,/path/to/IMA_dataset/ISIC_0013112_A00_T2_S1_5841e4a09fc3c156c3ef349e.png,1,Light
ISIC_0013996,/path/to/IMA_dataset/ISIC_0013996.jpg,/path/to/IMA_dataset/ISIC_0013996_ST_ST_ST_ST.png,/path/to/IMA_dataset/ISIC_0013996_A00_T2_S1_5841e6fd9fc3c156c3ef3efa.png,2,Intermediate
ISIC_0014794,/path/to/IMA_dataset/ISIC_0014794.jpg,/path/to/IMA_dataset/ISIC_0014794_ST_ST_ST_ST.png,/path/to/IMA_dataset/ISIC_0014794_A09_T3_S1_584712cb9fc3c10f04859757.png,2,Intermediate
ISIC_0014353,/path/to/IMA_dataset/ISIC_0014353.jpg,/path/to/IMA_dataset/ISIC_0014353_A00_T2_S1_5841e8109fc3c156c3ef4329.png,/path/to/IMA_dataset/ISIC_0014353_A00_T2_S1_5841e8109fc3c156c3ef4329.png,3,Tan
ISIC_0013603,/path/to/IMA_dataset/ISIC_0013603.jpg,/path/to/IMA_dataset/ISIC_0013603_A00_T2_S1_5841e5ef9fc3c156c3ef3a5f.png,/path/to/IMA_dataset/ISIC_0013603_A00_T2_S1_5841e5ef9fc3c156c3ef3a5f.png,1,Light
ISIC_0010233,/path/to/IMA_dataset/ISIC_0010233.jpg,/path/to/IMA_dataset/ISIC_0010233_ST_ST_ST_ST.png,/path/to/IMA_dataset/ISIC_0010233_A06_T1_S1_568bbb359fc3c126c063ff7f.png,2,Intermediate
ISIC_0012840,/path/to/IMA_dataset/ISIC_0012840.jpg,/path/to/IMA_dataset/ISIC_0012840_A00_T2_S1_5841e3fa9fc3c156c3ef316e.png,/path/to/IMA_dataset/ISIC_0012840_A00_T2_S1_5841e3fa9fc3c156c3ef316e.png,1,Light
ISIC_0000015,/path/to/IMA_dataset/ISIC_0000015.jpg,/path/to/IMA_dataset/ISIC_0000015_ST_ST_ST_ST.png,/path/to/IMA_dataset/ISIC_0000015_A04_T3_S1_545cea86bae47821f88024cc.png,1,Light
ISIC_0010371,/path/to/IMA_dataset/ISIC_0010371.jpg,/path/to/IMA_dataset/ISIC_0010371_A04_T3_S1_55a80eda9fc3c156bd7158d9.png,/path/to/IMA_dataset/ISIC_0010371_A04_T3_S1_55a80eda9fc3c156bd7158d9.png,1,Light
ISIC_0010255,/path/to/IMA_dataset/ISIC_0010255.jpg,/path/to/IMA_dataset/ISIC_0010255_A04_T3_S1_55a922949fc3c156bd715a6b.png,/path/to/IMA_dataset/ISIC_0010255_A04_T3_S1_55a922949fc3c156bd715a6b.png,1,Light
ISIC_0005787,/path/to/IMA_dataset/ISIC_0005787.jpg,/path/to/IMA_dataset/ISIC_0005787_A02_T1_S1_560ec3ba9fc3c1047093f921.png,/path/to/IMA_dataset/ISIC_0005787_A02_T1_S1_560ec3ba9fc3c1047093f921.png,1,Light
ISIC_0012435,/path/to/IMA_dataset/ISIC_0012435.jpg,/path/to/IMA_dataset/ISIC_0012435_A00_T2_S1_5841e30d9fc3c156c3ef2caf.png,/path/to/IMA_dataset/ISIC_0012435_A00_T2_S1_5841e30d9fc3c156c3ef2caf.png,1,Light
ISIC_0014664,/path/to/IMA_dataset/ISIC_0014664.jpg,/path/to/IMA_dataset/ISIC_0014664_ST_ST_ST_ST.png,/path/to/IMA_dataset/ISIC_0014664_A09_T1_S1_584718549fc3c10f04859960.png,1,Light
ISIC_0000089,/path/to/IMA_dataset/ISIC_0000089.jpg,/path/to/IMA_dataset/ISIC_0000089_A04_T3_S1_545ba6febae47821f88023c1.png,/path/to/IMA_dataset/ISIC_0000089_A04_T3_S1_545ba6febae47821f88023c1.png,1,Light
ISIC_0010069,/path/to/IMA_dataset/ISIC_0010069.jpg,/path/to/IMA_dataset/ISIC_0010069_A04_T3_S1_5594464a9fc3c13155bcae8c.png,/path/to/IMA_dataset/ISIC_0010069_A04_T3_S1_5594464a9fc3c13155bcae8c.png,1,Light
ISIC_0014849,/path/to/IMA_dataset/ISIC_0014849.jpg,/path/to/IMA_dataset/ISIC_0014849_A00_T2_S1_5841e9c19fc3c156c3ef48f9.png,/path/to/IMA_dataset/ISIC_0014849_A00_T2_S1_5841e9c19fc3c156c3ef48f9.png,1,Light
ISIC_0000539,/path/to/IMA_dataset/ISIC_0000539.jpg,/path/to/IMA_dataset/ISIC_0000539_ST_ST_ST_ST.png,/path/to/IMA_dataset/ISIC_0000539_A04_T3_S2_544a788bbae478661558fafd.png,1,Light
ISIC_0013762,/path/to/IMA_dataset/ISIC_0013762.jpg,/path/to/IMA_dataset/ISIC_0013762_ST_ST_ST_ST.png,/path/to/IMA_dataset/ISIC_0013762_A03_T1_S1_584740649fc3c10f04859b84.png,1,Light
ISIC_0014715,/path/to/IMA_dataset/ISIC_0014715.jpg,/path/to/IMA_dataset/ISIC_0014715_A00_T2_S1_5841e9289fc3c156c3ef4767.png,/path/to/IMA_dataset/ISIC_0014715_A00_T2_S1_5841e9289fc3c156c3ef4767.png,2,Intermediate
ISIC_0000007,/path/to/IMA_dataset/ISIC_0000007.jpg,/path/to/IMA_dataset/ISIC_0000007_A04_T3_S1_545cfd69bae47821f880252c.png,/path/to/IMA_dataset/ISIC_0000007_A04_T3_S1_545cfd69bae47821f880252c.png,1,Light
ISIC_0010231,/path/to/IMA_dataset/ISIC_0010231.jpg,/path/to/IMA_dataset/ISIC_0010231_ST_ST_ST_ST.png,/path/to/IMA_dataset/ISIC_0010231_A02_T1_S1_57c055369fc3c158f2bd0e63.png,1,Light
ISIC_0006776,/path/to/IMA_dataset/ISIC_0006776.jpg,/path/to/IMA_dataset/ISIC_0006776_A07_T1_S1_5661d87f9fc3c147bbd6a1b8.png,/path/to/IMA_dataset/ISIC_0006776_A07_T1_S1_5661d87f9fc3c147bbd6a1b8.png,2,Intermediate
ISIC_0010346,/path/to/IMA_dataset/ISIC_0010346.jpg,/path/to/IMA_dataset/ISIC_0010346_A04_T1_S1_55a914bf9fc3c156bd71596f.png,/path/to/IMA_dataset/ISIC_0010346_A04_T1_S1_55a914bf9fc3c156bd71596f.png,1,Light
ISIC_0014802,/path/to/IMA_dataset/ISIC_0014802.jpg,/path/to/IMA_dataset/ISIC_0014802_ST_ST_ST_ST.png,/path/to/IMA_dataset/ISIC_0014802_A00_T2_S1_5841e98c9fc3c156c3ef486c.png,1,Light
ISIC_0011115,/path/to/IMA_dataset/ISIC_0011115.jpg,/path/to/IMA_dataset/ISIC_0011115_A04_T3_S1_55a01f8b9fc3c156bd714766.png,/path/to/IMA_dataset/ISIC_0011115_A04_T3_S1_55a01f8b9fc3c156bd714766.png,1,Light
ISIC_0000378,/path/to/IMA_dataset/ISIC_0000378.jpg,/path/to/IMA_dataset/ISIC_0000378_ST_ST_ST_ST.png,/path/to/IMA_dataset/ISIC_0000378_A04_T3_S1_54539f74bae47821f880205e.png,2,Intermediate
ISIC_0013136,/path/to/IMA_dataset/ISIC_0013136.jpg,/path/to/IMA_dataset/ISIC_0013136_A00_T2_S1_5841e4af9fc3c156c3ef34e6.png,/path/to/IMA_dataset/ISIC_0013136_A00_T2_S1_5841e4af9fc3c156c3ef34e6.png,2,Intermediate
ISIC_0009910,/path/to/IMA_dataset/ISIC_0009910.jpg,/path/to/IMA_dataset/ISIC_0009910_A04_T1_S1_5592f9a79fc3c13155145d50.png,/path/to/IMA_dataset/ISIC_0009910_A04_T1_S1_5592f9a79fc3c13155145d50.png,1,Light
ISIC_0000295,/path/to/IMA_dataset/ISIC_0000295.jpg,/path/to/IMA_dataset/ISIC_0000295_A04_T1_S1_5453f4a8bae47821f8802157.png,/path/to/IMA_dataset/ISIC_0000295_A04_T1_S1_5453f4a8bae47821f8802157.png,2,Intermediate
ISIC_0006193,/path/to/IMA_dataset/ISIC_0006193.jpg,/path/to/IMA_dataset/ISIC_0006193_A02_T1_S1_561429a09fc3c10470940125.png,/path/to/IMA_dataset/ISIC_0006193_A02_T1_S1_561429a09fc3c10470940125.png,2,Intermediate
ISIC_0000077,/path/to/IMA_dataset/ISIC_0000077.jpg,/path/to/IMA_dataset/ISIC_0000077_ST_ST_ST_ST.png,/path/to/IMA_dataset/ISIC_0000077_A04_T1_S2_545bc6e4bae47821f88023e5.png,1,Light
ISIC_0000376,/path/to/IMA_dataset/ISIC_0000376.jpg,/path/to/IMA_dataset/ISIC_0000376_A04_T1_S1_5453a220bae47821f8802064.png,/path/to/IMA_dataset/ISIC_0000376_A04_T1_S1_5453a220bae47821f8802064.png,1,Light
ISIC_0010364,/path/to/IMA_dataset/ISIC_0010364.jpg,/path/to/IMA_dataset/ISIC_0010364_A04_T3_S1_55a90e5a9fc3c156bd715903.png,/path/to/IMA_dataset/ISIC_0010364_A04_T3_S1_55a90e5a9fc3c156bd715903.png,1,Light
ISIC_0014716,/path/to/IMA_dataset/ISIC_0014716.jpg,/path/to/IMA_dataset/ISIC_0014716_ST_ST_ST_ST.png,/path/to/IMA_dataset/ISIC_0014716_A00_T2_S1_5841e9299fc3c156c3ef476a.png,2,Intermediate
ISIC_0010092,/path/to/IMA_dataset/ISIC_0010092.jpg,/path/to/IMA_dataset/ISIC_0010092_A04_T3_S1_559444419fc3c13155bcae02.png,/path/to/IMA_dataset/ISIC_0010092_A04_T3_S1_559444419fc3c13155bcae02.png,1,Light
ISIC_0006021,/path/to/IMA_dataset/ISIC_0006021.jpg,/path/to/IMA_dataset/ISIC_0006021_A02_T1_S1_561422219fc3c1047093ff75.png,/path/to/IMA_dataset/ISIC_0006021_A02_T1_S1_561422219fc3c1047093ff75.png,2,Intermediate
ISIC_0014238,/path/to/IMA_dataset/ISIC_0014238.jpg,/path/to/IMA_dataset/ISIC_0014238_A00_T2_S1_5841e7b99fc3c156c3ef41d0.png,/path/to/IMA_dataset/ISIC_0014238_A00_T2_S1_5841e7b99fc3c156c3ef41d0.png,2,Intermediate
ISIC_0012518,/path/to/IMA_dataset/ISIC_0012518.jpg,/path/to/IMA_dataset/ISIC_0012518_ST_ST_ST_ST.png,/path/to/IMA_dataset/ISIC_0012518_A03_T1_S1_584732889fc3c10f04859af0.png,1,Light
ISIC_0007087,/path/to/IMA_dataset/ISIC_0007087.jpg,/path/to/IMA_dataset/ISIC_0007087_A01_T3_S1_55e4ac169fc3c128ff23ab6a.png,/path/to/IMA_dataset/ISIC_0007087_A01_T3_S1_55e4ac169fc3c128ff23ab6a.png,2,Intermediate
ISIC_0000001,/path/to/IMA_dataset/ISIC_0000001.jpg,/path/to/IMA_dataset/ISIC_0000001_A04_T3_S1_545d0fadbae47821f880257b.png,/path/to/IMA_dataset/ISIC_0000001_A04_T3_S1_545d0fadbae47821f880257b.png,1,Light
ISIC_0013796,/path/to/IMA_dataset/ISIC_0013796.jpg,/path/to/IMA_dataset/ISIC_0013796_A00_T2_S1_5841e6749fc3c156c3ef3ca2.png,/path/to/IMA_dataset/ISIC_0013796_A00_T2_S1_5841e6749fc3c156c3ef3ca2.png,3,Tan
ISIC_0014808,/path/to/IMA_dataset/ISIC_0014808.jpg,/path/to/IMA_dataset/ISIC_0014808_A00_T2_S1_5841e9939fc3c156c3ef487e.png,/path/to/IMA_dataset/ISIC_0014808_A00_T2_S1_5841e9939fc3c156c3ef487e.png,1,Light
ISIC_0012851,/path/to/IMA_dataset/ISIC_0012851.jpg,/path/to/IMA_dataset/ISIC_0012851_A00_T2_S1_5841e4019fc3c156c3ef318f.png,/path/to/IMA_dataset/ISIC_0012851_A00_T2_S1_5841e4019fc3c156c3ef318f.png,1,Light
ISIC_0013840,/path/to/IMA_dataset/ISIC_0013840.jpg,/path/to/IMA_dataset/ISIC_0013840_ST_ST_ST_ST.png,/path/to/IMA_dataset/ISIC_0013840_A00_T2_S1_5841e6919fc3c156c3ef3d26.png,2,Intermediate
ISIC_0010215,/path/to/IMA_dataset/ISIC_0010215.jpg,/path/to/IMA_dataset/ISIC_0010215_ST_ST_ST_ST.png,/path/to/IMA_dataset/ISIC_0010215_A04_T3_S1_55a926ce9fc3c156bd715b5b.png,1,Light
ISIC_0010435,/path/to/IMA_dataset/ISIC_0010435.jpg,/path/to/IMA_dataset/ISIC_0010435_A04_T3_S1_55a8031e9fc3c156bd715759.png,/path/to/IMA_dataset/ISIC_0010435_A04_T3_S1_55a8031e9fc3c156bd715759.png,2,Intermediate
ISIC_0000483,/path/to/IMA_dataset/ISIC_0000483.jpg,/path/to/IMA_dataset/ISIC_0000483_ST_ST_ST_ST.png,/path/to/IMA_dataset/ISIC_0000483_A10_T3_S2_5450f985bae47865794e4d40.png,1,Light
ISIC_0013618,/path/to/IMA_dataset/ISIC_0013618.jpg,/path/to/IMA_dataset/ISIC_0013618_ST_ST_ST_ST.png,/path/to/IMA_dataset/ISIC_0013618_A03_T3_S1_58472a329fc3c10f04859acc.png,2,Intermediate
ISIC_0012661,/path/to/IMA_dataset/ISIC_0012661.jpg,/path/to/IMA_dataset/ISIC_0012661_A03_T1_S1_58471ca99fc3c10f04859a57.png,/path/to/IMA_dataset/ISIC_0012661_A03_T1_S1_58471ca99fc3c10f04859a57.png,1,Light
ISIC_0012679,/path/to/IMA_dataset/ISIC_0012679.jpg,/path/to/IMA_dataset/ISIC_0012679_A00_T2_S1_5841e39f9fc3c156c3ef2f8b.png,/path/to/IMA_dataset/ISIC_0012679_A00_T2_S1_5841e39f9fc3c156c3ef2f8b.png,1,Light
ISIC_0012489,/path/to/IMA_dataset/ISIC_0012489.jpg,/path/to/IMA_dataset/ISIC_0012489_ST_ST_ST_ST.png,/path/to/IMA_dataset/ISIC_0012489_A00_T2_S1_5841e3369fc3c156c3ef2d51.png,2,Intermediate
ISIC_0013568,/path/to/IMA_dataset/ISIC_0013568.jpg,/path/to/IMA_dataset/ISIC_0013568_A00_T2_S1_5841e5d79fc3c156c3ef39f6.png,/path/to/IMA_dataset/ISIC_0013568_A00_T2_S1_5841e5d79fc3c156c3ef39f6.png,2,Intermediate
ISIC_0000999,/path/to/IMA_dataset/ISIC_0000999.jpg,/path/to/IMA_dataset/ISIC_0000999_ST_ST_ST_ST.png,/path/to/IMA_dataset/ISIC_0000999_A05_T3_S1_5669bd249fc3c15467941132.png,2,Intermediate
ISIC_0000313,/path/to/IMA_dataset/ISIC_0000313.jpg,/path/to/IMA_dataset/ISIC_0000313_ST_ST_ST_ST.png,/path/to/IMA_dataset/ISIC_0000313_A04_T1_S2_5453e4fcbae47821f8802121.png,1,Light
ISIC_0000078,/path/to/IMA_dataset/ISIC_0000078.jpg,/path/to/IMA_dataset/ISIC_0000078_ST_ST_ST_ST.png,/path/to/IMA_dataset/ISIC_0000078_A04_T3_S2_545bc676bae47821f88023e2.png,1,Light
ISIC_0012381,/path/to/IMA_dataset/ISIC_0012381.jpg,/path/to/IMA_dataset/ISIC_0012381_ST_ST_ST_ST.png,/path/to/IMA_dataset/ISIC_0012381_A00_T2_S1_5841e2ea9fc3c156c3ef2c0d.png,2,Intermediate
ISIC_0010442,/path/to/IMA_dataset/ISIC_0010442.jpg,/path/to/IMA_dataset/ISIC_0010442_A04_T3_S1_55a802939fc3c156bd71572f.png,/path/to/IMA_dataset/ISIC_0010442_A04_T3_S1_55a802939fc3c156bd71572f.png,1,Light
ISIC_0013315,/path/to/IMA_dataset/ISIC_0013315.jpg,/path/to/IMA_dataset/ISIC_0013315_ST_ST_ST_ST.png,/path/to/IMA_dataset/ISIC_0013315_A03_T1_S1_58473c959fc3c10f04859b4f.png,1,Light
ISIC_0000513,/path/to/IMA_dataset/ISIC_0000513.jpg,/path/to/IMA_dataset/ISIC_0000513_ST_ST_ST_ST.png,/path/to/IMA_dataset/ISIC_0000513_A04_T3_S2_544e6d41bae478661558fb4b.png,1,Light
ISIC_0014430,/path/to/IMA_dataset/ISIC_0014430.jpg,/path/to/IMA_dataset/ISIC_0014430_A00_T2_S1_5841e84a9fc3c156c3ef4410.png,/path/to/IMA_dataset/ISIC_0014430_A00_T2_S1_5841e84a9fc3c156c3ef4410.png,1,Light
ISIC_0014812,/path/to/IMA_dataset/ISIC_0014812.jpg,/path/to/IMA_dataset/ISIC_0014812_A00_T2_S1_5841e9979fc3c156c3ef488a.png,/path/to/IMA_dataset/ISIC_0014812_A00_T2_S1_5841e9979fc3c156c3ef488a.png,1,Light
ISIC_0013039,/path/to/IMA_dataset/ISIC_0013039.jpg,/path/to/IMA_dataset/ISIC_0013039_A00_T2_S1_5841e4749fc3c156c3ef33c3.png,/path/to/IMA_dataset/ISIC_0013039_A00_T2_S1_5841e4749fc3c156c3ef33c3.png,1,Light
ISIC_0000009,/path/to/IMA_dataset/ISIC_0000009.jpg,/path/to/IMA_dataset/ISIC_0000009_A04_T3_S1_545cf969bae47821f8802514.png,/path/to/IMA_dataset/ISIC_0000009_A04_T3_S1_545cf969bae47821f8802514.png,1,Light
ISIC_0000177,/path/to/IMA_dataset/ISIC_0000177.jpg,/path/to/IMA_dataset/ISIC_0000177_A04_T1_S1_545917d5bae47821f88022b9.png,/path/to/IMA_dataset/ISIC_0000177_A04_T1_S1_545917d5bae47821f88022b9.png,1,Light
ISIC_0009950,/path/to/IMA_dataset/ISIC_0009950.jpg,/path/to/IMA_dataset/ISIC_0009950_A04_T1_S1_5592f1319fc3c13155145c60.png,/path/to/IMA_dataset/ISIC_0009950_A04_T1_S1_5592f1319fc3c13155145c60.png,1,Light
ISIC_0000043,/path/to/IMA_dataset/ISIC_0000043.jpg,/path/to/IMA_dataset/ISIC_0000043_A04_T1_S1_545bd50ebae47821f880244b.png,/path/to/IMA_dataset/ISIC_0000043_A04_T1_S1_545bd50ebae47821f880244b.png,0,Very Light
ISIC_0010054,/path/to/IMA_dataset/ISIC_0010054.jpg,/path/to/IMA_dataset/ISIC_0010054_A04_T1_S1_55944d889fc3c13155bcaee9.png,/path/to/IMA_dataset/ISIC_0010054_A04_T1_S1_55944d889fc3c13155bcaee9.png,1,Light
ISIC_0012658,/path/to/IMA_dataset/ISIC_0012658.jpg,/path/to/IMA_dataset/ISIC_0012658_A00_T2_S1_5841e3949fc3c156c3ef2f4c.png,/path/to/IMA_dataset/ISIC_0012658_A00_T2_S1_5841e3949fc3c156c3ef2f4c.png,1,Light
ISIC_0013971,/path/to/IMA_dataset/ISIC_0013971.jpg,/path/to/IMA_dataset/ISIC_0013971_ST_ST_ST_ST.png,/path/to/IMA_dataset/ISIC_0013971_A00_T2_S1_5841e6ec9fc3c156c3ef3eaf.png,3,Tan
ISIC_0000100,/path/to/IMA_dataset/ISIC_0000100.jpg,/path/to/IMA_dataset/ISIC_0000100_ST_ST_ST_ST.png,/path/to/IMA_dataset/ISIC_0000100_A04_T1_S2_545aa01fbae47821f88023a0.png,1,Light
ISIC_0014062,/path/to/IMA_dataset/ISIC_0014062.jpg,/path/to/IMA_dataset/ISIC_0014062_A00_T2_S1_5841e72d9fc3c156c3ef3fc0.png,/path/to/IMA_dataset/ISIC_0014062_A00_T2_S1_5841e72d9fc3c156c3ef3fc0.png,2,Intermediate
ISIC_0012156,/path/to/IMA_dataset/ISIC_0012156.jpg,/path/to/IMA_dataset/ISIC_0012156_A00_T2_S1_5841e2619fc3c156c3ef296a.png,/path/to/IMA_dataset/ISIC_0012156_A00_T2_S1_5841e2619fc3c156c3ef296a.png,1,Light
ISIC_0014803,/path/to/IMA_dataset/ISIC_0014803.jpg,/path/to/IMA_dataset/ISIC_0014803_A00_T2_S1_5841e98d9fc3c156c3ef486f.png,/path/to/IMA_dataset/ISIC_0014803_A00_T2_S1_5841e98d9fc3c156c3ef486f.png,1,Light
ISIC_0000262,/path/to/IMA_dataset/ISIC_0000262.jpg,/path/to/IMA_dataset/ISIC_0000262_A04_T3_S1_5457cb1abae47821f88021ba.png,/path/to/IMA_dataset/ISIC_0000262_A04_T3_S1_5457cb1abae47821f88021ba.png,1,Light
ISIC_0000371,/path/to/IMA_dataset/ISIC_0000371.jpg,/path/to/IMA_dataset/ISIC_0000371_ST_ST_ST_ST.png,/path/to/IMA_dataset/ISIC_0000371_A04_T1_S2_5453a589bae47821f8802073.png,1,Light
ISIC_0013597,/path/to/IMA_dataset/ISIC_0013597.jpg,/path/to/IMA_dataset/ISIC_0013597_A00_T2_S1_5841e5ec9fc3c156c3ef3a4d.png,/path/to/IMA_dataset/ISIC_0013597_A00_T2_S1_5841e5ec9fc3c156c3ef3a4d.png,2,Intermediate
ISIC_0010063,/path/to/IMA_dataset/ISIC_0010063.jpg,/path/to/IMA_dataset/ISIC_0010063_A04_T1_S1_55944cd59fc3c13155bcaeb3.png,/path/to/IMA_dataset/ISIC_0010063_A04_T1_S1_55944cd59fc3c13155bcaeb3.png,0,Very Light
ISIC_0014646,/path/to/IMA_dataset/ISIC_0014646.jpg,/path/to/IMA_dataset/ISIC_0014646_A03_T3_S1_584717399fc3c10f048598f1.png,/path/to/IMA_dataset/ISIC_0014646_A03_T3_S1_584717399fc3c10f048598f1.png,1,Light
ISIC_0008785,/path/to/IMA_dataset/ISIC_0008785.jpg,/path/to/IMA_dataset/ISIC_0008785_A01_T3_S2_55de0c589fc3c10470dbff6e.png,/path/to/IMA_dataset/ISIC_0008785_A05_T3_S1_5665a62f9fc3c11b98db25a1.png,1,Light
ISIC_0013778,/path/to/IMA_dataset/ISIC_0013778.jpg,/path/to/IMA_dataset/ISIC_0013778_A00_T2_S1_5841e6699fc3c156c3ef3c6c.png,/path/to/IMA_dataset/ISIC_0013778_A00_T2_S1_5841e6699fc3c156c3ef3c6c.png,2,Intermediate
ISIC_0014869,/path/to/IMA_dataset/ISIC_0014869.jpg,/path/to/IMA_dataset/ISIC_0014869_A00_T2_S1_5841e9d89fc3c156c3ef4935.png,/path/to/IMA_dataset/ISIC_0014869_A00_T2_S1_5841e9d89fc3c156c3ef4935.png,2,Intermediate
ISIC_0014264,/path/to/IMA_dataset/ISIC_0014264.jpg,/path/to/IMA_dataset/ISIC_0014264_A00_T2_S1_5841e7cc9fc3c156c3ef421e.png,/path/to/IMA_dataset/ISIC_0014264_A00_T2_S1_5841e7cc9fc3c156c3ef421e.png,2,Intermediate
ISIC_0013922,/path/to/IMA_dataset/ISIC_0013922.jpg,/path/to/IMA_dataset/ISIC_0013922_A00_T2_S1_5841e6ca9fc3c156c3ef3e1c.png,/path/to/IMA_dataset/ISIC_0013922_A00_T2_S1_5841e6ca9fc3c156c3ef3e1c.png,2,Intermediate
ISIC_0010070,/path/to/IMA_dataset/ISIC_0010070.jpg,/path/to/IMA_dataset/ISIC_0010070_ST_ST_ST_ST.png,/path/to/IMA_dataset/ISIC_0010070_A04_T3_S2_5594463c9fc3c13155bcae86.png,0,Very Light
ISIC_0010589,/path/to/IMA_dataset/ISIC_0010589.jpg,/path/to/IMA_dataset/ISIC_0010589_ST_ST_ST_ST.png,/path/to/IMA_dataset/ISIC_0010589_A04_T3_S1_55a7d9c79fc3c156bd7153bd.png,1,Light
ISIC_0014327,/path/to/IMA_dataset/ISIC_0014327.jpg,/path/to/IMA_dataset/ISIC_0014327_ST_ST_ST_ST.png,/path/to/IMA_dataset/ISIC_0014327_A00_T2_S1_5841e7fc9fc3c156c3ef42db.png,1,Light
ISIC_0002489,/path/to/IMA_dataset/ISIC_0002489.jpg,/path/to/IMA_dataset/ISIC_0002489_A04_T3_S1_54ee1335bae47871b5e02dcb.png,/path/to/IMA_dataset/ISIC_0002489_A04_T3_S1_54ee1335bae47871b5e02dcb.png,1,Light
ISIC_0000239,/path/to/IMA_dataset/ISIC_0000239.jpg,/path/to/IMA_dataset/ISIC_0000239_ST_ST_ST_ST.png,/path/to/IMA_dataset/ISIC_0000239_A04_T3_S2_5457f2dabae47821f88021ff.png,0,Very Light
ISIC_0000063,/path/to/IMA_dataset/ISIC_0000063.jpg,/path/to/IMA_dataset/ISIC_0000063_ST_ST_ST_ST.png,/path/to/IMA_dataset/ISIC_0000063_A04_T3_S1_545bcc41bae47821f880240f.png,1,Light
ISIC_0000388,/path/to/IMA_dataset/ISIC_0000388.jpg,/path/to/IMA_dataset/ISIC_0000388_ST_ST_ST_ST.png,/path/to/IMA_dataset/ISIC_0000388_A04_T3_S2_5452a36fbae47821f8802040.png,1,Light
ISIC_0011372,/path/to/IMA_dataset/ISIC_0011372.jpg,/path/to/IMA_dataset/ISIC_0011372_A04_T3_S1_55a942eb9fc3c156bd715d3b.png,/path/to/IMA_dataset/ISIC_0011372_A04_T3_S1_55a942eb9fc3c156bd715d3b.png,2,Intermediate
ISIC_0013552,/path/to/IMA_dataset/ISIC_0013552.jpg,/path/to/IMA_dataset/ISIC_0013552_ST_ST_ST_ST.png,/path/to/IMA_dataset/ISIC_0013552_A03_T3_S1_58471c899fc3c10f04859a55.png,2,Intermediate
ISIC_0014723,/path/to/IMA_dataset/ISIC_0014723.jpg,/path/to/IMA_dataset/ISIC_0014723_A00_T2_S1_5841e9319fc3c156c3ef477f.png,/path/to/IMA_dataset/ISIC_0014723_A00_T2_S1_5841e9319fc3c156c3ef477f.png,2,Intermediate
ISIC_0012871,/path/to/IMA_dataset/ISIC_0012871.jpg,/path/to/IMA_dataset/ISIC_0012871_ST_ST_ST_ST.png,/path/to/IMA_dataset/ISIC_0012871_A00_T2_S1_5841e40e9fc3c156c3ef31cb.png,1,Light
ISIC_0000457,/path/to/IMA_dataset/ISIC_0000457.jpg,/path/to/IMA_dataset/ISIC_0000457_A04_T3_S1_54511419bae47821f8801f71.png,/path/to/IMA_dataset/ISIC_0000457_A04_T3_S1_54511419bae47821f8801f71.png,1,Light
ISIC_0009914,/path/to/IMA_dataset/ISIC_0009914.jpg,/path/to/IMA_dataset/ISIC_0009914_A04_T3_S1_5592f93f9fc3c13155145d38.png,/path/to/IMA_dataset/ISIC_0009914_A04_T3_S1_5592f93f9fc3c13155145d38.png,1,Light
ISIC_0000445,/path/to/IMA_dataset/ISIC_0000445.jpg,/path/to/IMA_dataset/ISIC_0000445_ST_ST_ST_ST.png,/path/to/IMA_dataset/ISIC_0000445_A04_T3_S2_54512513bae47821f8801f95.png,1,Light
ISIC_0013106,/path/to/IMA_dataset/ISIC_0013106.jpg,/path/to/IMA_dataset/ISIC_0013106_A00_T2_S1_5841e49d9fc3c156c3ef348c.png,/path/to/IMA_dataset/ISIC_0013106_A00_T2_S1_5841e49d9fc3c156c3ef348c.png,1,Light
ISIC_0011361,/path/to/IMA_dataset/ISIC_0011361.jpg,/path/to/IMA_dataset/ISIC_0011361_A04_T1_S1_55a947c29fc3c156bd715d71.png,/path/to/IMA_dataset/ISIC_0011361_A04_T1_S1_55a947c29fc3c156bd715d71.png,1,Light
ISIC_0010002,/path/to/IMA_dataset/ISIC_0010002.jpg,/path/to/IMA_dataset/ISIC_0010002_A04_T1_S1_5592e1329fc3c13155145b28.png,/path/to/IMA_dataset/ISIC_0010002_A04_T1_S1_5592e1329fc3c13155145b28.png,2,Intermediate
ISIC_0010570,/path/to/IMA_dataset/ISIC_0010570.jpg,/path/to/IMA_dataset/ISIC_0010570_A04_T1_S1_55a7de729fc3c156bd71542f.png,/path/to/IMA_dataset/ISIC_0010570_A04_T1_S1_55a7de729fc3c156bd71542f.png,1,Light
ISIC_0010592,/path/to/IMA_dataset/ISIC_0010592.jpg,/path/to/IMA_dataset/ISIC_0010592_ST_ST_ST_ST.png,/path/to/IMA_dataset/ISIC_0010592_A02_T3_S1_57c05f309fc3c158f2bd0e6b.png,1,Light
ISIC_0014682,/path/to/IMA_dataset/ISIC_0014682.jpg,/path/to/IMA_dataset/ISIC_0014682_A00_T2_S1_5841e9039fc3c156c3ef4704.png,/path/to/IMA_dataset/ISIC_0014682_A00_T2_S1_5841e9039fc3c156c3ef4704.png,1,Light
ISIC_0013946,/path/to/IMA_dataset/ISIC_0013946.jpg,/path/to/IMA_dataset/ISIC_0013946_ST_ST_ST_ST.png,/path/to/IMA_dataset/ISIC_0013946_A03_T1_S1_58471b8a9fc3c10f04859a49.png,1,Light
ISIC_0000087,/path/to/IMA_dataset/ISIC_0000087.jpg,/path/to/IMA_dataset/ISIC_0000087_A04_T3_S1_545ba80abae47821f88023c7.png,/path/to/IMA_dataset/ISIC_0000087_A04_T3_S1_545ba80abae47821f88023c7.png,1,Light
ISIC_0000002,/path/to/IMA_dataset/ISIC_0000002.jpg,/path/to/IMA_dataset/ISIC_0000002_A04_T3_S1_545d0c6bbae47821f880256c.png,/path/to/IMA_dataset/ISIC_0000002_A04_T3_S1_545d0c6bbae47821f880256c.png,0,Very Light
ISIC_0010584,/path/to/IMA_dataset/ISIC_0010584.jpg,/path/to/IMA_dataset/ISIC_0010584_ST_ST_ST_ST.png,/path/to/IMA_dataset/ISIC_0010584_A04_T1_S1_55a7da6a9fc3c156bd7153db.png,2,Intermediate
ISIC_0012710,/path/to/IMA_dataset/ISIC_0012710.jpg,/path/to/IMA_dataset/ISIC_0012710_A00_T2_S1_5841e3b09fc3c156c3ef2fe8.png,/path/to/IMA_dataset/ISIC_0012710_A00_T2_S1_5841e3b09fc3c156c3ef2fe8.png,1,Light
ISIC_0002246,/path/to/IMA_dataset/ISIC_0002246.jpg,/path/to/IMA_dataset/ISIC_0002246_A04_T1_S1_54fa03cfbae47807dbb0d982.png,/path/to/IMA_dataset/ISIC_0002246_A04_T1_S1_54fa03cfbae47807dbb0d982.png,2,Intermediate
ISIC_0010193,/path/to/IMA_dataset/ISIC_0010193.jpg,/path/to/IMA_dataset/ISIC_0010193_A04_T1_S1_55a92e079fc3c156bd715bdf.png,/path/to/IMA_dataset/ISIC_0010193_A04_T1_S1_55a92e079fc3c156bd715bdf.png,1,Light
ISIC_0012677,/path/to/IMA_dataset/ISIC_0012677.jpg,/path/to/IMA_dataset/ISIC_0012677_A00_T2_S1_5841e39e9fc3c156c3ef2f85.png,/path/to/IMA_dataset/ISIC_0012677_A00_T2_S1_5841e39e9fc3c156c3ef2f85.png,1,Light
ISIC_0011132,/path/to/IMA_dataset/ISIC_0011132.jpg,/path/to/IMA_dataset/ISIC_0011132_ST_ST_ST_ST.png,/path/to/IMA_dataset/ISIC_0011132_A03_T1_S1_57be17499fc3c1434763a36a.png,2,Intermediate
ISIC_0000094,/path/to/IMA_dataset/ISIC_0000094.jpg,/path/to/IMA_dataset/ISIC_0000094_A04_T1_S1_545b9f63bae47821f88023b2.png,/path/to/IMA_dataset/ISIC_0000094_A04_T1_S1_545b9f63bae47821f88023b2.png,2,Intermediate
ISIC_0012844,/path/to/IMA_dataset/ISIC_0012844.jpg,/path/to/IMA_dataset/ISIC_0012844_A00_T2_S1_5841e3fd9fc3c156c3ef317a.png,/path/to/IMA_dataset/ISIC_0012844_A00_T2_S1_5841e3fd9fc3c156c3ef317a.png,1,Light
ISIC_0014158,/path/to/IMA_dataset/ISIC_0014158.jpg,/path/to/IMA_dataset/ISIC_0014158_ST_ST_ST_ST.png,/path/to/IMA_dataset/ISIC_0014158_A00_T2_S1_5841e7779fc3c156c3ef40e0.png,2,Intermediate
ISIC_0011143,/path/to/IMA_dataset/ISIC_0011143.jpg,/path/to/IMA_dataset/ISIC_0011143_A04_T3_S1_55a01bf79fc3c156bd7146be.png,/path/to/IMA_dataset/ISIC_0011143_A04_T3_S1_55a01bf79fc3c156bd7146be.png,1,Light
ISIC_0002353,/path/to/IMA_dataset/ISIC_0002353.jpg,/path/to/IMA_dataset/ISIC_0002353_A04_T1_S1_54f9ed14bae47807dbb0d6e1.png,/path/to/IMA_dataset/ISIC_0002353_A04_T1_S1_54f9ed14bae47807dbb0d6e1.png,1,Light
ISIC_0012990,/path/to/IMA_dataset/ISIC_0012990.jpg,/path/to/IMA_dataset/ISIC_0012990_A00_T2_S1_5841e4569fc3c156c3ef3330.png,/path/to/IMA_dataset/ISIC_0012990_A00_T2_S1_5841e4569fc3c156c3ef3330.png,2,Intermediate
ISIC_0000125,/path/to/IMA_dataset/ISIC_0000125.jpg,/path/to/IMA_dataset/ISIC_0000125_ST_ST_ST_ST.png,/path/to/IMA_dataset/ISIC_0000125_A03_T1_S1_57be08fd9fc3c1434763a31a.png,1,Light
ISIC_0013087,/path/to/IMA_dataset/ISIC_0013087.jpg,/path/to/IMA_dataset/ISIC_0013087_ST_ST_ST_ST.png,/path/to/IMA_dataset/ISIC_0013087_A03_T3_S1_58472a529fc3c10f04859ad0.png,1,Light
ISIC_0002836,/path/to/IMA_dataset/ISIC_0002836.jpg,/path/to/IMA_dataset/ISIC_0002836_A02_T1_S1_55f051cb9fc3c1423f0616e8.png,/path/to/IMA_dataset/ISIC_0002836_A02_T1_S1_55f051cb9fc3c1423f0616e8.png,1,Light
ISIC_0014166,/path/to/IMA_dataset/ISIC_0014166.jpg,/path/to/IMA_dataset/ISIC_0014166_ST_ST_ST_ST.png,/path/to/IMA_dataset/ISIC_0014166_A03_T3_S1_584727019fc3c10f04859aab.png,2,Intermediate
ISIC_0012332,/path/to/IMA_dataset/ISIC_0012332.jpg,/path/to/IMA_dataset/ISIC_0012332_A00_T2_S1_5841e2ce9fc3c156c3ef2b7a.png,/path/to/IMA_dataset/ISIC_0012332_A00_T2_S1_5841e2ce9fc3c156c3ef2b7a.png,1,Light
ISIC_0014609,/path/to/IMA_dataset/ISIC_0014609.jpg,/path/to/IMA_dataset/ISIC_0014609_A00_T2_S1_5841e8c99fc3c156c3ef4629.png,/path/to/IMA_dataset/ISIC_0014609_A00_T2_S1_5841e8c99fc3c156c3ef4629.png,1,Light
ISIC_0010257,/path/to/IMA_dataset/ISIC_0010257.jpg,/path/to/IMA_dataset/ISIC_0010257_A04_T1_S1_55a922299fc3c156bd715a5f.png,/path/to/IMA_dataset/ISIC_0010257_A04_T1_S1_55a922299fc3c156bd715a5f.png,2,Intermediate
ISIC_0014486,/path/to/IMA_dataset/ISIC_0014486.jpg,/path/to/IMA_dataset/ISIC_0014486_A00_T2_S1_5841e8759fc3c156c3ef44b8.png,/path/to/IMA_dataset/ISIC_0014486_A00_T2_S1_5841e8759fc3c156c3ef44b8.png,2,Intermediate
ISIC_0000146,/path/to/IMA_dataset/ISIC_0000146.jpg,/path/to/IMA_dataset/ISIC_0000146_A04_T1_S1_545a5970bae47821f8802316.png,/path/to/IMA_dataset/ISIC_0000146_A04_T1_S1_545a5970bae47821f8802316.png,1,Light
ISIC_0000900,/path/to/IMA_dataset/ISIC_0000900.jpg,/path/to/IMA_dataset/ISIC_0000900_A07_T1_S1_5661c7f89fc3c147bbd69d92.png,/path/to/IMA_dataset/ISIC_0000900_A07_T1_S1_5661c7f89fc3c147bbd69d92.png,1,Light
ISIC_0010086,/path/to/IMA_dataset/ISIC_0010086.jpg,/path/to/IMA_dataset/ISIC_0010086_A04_T3_S1_559444a19fc3c13155bcae26.png,/path/to/IMA_dataset/ISIC_0010086_A04_T3_S1_559444a19fc3c13155bcae26.png,1,Light
ISIC_0014661,/path/to/IMA_dataset/ISIC_0014661.jpg,/path/to/IMA_dataset/ISIC_0014661_A00_T2_S1_5841e8eb9fc3c156c3ef46c5.png,/path/to/IMA_dataset/ISIC_0014661_A00_T2_S1_5841e8eb9fc3c156c3ef46c5.png,1,Light
ISIC_0013248,/path/to/IMA_dataset/ISIC_0013248.jpg,/path/to/IMA_dataset/ISIC_0013248_A00_T2_S1_5841e4f19fc3c156c3ef3636.png,/path/to/IMA_dataset/ISIC_0013248_A00_T2_S1_5841e4f19fc3c156c3ef3636.png,1,Light
ISIC_0011101,/path/to/IMA_dataset/ISIC_0011101.jpg,/path/to/IMA_dataset/ISIC_0011101_A04_T1_S1_55a026f89fc3c156bd7147ba.png,/path/to/IMA_dataset/ISIC_0011101_A04_T1_S1_55a026f89fc3c156bd7147ba.png,1,Light
ISIC_0000555,/path/to/IMA_dataset/ISIC_0000555.jpg,/path/to/IMA_dataset/ISIC_0000555_A13_T3_S1_54411e2bbae478661558facd.png,/path/to/IMA_dataset/ISIC_0000555_A13_T3_S1_54411e2bbae478661558facd.png,1,Light
ISIC_0000171,/path/to/IMA_dataset/ISIC_0000171.jpg,/path/to/IMA_dataset/ISIC_0000171_A04_T1_S1_54592bebbae47821f88022cb.png,/path/to/IMA_dataset/ISIC_0000171_A04_T1_S1_54592bebbae47821f88022cb.png,1,Light
ISIC_0000367,/path/to/IMA_dataset/ISIC_0000367.jpg,/path/to/IMA_dataset/ISIC_0000367_ST_ST_ST_ST.png,/path/to/IMA_dataset/ISIC_0000367_A04_T3_S2_5453ae8cbae47821f880207f.png,1,Light
ISIC_0002469,/path/to/IMA_dataset/ISIC_0002469.jpg,/path/to/IMA_dataset/ISIC_0002469_A04_T3_S1_54ee158abae47871b5e02ed3.png,/path/to/IMA_dataset/ISIC_0002469_A04_T3_S1_54ee158abae47871b5e02ed3.png,1,Light
ISIC_0000243,/path/to/IMA_dataset/ISIC_0000243.jpg,/path/to/IMA_dataset/ISIC_0000243_A04_T3_S1_5457f08abae47821f88021f3.png,/path/to/IMA_dataset/ISIC_0000243_A04_T3_S1_5457f08abae47821f88021f3.png,1,Light
ISIC_0000443,/path/to/IMA_dataset/ISIC_0000443.jpg,/path/to/IMA_dataset/ISIC_0000443_ST_ST_ST_ST.png,/path/to/IMA_dataset/ISIC_0000443_A04_T3_S2_54512977bae47821f8801f9b.png,1,Light
ISIC_0013517,/path/to/IMA_dataset/ISIC_0013517.jpg,/path/to/IMA_dataset/ISIC_0013517_A00_T2_S1_5841e5b49fc3c156c3ef395d.png,/path/to/IMA_dataset/ISIC_0013517_A00_T2_S1_5841e5b49fc3c156c3ef395d.png,2,Intermediate
ISIC_0013124,/path/to/IMA_dataset/ISIC_0013124.jpg,/path/to/IMA_dataset/ISIC_0013124_ST_ST_ST_ST.png,/path/to/IMA_dataset/ISIC_0013124_A03_T1_S1_58473d7e9fc3c10f04859b5d.png,1,Light
ISIC_0014527,/path/to/IMA_dataset/ISIC_0014527.jpg,/path/to/IMA_dataset/ISIC_0014527_ST_ST_ST_ST.png,/path/to/IMA_dataset/ISIC_0014527_A00_T2_S1_5841e8939fc3c156c3ef4533.png,2,Intermediate
ISIC_0013224,/path/to/IMA_dataset/ISIC_0013224.jpg,/path/to/IMA_dataset/ISIC_0013224_A00_T2_S1_5841e4e19fc3c156c3ef35ee.png,/path/to/IMA_dataset/ISIC_0013224_A00_T2_S1_5841e4e19fc3c156c3ef35ee.png,2,Intermediate
ISIC_0012549,/path/to/IMA_dataset/ISIC_0012549.jpg,/path/to/IMA_dataset/ISIC_0012549_A00_T2_S1_5841e3639fc3c156c3ef2e05.png,/path/to/IMA_dataset/ISIC_0012549_A00_T2_S1_5841e3639fc3c156c3ef2e05.png,2,Intermediate
ISIC_0000434,/path/to/IMA_dataset/ISIC_0000434.jpg,/path/to/IMA_dataset/ISIC_0000434_ST_ST_ST_ST.png,/path/to/IMA_dataset/ISIC_0000434_A04_T3_S2_54514b68bae47821f8801fb6.png,1,Light
ISIC_0014860,/path/to/IMA_dataset/ISIC_0014860.jpg,/path/to/IMA_dataset/ISIC_0014860_ST_ST_ST_ST.png,/path/to/IMA_dataset/ISIC_0014860_A09_T1_S1_584713ec9fc3c10f048597d9.png,2,Intermediate
ISIC_0011317,/path/to/IMA_dataset/ISIC_0011317.jpg,/path/to/IMA_dataset/ISIC_0011317_A04_T3_S1_55a969519fc3c156bd715e79.png,/path/to/IMA_dataset/ISIC_0011317_A04_T3_S1_55a969519fc3c156bd715e79.png,1,Light
ISIC_0000193,/path/to/IMA_dataset/ISIC_0000193.jpg,/path/to/IMA_dataset/ISIC_0000193_ST_ST_ST_ST.png,/path/to/IMA_dataset/ISIC_0000193_A04_T3_S2_54590666bae47821f8802289.png,1,Light
ISIC_0014651,/path/to/IMA_dataset/ISIC_0014651.jpg,/path/to/IMA_dataset/ISIC_0014651_A00_T2_S1_5841e8e19fc3c156c3ef46a7.png,/path/to/IMA_dataset/ISIC_0014651_A00_T2_S1_5841e8e19fc3c156c3ef46a7.png,1,Light
ISIC_0014922,/path/to/IMA_dataset/ISIC_0014922.jpg,/path/to/IMA_dataset/ISIC_0014922_A00_T2_S1_5841ea149fc3c156c3ef49d4.png,/path/to/IMA_dataset/ISIC_0014922_A00_T2_S1_5841ea149fc3c156c3ef49d4.png,1,Light
ISIC_0013970,/path/to/IMA_dataset/ISIC_0013970.jpg,/path/to/IMA_dataset/ISIC_0013970_A00_T2_S1_5841e6eb9fc3c156c3ef3eac.png,/path/to/IMA_dataset/ISIC_0013970_A00_T2_S1_5841e6eb9fc3c156c3ef3eac.png,2,Intermediate
ISIC_0010497,/path/to/IMA_dataset/ISIC_0010497.jpg,/path/to/IMA_dataset/ISIC_0010497_A04_T1_S1_55a7f5d19fc3c156bd7155e5.png,/path/to/IMA_dataset/ISIC_0010497_A04_T1_S1_55a7f5d19fc3c156bd7155e5.png,1,Light
ISIC_0014328,/path/to/IMA_dataset/ISIC_0014328.jpg,/path/to/IMA_dataset/ISIC_0014328_ST_ST_ST_ST.png,/path/to/IMA_dataset/ISIC_0014328_A03_T1_S1_58473af19fc3c10f04859b35.png,2,Intermediate
ISIC_0012453,/path/to/IMA_dataset/ISIC_0012453.jpg,/path/to/IMA_dataset/ISIC_0012453_A00_T2_S1_5841e3199fc3c156c3ef2ce5.png,/path/to/IMA_dataset/ISIC_0012453_A00_T2_S1_5841e3199fc3c156c3ef2ce5.png,2,Intermediate
ISIC_0013383,/path/to/IMA_dataset/ISIC_0013383.jpg,/path/to/IMA_dataset/ISIC_0013383_A00_T2_S1_5841e5549fc3c156c3ef37cb.png,/path/to/IMA_dataset/ISIC_0013383_A00_T2_S1_5841e5549fc3c156c3ef37cb.png,2,Intermediate
ISIC_0009962,/path/to/IMA_dataset/ISIC_0009962.jpg,/path/to/IMA_dataset/ISIC_0009962_A04_T1_S1_5592ef6c9fc3c13155145c18.png,/path/to/IMA_dataset/ISIC_0009962_A04_T1_S1_5592ef6c9fc3c13155145c18.png,1,Light
ISIC_0000514,/path/to/IMA_dataset/ISIC_0000514.jpg,/path/to/IMA_dataset/ISIC_0000514_ST_ST_ST_ST.png,/path/to/IMA_dataset/ISIC_0000514_A04_T3_S2_544e6ccebae478661558fb48.png,1,Light
ISIC_0000221,/path/to/IMA_dataset/ISIC_0000221.jpg,/path/to/IMA_dataset/ISIC_0000221_ST_ST_ST_ST.png,/path/to/IMA_dataset/ISIC_0000221_A04_T3_S2_5457fb62bae47821f8802235.png,0,Very Light
ISIC_0014525,/path/to/IMA_dataset/ISIC_0014525.jpg,/path/to/IMA_dataset/ISIC_0014525_ST_ST_ST_ST.png,/path/to/IMA_dataset/ISIC_0014525_A03_T1_S1_58473ce49fc3c10f04859b54.png,2,Intermediate
ISIC_0000123,/path/to/IMA_dataset/ISIC_0000123.jpg,/path/to/IMA_dataset/ISIC_0000123_ST_ST_ST_ST.png,/path/to/IMA_dataset/ISIC_0000123_A04_T1_S2_545a7600bae47821f880235b.png,1,Light
ISIC_0012957,/path/to/IMA_dataset/ISIC_0012957.jpg,/path/to/IMA_dataset/ISIC_0012957_ST_ST_ST_ST.png,/path/to/IMA_dataset/ISIC_0012957_A03_T1_S1_584739509fc3c10f04859b20.png,1,Light
ISIC_0000174,/path/to/IMA_dataset/ISIC_0000174.jpg,/path/to/IMA_dataset/ISIC_0000174_ST_ST_ST_ST.png,/path/to/IMA_dataset/ISIC_0000174_A04_T3_S2_54592a20bae47821f88022c2.png,1,Light
ISIC_0013804,/path/to/IMA_dataset/ISIC_0013804.jpg,/path/to/IMA_dataset/ISIC_0013804_A00_T2_S1_5841e6789fc3c156c3ef3cba.png,/path/to/IMA_dataset/ISIC_0013804_A00_T2_S1_5841e6789fc3c156c3ef3cba.png,3,Tan
ISIC_0012966,/path/to/IMA_dataset/ISIC_0012966.jpg,/path/to/IMA_dataset/ISIC_0012966_ST_ST_ST_ST.png,/path/to/IMA_dataset/ISIC_0012966_A00_T2_S1_5841e4479fc3c156c3ef32e8.png,1,Light
ISIC_0014547,/path/to/IMA_dataset/ISIC_0014547.jpg,/path/to/IMA_dataset/ISIC_0014547_ST_ST_ST_ST.png,/path/to/IMA_dataset/ISIC_0014547_A06_T1_S1_58473d969fc3c10f04859b5f.png,2,Intermediate
ISIC_0000315,/path/to/IMA_dataset/ISIC_0000315.jpg,/path/to/IMA_dataset/ISIC_0000315_A04_T1_S1_5453e3debae47821f880211b.png,/path/to/IMA_dataset/ISIC_0000315_A04_T1_S1_5453e3debae47821f880211b.png,1,Light
ISIC_0009874,/path/to/IMA_dataset/ISIC_0009874.jpg,/path/to/IMA_dataset/ISIC_0009874_A04_T1_S1_5593011c9fc3c13155145f83.png,/path/to/IMA_dataset/ISIC_0009874_A04_T1_S1_5593011c9fc3c13155145f83.png,1,Light
ISIC_0010247,/path/to/IMA_dataset/ISIC_0010247.jpg,/path/to/IMA_dataset/ISIC_0010247_A04_T3_S1_55a9238e9fc3c156bd715a9b.png,/path/to/IMA_dataset/ISIC_0010247_A04_T3_S1_55a9238e9fc3c156bd715a9b.png,0,Very Light
ISIC_0000531,/path/to/IMA_dataset/ISIC_0000531.jpg,/path/to/IMA_dataset/ISIC_0000531_A04_T3_S1_544a8fe4bae478661558fb15.png,/path/to/IMA_dataset/ISIC_0000531_A04_T3_S1_544a8fe4bae478661558fb15.png,2,Intermediate
ISIC_0000061,/path/to/IMA_dataset/ISIC_0000061.jpg,/path/to/IMA_dataset/ISIC_0000061_A04_T3_S1_545bcc88bae47821f8802415.png,/path/to/IMA_dataset/ISIC_0000061_A04_T3_S1_545bcc88bae47821f8802415.png,1,Light
ISIC_0012384,/path/to/IMA_dataset/ISIC_0012384.jpg,/path/to/IMA_dataset/ISIC_0012384_A00_T2_S1_5841e2ec9fc3c156c3ef2c16.png,/path/to/IMA_dataset/ISIC_0012384_A00_T2_S1_5841e2ec9fc3c156c3ef2c16.png,2,Intermediate
ISIC_0000384,/path/to/IMA_dataset/ISIC_0000384.jpg,/path/to/IMA_dataset/ISIC_0000384_ST_ST_ST_ST.png,/path/to/IMA_dataset/ISIC_0000384_A04_T3_S2_5452a687bae47821f880204c.png,1,Light
ISIC_0013817,/path/to/IMA_dataset/ISIC_0013817.jpg,/path/to/IMA_dataset/ISIC_0013817_A00_T2_S1_5841e6829fc3c156c3ef3ce1.png,/path/to/IMA_dataset/ISIC_0013817_A00_T2_S1_5841e6829fc3c156c3ef3ce1.png,2,Intermediate
ISIC_0002806,/path/to/IMA_dataset/ISIC_0002806.jpg,/path/to/IMA_dataset/ISIC_0002806_A02_T3_S1_56018f8a9fc3c10ee6f16235.png,/path/to/IMA_dataset/ISIC_0002806_A02_T3_S1_56018f8a9fc3c10ee6f16235.png,1,Light
ISIC_0014598,/path/to/IMA_dataset/ISIC_0014598.jpg,/path/to/IMA_dataset/ISIC_0014598_A03_T1_S1_584718779fc3c10f04859962.png,/path/to/IMA_dataset/ISIC_0014598_A03_T1_S1_584718779fc3c10f04859962.png,1,Light
ISIC_0013890,/path/to/IMA_dataset/ISIC_0013890.jpg,/path/to/IMA_dataset/ISIC_0013890_A03_T1_S1_5847365d9fc3c10f04859b04.png,/path/to/IMA_dataset/ISIC_0013890_A03_T1_S1_5847365d9fc3c10f04859b04.png,2,Intermediate
ISIC_0012676,/path/to/IMA_dataset/ISIC_0012676.jpg,/path/to/IMA_dataset/ISIC_0012676_A00_T2_S1_5841e39e9fc3c156c3ef2f82.png,/path/to/IMA_dataset/ISIC_0012676_A00_T2_S1_5841e39e9fc3c156c3ef2f82.png,1,Light
ISIC_0000360,/path/to/IMA_dataset/ISIC_0000360.jpg,/path/to/IMA_dataset/ISIC_0000360_ST_ST_ST_ST.png,/path/to/IMA_dataset/ISIC_0000360_A04_T3_S2_5453b48fbae47821f8802094.png,2,Intermediate
ISIC_0012460,/path/to/IMA_dataset/ISIC_0012460.jpg,/path/to/IMA_dataset/ISIC_0012460_A00_T2_S1_5841e3219fc3c156c3ef2cfa.png,/path/to/IMA_dataset/ISIC_0012460_A00_T2_S1_5841e3219fc3c156c3ef2cfa.png,1,Light
ISIC_0013304,/path/to/IMA_dataset/ISIC_0013304.jpg,/path/to/IMA_dataset/ISIC_0013304_ST_ST_ST_ST.png,/path/to/IMA_dataset/ISIC_0013304_A00_T2_S1_5841e51a9fc3c156c3ef36de.png,2,Intermediate
ISIC_0013865,/path/to/IMA_dataset/ISIC_0013865.jpg,/path/to/IMA_dataset/ISIC_0013865_A00_T2_S1_5841e6a39fc3c156c3ef3d71.png,/path/to/IMA_dataset/ISIC_0013865_A00_T2_S1_5841e6a39fc3c156c3ef3d71.png,2,Intermediate
ISIC_0002453,/path/to/IMA_dataset/ISIC_0002453.jpg,/path/to/IMA_dataset/ISIC_0002453_A06_T3_S1_54ee19cdbae47871b5e031f1.png,/path/to/IMA_dataset/ISIC_0002453_A06_T3_S1_54ee19cdbae47871b5e031f1.png,1,Light
ISIC_0009083,/path/to/IMA_dataset/ISIC_0009083.jpg,/path/to/IMA_dataset/ISIC_0009083_A01_T3_S2_55dddb999fc3c10470dbefea.png,/path/to/IMA_dataset/ISIC_0009083_A02_T1_S1_5666efe89fc3c14011cd6c07.png,2,Intermediate
ISIC_0009965,/path/to/IMA_dataset/ISIC_0009965.jpg,/path/to/IMA_dataset/ISIC_0009965_A04_T1_S1_5592ef1c9fc3c13155145c06.png,/path/to/IMA_dataset/ISIC_0009965_A04_T1_S1_5592ef1c9fc3c13155145c06.png,1,Light
ISIC_0014347,/path/to/IMA_dataset/ISIC_0014347.jpg,/path/to/IMA_dataset/ISIC_0014347_ST_ST_ST_ST.png,/path/to/IMA_dataset/ISIC_0014347_A00_T2_S1_5841e80b9fc3c156c3ef4317.png,1,Light
ISIC_0000245,/path/to/IMA_dataset/ISIC_0000245.jpg,/path/to/IMA_dataset/ISIC_0000245_ST_ST_ST_ST.png,/path/to/IMA_dataset/ISIC_0000245_A04_T1_S2_5457d597bae47821f88021ed.png,2,Intermediate
ISIC_0014337,/path/to/IMA_dataset/ISIC_0014337.jpg,/path/to/IMA_dataset/ISIC_0014337_A00_T2_S1_5841e8039fc3c156c3ef42f9.png,/path/to/IMA_dataset/ISIC_0014337_A00_T2_S1_5841e8039fc3c156c3ef42f9.png,2,Intermediate
ISIC_0013594,/path/to/IMA_dataset/ISIC_0013594.jpg,/path/to/IMA_dataset/ISIC_0013594_A00_T2_S1_5841e5ea9fc3c156c3ef3a44.png,/path/to/IMA_dataset/ISIC_0013594_A00_T2_S1_5841e5ea9fc3c156c3ef3a44.png,1,Light
ISIC_0013190,/path/to/IMA_dataset/ISIC_0013190.jpg,/path/to/IMA_dataset/ISIC_0013190_A00_T2_S1_5841e4ce9fc3c156c3ef3588.png,/path/to/IMA_dataset/ISIC_0013190_A00_T2_S1_5841e4ce9fc3c156c3ef3588.png,2,Intermediate
ISIC_0012179,/path/to/IMA_dataset/ISIC_0012179.jpg,/path/to/IMA_dataset/ISIC_0012179_ST_ST_ST_ST.png,/path/to/IMA_dataset/ISIC_0012179_A00_T2_S1_5841e26f9fc3c156c3ef29af.png,2,Intermediate
ISIC_0008600,/path/to/IMA_dataset/ISIC_0008600.jpg,/path/to/IMA_dataset/ISIC_0008600_A01_T3_S1_55df0fb89fc3c10470dc04ba.png,/path/to/IMA_dataset/ISIC_0008600_A01_T3_S1_55df0fb89fc3c10470dc04ba.png,1,Light
ISIC_0000317,/path/to/IMA_dataset/ISIC_0000317.jpg,/path/to/IMA_dataset/ISIC_0000317_ST_ST_ST_ST.png,/path/to/IMA_dataset/ISIC_0000317_A04_T3_S2_5453e368bae47821f8802115.png,1,Light
ISIC_0009933,/path/to/IMA_dataset/ISIC_0009933.jpg,/path/to/IMA_dataset/ISIC_0009933_ST_ST_ST_ST.png,/path/to/IMA_dataset/ISIC_0009933_A04_T3_S2_5592f31d9fc3c13155145cc6.png,1,Light
ISIC_0000324,/path/to/IMA_dataset/ISIC_0000324.jpg,/path/to/IMA_dataset/ISIC_0000324_ST_ST_ST_ST.png,/path/to/IMA_dataset/ISIC_0000324_A04_T1_S2_5453d119bae47821f8802100.png,2,Intermediate
ISIC_0000544,/path/to/IMA_dataset/ISIC_0000544.jpg,/path/to/IMA_dataset/ISIC_0000544_A04_T3_S1_544a5f8cbae478661558faee.png,/path/to/IMA_dataset/ISIC_0000544_A04_T3_S1_544a5f8cbae478661558faee.png,2,Intermediate
ISIC_0013969,/path/to/IMA_dataset/ISIC_0013969.jpg,/path/to/IMA_dataset/ISIC_0013969_A00_T2_S1_5841e6eb9fc3c156c3ef3ea9.png,/path/to/IMA_dataset/ISIC_0013969_A00_T2_S1_5841e6eb9fc3c156c3ef3ea9.png,2,Intermediate
ISIC_0014926,/path/to/IMA_dataset/ISIC_0014926.jpg,/path/to/IMA_dataset/ISIC_0014926_A00_T2_S1_5841ea199fc3c156c3ef49e0.png,/path/to/IMA_dataset/ISIC_0014926_A00_T2_S1_5841ea199fc3c156c3ef49e0.png,2,Intermediate
ISIC_0000232,/path/to/IMA_dataset/ISIC_0000232.jpg,/path/to/IMA_dataset/ISIC_0000232_A04_T3_S1_5457f678bae47821f8802214.png,/path/to/IMA_dataset/ISIC_0000232_A04_T3_S1_5457f678bae47821f8802214.png,1,Light
ISIC_0000492,/path/to/IMA_dataset/ISIC_0000492.jpg,/path/to/IMA_dataset/ISIC_0000492_A04_T3_S1_5450f02cbae47865794e4d16.png,/path/to/IMA_dataset/ISIC_0000492_A04_T3_S1_5450f02cbae47865794e4d16.png,1,Light
ISIC_0000468,/path/to/IMA_dataset/ISIC_0000468.jpg,/path/to/IMA_dataset/ISIC_0000468_ST_ST_ST_ST.png,/path/to/IMA_dataset/ISIC_0000468_A10_T3_S2_54510797bae47821f8801f4d.png,2,Intermediate
ISIC_0012334,/path/to/IMA_dataset/ISIC_0012334.jpg,/path/to/IMA_dataset/ISIC_0012334_A00_T2_S1_5841e2cf9fc3c156c3ef2b80.png,/path/to/IMA_dataset/ISIC_0012334_A00_T2_S1_5841e2cf9fc3c156c3ef2b80.png,2,Intermediate
ISIC_0014782,/path/to/IMA_dataset/ISIC_0014782.jpg,/path/to/IMA_dataset/ISIC_0014782_A00_T2_S1_5841e9759fc3c156c3ef4830.png,/path/to/IMA_dataset/ISIC_0014782_A00_T2_S1_5841e9759fc3c156c3ef4830.png,1,Light
ISIC_0014072,/path/to/IMA_dataset/ISIC_0014072.jpg,/path/to/IMA_dataset/ISIC_0014072_ST_ST_ST_ST.png,/path/to/IMA_dataset/ISIC_0014072_A03_T1_S1_584741449fc3c10f04859b88.png,2,Intermediate
ISIC_0008116,/path/to/IMA_dataset/ISIC_0008116.jpg,/path/to/IMA_dataset/ISIC_0008116_A01_T3_S1_55df5da69fc3c10470dc15be.png,/path/to/IMA_dataset/ISIC_0008116_A06_T1_S1_568b3d539fc3c126c063ff10.png,2,Intermediate
ISIC_0012664,/path/to/IMA_dataset/ISIC_0012664.jpg,/path/to/IMA_dataset/ISIC_0012664_A00_T2_S1_5841e3979fc3c156c3ef2f5e.png,/path/to/IMA_dataset/ISIC_0012664_A00_T2_S1_5841e3979fc3c156c3ef2f5e.png,2,Intermediate
ISIC_0000493,/path/to/IMA_dataset/ISIC_0000493.jpg,/path/to/IMA_dataset/ISIC_0000493_A04_T3_S1_5450ee10bae47865794e4d13.png,/path/to/IMA_dataset/ISIC_0000493_A04_T3_S1_5450ee10bae47865794e4d13.png,1,Light
ISIC_0012303,/path/to/IMA_dataset/ISIC_0012303.jpg,/path/to/IMA_dataset/ISIC_0012303_A00_T2_S1_5841e2bd9fc3c156c3ef2b23.png,/path/to/IMA_dataset/ISIC_0012303_A00_T2_S1_5841e2bd9fc3c156c3ef2b23.png,2,Intermediate
ISIC_0009918,/path/to/IMA_dataset/ISIC_0009918.jpg,/path/to/IMA_dataset/ISIC_0009918_A04_T1_S1_5592f5599fc3c13155145d20.png,/path/to/IMA_dataset/ISIC_0009918_A04_T1_S1_5592f5599fc3c13155145d20.png,1,Light
ISIC_0010018,/path/to/IMA_dataset/ISIC_0010018.jpg,/path/to/IMA_dataset/ISIC_0010018_A04_T3_S1_559456aa9fc3c13155bcafc1.png,/path/to/IMA_dataset/ISIC_0010018_A04_T3_S1_559456aa9fc3c13155bcafc1.png,1,Light
ISIC_0000541,/path/to/IMA_dataset/ISIC_0000541.jpg,/path/to/IMA_dataset/ISIC_0000541_ST_ST_ST_ST.png,/path/to/IMA_dataset/ISIC_0000541_A04_T3_S2_544a77b1bae478661558faf7.png,1,Light
ISIC_0014593,/path/to/IMA_dataset/ISIC_0014593.jpg,/path/to/IMA_dataset/ISIC_0014593_A00_T2_S1_5841e8c09fc3c156c3ef45f9.png,/path/to/IMA_dataset/ISIC_0014593_A00_T2_S1_5841e8c09fc3c156c3ef45f9.png,1,Light
ISIC_0014913,/path/to/IMA_dataset/ISIC_0014913.jpg,/path/to/IMA_dataset/ISIC_0014913_A00_T2_S1_5841ea0a9fc3c156c3ef49b9.png,/path/to/IMA_dataset/ISIC_0014913_A00_T2_S1_5841ea0a9fc3c156c3ef49b9.png,1,Light
ISIC_0012320,/path/to/IMA_dataset/ISIC_0012320.jpg,/path/to/IMA_dataset/ISIC_0012320_A00_T2_S1_5841e2c79fc3c156c3ef2b56.png,/path/to/IMA_dataset/ISIC_0012320_A00_T2_S1_5841e2c79fc3c156c3ef2b56.png,1,Light
ISIC_0014851,/path/to/IMA_dataset/ISIC_0014851.jpg,/path/to/IMA_dataset/ISIC_0014851_A00_T2_S1_5841e9c39fc3c156c3ef48ff.png,/path/to/IMA_dataset/ISIC_0014851_A00_T2_S1_5841e9c39fc3c156c3ef48ff.png,1,Light
ISIC_0011168,/path/to/IMA_dataset/ISIC_0011168.jpg,/path/to/IMA_dataset/ISIC_0011168_A04_T3_S1_55a007e99fc3c156bd714603.png,/path/to/IMA_dataset/ISIC_0011168_A04_T3_S1_55a007e99fc3c156bd714603.png,1,Light
ISIC_0015166,/path/to/IMA_dataset/ISIC_0015166.jpg,/path/to/IMA_dataset/ISIC_0015166_A00_T2_S1_5841eb389fc3c156c3ef4cb0.png,/path/to/IMA_dataset/ISIC_0015166_A00_T2_S1_5841eb389fc3c156c3ef4cb0.png,2,Intermediate
ISIC_0013497,/path/to/IMA_dataset/ISIC_0013497.jpg,/path/to/IMA_dataset/ISIC_0013497_A00_T2_S1_5841e5a79fc3c156c3ef3921.png,/path/to/IMA_dataset/ISIC_0013497_A00_T2_S1_5841e5a79fc3c156c3ef3921.png,1,Light
ISIC_0014846,/path/to/IMA_dataset/ISIC_0014846.jpg,/path/to/IMA_dataset/ISIC_0014846_A00_T2_S1_5841e9be9fc3c156c3ef48f0.png,/path/to/IMA_dataset/ISIC_0014846_A00_T2_S1_5841e9be9fc3c156c3ef48f0.png,1,Light
ISIC_0000288,/path/to/IMA_dataset/ISIC_0000288.jpg,/path/to/IMA_dataset/ISIC_0000288_A04_T1_S1_5457ae3dbae47821f880216c.png,/path/to/IMA_dataset/ISIC_0000288_A04_T1_S1_5457ae3dbae47821f880216c.png,0,Very Light
ISIC_0014850,/path/to/IMA_dataset/ISIC_0014850.jpg,/path/to/IMA_dataset/ISIC_0014850_ST_ST_ST_ST.png,/path/to/IMA_dataset/ISIC_0014850_A09_T1_S1_584713019fc3c10f04859775.png,2,Intermediate
ISIC_0000882,/path/to/IMA_dataset/ISIC_0000882.jpg,/path/to/IMA_dataset/ISIC_0000882_A07_T1_S1_56649fd49fc3c147bbd6ab60.png,/path/to/IMA_dataset/ISIC_0000882_A07_T1_S1_56649fd49fc3c147bbd6ab60.png,2,Intermediate
ISIC_0013844,/path/to/IMA_dataset/ISIC_0013844.jpg,/path/to/IMA_dataset/ISIC_0013844_A00_T2_S1_5841e6949fc3c156c3ef3d32.png,/path/to/IMA_dataset/ISIC_0013844_A00_T2_S1_5841e6949fc3c156c3ef3d32.png,2,Intermediate
ISIC_0014825,/path/to/IMA_dataset/ISIC_0014825.jpg,/path/to/IMA_dataset/ISIC_0014825_A00_T2_S1_5841e9a69fc3c156c3ef48b1.png,/path/to/IMA_dataset/ISIC_0014825_A00_T2_S1_5841e9a69fc3c156c3ef48b1.png,1,Light
ISIC_0010456,/path/to/IMA_dataset/ISIC_0010456.jpg,/path/to/IMA_dataset/ISIC_0010456_A04_T3_S1_55a7fe8d9fc3c156bd7156db.png,/path/to/IMA_dataset/ISIC_0010456_A04_T3_S1_55a7fe8d9fc3c156bd7156db.png,1,Light
ISIC_0014291,/path/to/IMA_dataset/ISIC_0014291.jpg,/path/to/IMA_dataset/ISIC_0014291_ST_ST_ST_ST.png,/path/to/IMA_dataset/ISIC_0014291_A00_T2_S1_5841e7e09fc3c156c3ef426f.png,2,Intermediate
ISIC_0000330,/path/to/IMA_dataset/ISIC_0000330.jpg,/path/to/IMA_dataset/ISIC_0000330_ST_ST_ST_ST.png,/path/to/IMA_dataset/ISIC_0000330_A04_T3_S2_5453cb74bae47821f88020ee.png,1,Light
ISIC_0012709,/path/to/IMA_dataset/ISIC_0012709.jpg,/path/to/IMA_dataset/ISIC_0012709_A00_T2_S1_5841e3af9fc3c156c3ef2fe5.png,/path/to/IMA_dataset/ISIC_0012709_A00_T2_S1_5841e3af9fc3c156c3ef2fe5.png,1,Light
ISIC_0014073,/path/to/IMA_dataset/ISIC_0014073.jpg,/path/to/IMA_dataset/ISIC_0014073_ST_ST_ST_ST.png,/path/to/IMA_dataset/ISIC_0014073_A00_T2_S1_5841e7369fc3c156c3ef3fe1.png,1,Light
ISIC_0012523,/path/to/IMA_dataset/ISIC_0012523.jpg,/path/to/IMA_dataset/ISIC_0012523_ST_ST_ST_ST.png,/path/to/IMA_dataset/ISIC_0012523_A00_T2_S1_5841e3509fc3c156c3ef2db7.png,3,Tan
ISIC_0000073,/path/to/IMA_dataset/ISIC_0000073.jpg,/path/to/IMA_dataset/ISIC_0000073_A04_T3_S1_545bc7f8bae47821f88023f1.png,/path/to/IMA_dataset/ISIC_0000073_A04_T3_S1_545bc7f8bae47821f88023f1.png,0,Very Light
ISIC_0013160,/path/to/IMA_dataset/ISIC_0013160.jpg,/path/to/IMA_dataset/ISIC_0013160_A03_T1_S1_58473b819fc3c10f04859b3f.png,/path/to/IMA_dataset/ISIC_0013160_A03_T1_S1_58473b819fc3c10f04859b3f.png,1,Light
ISIC_0000018,/path/to/IMA_dataset/ISIC_0000018.jpg,/path/to/IMA_dataset/ISIC_0000018_A04_T3_S1_545bf011bae47821f88024a7.png,/path/to/IMA_dataset/ISIC_0000018_A04_T3_S1_545bf011bae47821f88024a7.png,1,Light
ISIC_0014225,/path/to/IMA_dataset/ISIC_0014225.jpg,/path/to/IMA_dataset/ISIC_0014225_ST_ST_ST_ST.png,/path/to/IMA_dataset/ISIC_0014225_A00_T2_S1_5841e7b09fc3c156c3ef41a9.png,2,Intermediate
ISIC_0009994,/path/to/IMA_dataset/ISIC_0009994.jpg,/path/to/IMA_dataset/ISIC_0009994_A04_T3_S1_5592e23e9fc3c13155145b58.png,/path/to/IMA_dataset/ISIC_0009994_A04_T3_S1_5592e23e9fc3c13155145b58.png,1,Light
ISIC_0015260,/path/to/IMA_dataset/ISIC_0015260.jpg,/path/to/IMA_dataset/ISIC_0015260_A00_T2_S1_5841eba79fc3c156c3ef4dca.png,/path/to/IMA_dataset/ISIC_0015260_A00_T2_S1_5841eba79fc3c156c3ef4dca.png,1,Light
ISIC_0014286,/path/to/IMA_dataset/ISIC_0014286.jpg,/path/to/IMA_dataset/ISIC_0014286_A00_T2_S1_5841e7dc9fc3c156c3ef4260.png,/path/to/IMA_dataset/ISIC_0014286_A00_T2_S1_5841e7dc9fc3c156c3ef4260.png,2,Intermediate
ISIC_0013498,/path/to/IMA_dataset/ISIC_0013498.jpg,/path/to/IMA_dataset/ISIC_0013498_A00_T2_S1_5841e5a79fc3c156c3ef3924.png,/path/to/IMA_dataset/ISIC_0013498_A00_T2_S1_5841e5a79fc3c156c3ef3924.png,1,Light
ISIC_0009974,/path/to/IMA_dataset/ISIC_0009974.jpg,/path/to/IMA_dataset/ISIC_0009974_A04_T1_S1_5592e4569fc3c13155145bd0.png,/path/to/IMA_dataset/ISIC_0009974_A04_T1_S1_5592e4569fc3c13155145bd0.png,1,Light
ISIC_0012137,/path/to/IMA_dataset/ISIC_0012137.jpg,/path/to/IMA_dataset/ISIC_0012137_ST_ST_ST_ST.png,/path/to/IMA_dataset/ISIC_0012137_A00_T2_S1_5841e2579fc3c156c3ef2931.png,2,Intermediate
ISIC_0000134,/path/to/IMA_dataset/ISIC_0000134.jpg,/path/to/IMA_dataset/ISIC_0000134_ST_ST_ST_ST.png,/path/to/IMA_dataset/ISIC_0000134_A04_T3_S2_545a6701bae47821f880233a.png,1,Light
ISIC_0013330,/path/to/IMA_dataset/ISIC_0013330.jpg,/path/to/IMA_dataset/ISIC_0013330_A00_T2_S1_5841e52d9fc3c156c3ef372c.png,/path/to/IMA_dataset/ISIC_0013330_A00_T2_S1_5841e52d9fc3c156c3ef372c.png,2,Intermediate
ISIC_0009976,/path/to/IMA_dataset/ISIC_0009976.jpg,/path/to/IMA_dataset/ISIC_0009976_ST_ST_ST_ST.png,/path/to/IMA_dataset/ISIC_0009976_A04_T3_S2_5592e4209fc3c13155145bc4.png,1,Light
ISIC_0013189,/path/to/IMA_dataset/ISIC_0013189.jpg,/path/to/IMA_dataset/ISIC_0013189_A03_T1_S1_584740329fc3c10f04859b83.png,/path/to/IMA_dataset/ISIC_0013189_A03_T1_S1_584740329fc3c10f04859b83.png,2,Intermediate
ISIC_0000269,/path/to/IMA_dataset/ISIC_0000269.jpg,/path/to/IMA_dataset/ISIC_0000269_ST_ST_ST_ST.png,/path/to/IMA_dataset/ISIC_0000269_A04_T3_S2_5457c4a4bae47821f88021a5.png,1,Light
ISIC_0012526,/path/to/IMA_dataset/ISIC_0012526.jpg,/path/to/IMA_dataset/ISIC_0012526_A00_T2_S1_5841e3529fc3c156c3ef2dc0.png,/path/to/IMA_dataset/ISIC_0012526_A00_T2_S1_5841e3529fc3c156c3ef2dc0.png,2,Intermediate
ISIC_0014433,/path/to/IMA_dataset/ISIC_0014433.jpg,/path/to/IMA_dataset/ISIC_0014433_A00_T2_S1_5841e84c9fc3c156c3ef4419.png,/path/to/IMA_dataset/ISIC_0014433_A00_T2_S1_5841e84c9fc3c156c3ef4419.png,2,Intermediate
ISIC_0000196,/path/to/IMA_dataset/ISIC_0000196.jpg,/path/to/IMA_dataset/ISIC_0000196_A04_T3_S1_5459041cbae47821f8802280.png,/path/to/IMA_dataset/ISIC_0000196_A04_T3_S1_5459041cbae47821f8802280.png,1,Light
ISIC_0000331,/path/to/IMA_dataset/ISIC_0000331.jpg,/path/to/IMA_dataset/ISIC_0000331_A04_T1_S1_5453c92dbae47821f88020eb.png,/path/to/IMA_dataset/ISIC_0000331_A04_T1_S1_5453c92dbae47821f88020eb.png,1,Light
ISIC_0000471,/path/to/IMA_dataset/ISIC_0000471.jpg,/path/to/IMA_dataset/ISIC_0000471_A04_T3_S1_5451013ebae47821f8801f41.png,/path/to/IMA_dataset/ISIC_0000471_A04_T3_S1_5451013ebae47821f8801f41.png,1,Light
ISIC_0013219,/path/to/IMA_dataset/ISIC_0013219.jpg,/path/to/IMA_dataset/ISIC_0013219_A00_T2_S1_5841e4df9fc3c156c3ef35df.png,/path/to/IMA_dataset/ISIC_0013219_A00_T2_S1_5841e4df9fc3c156c3ef35df.png,1,Light
ISIC_0012987,/path/to/IMA_dataset/ISIC_0012987.jpg,/path/to/IMA_dataset/ISIC_0012987_A00_T2_S1_5841e4549fc3c156c3ef3327.png,/path/to/IMA_dataset/ISIC_0012987_A00_T2_S1_5841e4549fc3c156c3ef3327.png,1,Light
ISIC_0000556,/path/to/IMA_dataset/ISIC_0000556.jpg,/path/to/IMA_dataset/ISIC_0000556_A13_T3_S1_54411dd3bae478661558faca.png,/path/to/IMA_dataset/ISIC_0000556_A13_T3_S1_54411dd3bae478661558faca.png,1,Light
ISIC_0014516,/path/to/IMA_dataset/ISIC_0014516.jpg,/path/to/IMA_dataset/ISIC_0014516_A00_T2_S1_5841e88b9fc3c156c3ef4512.png,/path/to/IMA_dataset/ISIC_0014516_A00_T2_S1_5841e88b9fc3c156c3ef4512.png,2,Intermediate
ISIC_0012391,/path/to/IMA_dataset/ISIC_0012391.jpg,/path/to/IMA_dataset/ISIC_0012391_ST_ST_ST_ST.png,/path/to/IMA_dataset/ISIC_0012391_A00_T2_S1_5841e2f09fc3c156c3ef2c2b.png,1,Light
ISIC_0000156,/path/to/IMA_dataset/ISIC_0000156.jpg,/path/to/IMA_dataset/ISIC_0000156_A04_T1_S1_5459404fbae47821f88022f8.png,/path/to/IMA_dataset/ISIC_0000156_A04_T1_S1_5459404fbae47821f88022f8.png,1,Light
ISIC_0000548,/path/to/IMA_dataset/ISIC_0000548.jpg,/path/to/IMA_dataset/ISIC_0000548_A04_T3_S1_5441206dbae478661558fae2.png,/path/to/IMA_dataset/ISIC_0000548_A04_T3_S1_5441206dbae478661558fae2.png,1,Light
ISIC_0011229,/path/to/IMA_dataset/ISIC_0011229.jpg,/path/to/IMA_dataset/ISIC_0011229_A04_T3_S1_559ff34b9fc3c156bd945c40.png,/path/to/IMA_dataset/ISIC_0011229_A04_T3_S1_559ff34b9fc3c156bd945c40.png,1,Light
ISIC_0011339,/path/to/IMA_dataset/ISIC_0011339.jpg,/path/to/IMA_dataset/ISIC_0011339_A04_T3_S1_55a966369fc3c156bd715df5.png,/path/to/IMA_dataset/ISIC_0011339_A04_T3_S1_55a966369fc3c156bd715df5.png,0,Very Light
ISIC_0014308,/path/to/IMA_dataset/ISIC_0014308.jpg,/path/to/IMA_dataset/ISIC_0014308_A00_T2_S1_5841e7ee9fc3c156c3ef42a2.png,/path/to/IMA_dataset/ISIC_0014308_A00_T2_S1_5841e7ee9fc3c156c3ef42a2.png,1,Light
ISIC_0000233,/path/to/IMA_dataset/ISIC_0000233.jpg,/path/to/IMA_dataset/ISIC_0000233_A04_T3_S1_5457f651bae47821f8802211.png,/path/to/IMA_dataset/ISIC_0000233_A04_T3_S1_5457f651bae47821f8802211.png,1,Light
ISIC_0011297,/path/to/IMA_dataset/ISIC_0011297.jpg,/path/to/IMA_dataset/ISIC_0011297_A04_T3_S1_55a96ac89fc3c156bd715ef1.png,/path/to/IMA_dataset/ISIC_0011297_A04_T3_S1_55a96ac89fc3c156bd715ef1.png,2,Intermediate
ISIC_0014707,/path/to/IMA_dataset/ISIC_0014707.jpg,/path/to/IMA_dataset/ISIC_0014707_A00_T2_S1_5841e91f9fc3c156c3ef474f.png,/path/to/IMA_dataset/ISIC_0014707_A00_T2_S1_5841e91f9fc3c156c3ef474f.png,2,Intermediate
ISIC_0012177,/path/to/IMA_dataset/ISIC_0012177.jpg,/path/to/IMA_dataset/ISIC_0012177_A00_T2_S1_5841e26d9fc3c156c3ef29a9.png,/path/to/IMA_dataset/ISIC_0012177_A00_T2_S1_5841e26d9fc3c156c3ef29a9.png,2,Intermediate
ISIC_0000079,/path/to/IMA_dataset/ISIC_0000079.jpg,/path/to/IMA_dataset/ISIC_0000079_A04_T3_S1_545bc56abae47821f88023df.png,/path/to/IMA_dataset/ISIC_0000079_A04_T3_S1_545bc56abae47821f88023df.png,1,Light
ISIC_0000149,/path/to/IMA_dataset/ISIC_0000149.jpg,/path/to/IMA_dataset/ISIC_0000149_ST_ST_ST_ST.png,/path/to/IMA_dataset/ISIC_0000149_A04_T3_S2_545a50a4bae47821f880230d.png,1,Light
ISIC_0012309,/path/to/IMA_dataset/ISIC_0012309.jpg,/path/to/IMA_dataset/ISIC_0012309_A00_T2_S1_5841e2c09fc3c156c3ef2b35.png,/path/to/IMA_dataset/ISIC_0012309_A00_T2_S1_5841e2c09fc3c156c3ef2b35.png,1,Light
ISIC_0012261,/path/to/IMA_dataset/ISIC_0012261.jpg,/path/to/IMA_dataset/ISIC_0012261_ST_ST_ST_ST.png,/path/to/IMA_dataset/ISIC_0012261_A00_T2_S1_5841e2a29fc3c156c3ef2aa5.png,2,Intermediate
ISIC_0013839,/path/to/IMA_dataset/ISIC_0013839.jpg,/path/to/IMA_dataset/ISIC_0013839_A00_T2_S1_5841e6919fc3c156c3ef3d23.png,/path/to/IMA_dataset/ISIC_0013839_A00_T2_S1_5841e6919fc3c156c3ef3d23.png,2,Intermediate
ISIC_0014397,/path/to/IMA_dataset/ISIC_0014397.jpg,/path/to/IMA_dataset/ISIC_0014397_A00_T2_S1_5841e8319fc3c156c3ef43ad.png,/path/to/IMA_dataset/ISIC_0014397_A00_T2_S1_5841e8319fc3c156c3ef43ad.png,1,Light
ISIC_0000019,/path/to/IMA_dataset/ISIC_0000019.jpg,/path/to/IMA_dataset/ISIC_0000019_A04_T1_S1_545beb1abae47821f880249e.png,/path/to/IMA_dataset/ISIC_0000019_A04_T1_S1_545beb1abae47821f880249e.png,1,Light
ISIC_0000500,/path/to/IMA_dataset/ISIC_0000500.jpg,/path/to/IMA_dataset/ISIC_0000500_ST_ST_ST_ST.png,/path/to/IMA_dataset/ISIC_0000500_A04_T3_S2_544eac80bae478661558fb72.png,1,Light
ISIC_0012487,/path/to/IMA_dataset/ISIC_0012487.jpg,/path/to/IMA_dataset/ISIC_0012487_ST_ST_ST_ST.png,/path/to/IMA_dataset/ISIC_0012487_A00_T2_S1_5841e3359fc3c156c3ef2d4b.png,1,Light
ISIC_0013606,/path/to/IMA_dataset/ISIC_0013606.jpg,/path/to/IMA_dataset/ISIC_0013606_A00_T2_S1_5841e5f19fc3c156c3ef3a68.png,/path/to/IMA_dataset/ISIC_0013606_A00_T2_S1_5841e5f19fc3c156c3ef3a68.png,1,Light
ISIC_0000006,/path/to/IMA_dataset/ISIC_0000006.jpg,/path/to/IMA_dataset/ISIC_0000006_A04_T3_S1_545d055cbae47821f8802538.png,/path/to/IMA_dataset/ISIC_0000006_A04_T3_S1_545d055cbae47821f8802538.png,1,Light
ISIC_0000510,/path/to/IMA_dataset/ISIC_0000510.jpg,/path/to/IMA_dataset/ISIC_0000510_ST_ST_ST_ST.png,/path/to/IMA_dataset/ISIC_0000510_A02_T1_S1_57c04f449fc3c158f2bd0e3c.png,1,Light
ISIC_0014045,/path/to/IMA_dataset/ISIC_0014045.jpg,/path/to/IMA_dataset/ISIC_0014045_ST_ST_ST_ST.png,/path/to/IMA_dataset/ISIC_0014045_A03_T1_S1_584735289fc3c10f04859afb.png,2,Intermediate
ISIC_0000231,/path/to/IMA_dataset/ISIC_0000231.jpg,/path/to/IMA_dataset/ISIC_0000231_A04_T3_S1_5457f8cabae47821f8802217.png,/path/to/IMA_dataset/ISIC_0000231_A04_T3_S1_5457f8cabae47821f8802217.png,1,Light
ISIC_0000038,/path/to/IMA_dataset/ISIC_0000038.jpg,/path/to/IMA_dataset/ISIC_0000038_ST_ST_ST_ST.png,/path/to/IMA_dataset/ISIC_0000038_A04_T3_S2_545bd97fbae47821f880245a.png,0,Very Light
ISIC_0000506,/path/to/IMA_dataset/ISIC_0000506.jpg,/path/to/IMA_dataset/ISIC_0000506_ST_ST_ST_ST.png,/path/to/IMA_dataset/ISIC_0000506_A04_T3_S2_544ea7bebae478661558fb60.png,1,Light
ISIC_0011220,/path/to/IMA_dataset/ISIC_0011220.jpg,/path/to/IMA_dataset/ISIC_0011220_A04_T3_S1_559ff45d9fc3c156bd714331.png,/path/to/IMA_dataset/ISIC_0011220_A04_T3_S1_559ff45d9fc3c156bd714331.png,1,Light
ISIC_0013493,/path/to/IMA_dataset/ISIC_0013493.jpg,/path/to/IMA_dataset/ISIC_0013493_A03_T3_S1_58471d8a9fc3c10f04859a65.png,/path/to/IMA_dataset/ISIC_0013493_A03_T3_S1_58471d8a9fc3c10f04859a65.png,2,Intermediate
ISIC_0010848,/path/to/IMA_dataset/ISIC_0010848.jpg,/path/to/IMA_dataset/ISIC_0010848_A04_T1_S1_55a69a489fc3c156bd714da8.png,/path/to/IMA_dataset/ISIC_0010848_A04_T1_S1_55a69a489fc3c156bd714da8.png,1,Light
ISIC_0010053,/path/to/IMA_dataset/ISIC_0010053.jpg,/path/to/IMA_dataset/ISIC_0010053_A04_T3_S1_55944d959fc3c13155bcaeef.png,/path/to/IMA_dataset/ISIC_0010053_A04_T3_S1_55944d959fc3c13155bcaeef.png,1,Light
ISIC_0013876,/path/to/IMA_dataset/ISIC_0013876.jpg,/path/to/IMA_dataset/ISIC_0013876_A03_T3_S1_584732c29fc3c10f04859af2.png,/path/to/IMA_dataset/ISIC_0013876_A03_T3_S1_584732c29fc3c10f04859af2.png,2,Intermediate
ISIC_0000316,/path/to/IMA_dataset/ISIC_0000316.jpg,/path/to/IMA_dataset/ISIC_0000316_ST_ST_ST_ST.png,/path/to/IMA_dataset/ISIC_0000316_A04_T3_S2_5453e37ebae47821f8802118.png,1,Light
ISIC_0010051,/path/to/IMA_dataset/ISIC_0010051.jpg,/path/to/IMA_dataset/ISIC_0010051_A04_T1_S1_55944dc09fc3c13155bcaefb.png,/path/to/IMA_dataset/ISIC_0010051_A04_T1_S1_55944dc09fc3c13155bcaefb.png,2,Intermediate
ISIC_0012175,/path/to/IMA_dataset/ISIC_0012175.jpg,/path/to/IMA_dataset/ISIC_0012175_A00_T2_S1_5841e26c9fc3c156c3ef29a3.png,/path/to/IMA_dataset/ISIC_0012175_A00_T2_S1_5841e26c9fc3c156c3ef29a3.png,1,Light
ISIC_0013558,/path/to/IMA_dataset/ISIC_0013558.jpg,/path/to/IMA_dataset/ISIC_0013558_ST_ST_ST_ST.png,/path/to/IMA_dataset/ISIC_0013558_A00_T2_S1_5841e5d09fc3c156c3ef39d8.png,1,Light
ISIC_0014739,/path/to/IMA_dataset/ISIC_0014739.jpg,/path/to/IMA_dataset/ISIC_0014739_A00_T2_S1_5841e9439fc3c156c3ef47af.png,/path/to/IMA_dataset/ISIC_0014739_A00_T2_S1_5841e9439fc3c156c3ef47af.png,1,Light
ISIC_0009949,/path/to/IMA_dataset/ISIC_0009949.jpg,/path/to/IMA_dataset/ISIC_0009949_A04_T3_S1_5592f1439fc3c13155145c66.png,/path/to/IMA_dataset/ISIC_0009949_A04_T3_S1_5592f1439fc3c13155145c66.png,1,Light
ISIC_0011199,/path/to/IMA_dataset/ISIC_0011199.jpg,/path/to/IMA_dataset/ISIC_0011199_A04_T3_S1_559ff86b9fc3c156bd71446a.png,/path/to/IMA_dataset/ISIC_0011199_A04_T3_S1_559ff86b9fc3c156bd71446a.png,1,Light
ISIC_0012811,/path/to/IMA_dataset/ISIC_0012811.jpg,/path/to/IMA_dataset/ISIC_0012811_A00_T2_S1_5841e3e89fc3c156c3ef3117.png,/path/to/IMA_dataset/ISIC_0012811_A00_T2_S1_5841e3e89fc3c156c3ef3117.png,1,Light
ISIC_0000412,/path/to/IMA_dataset/ISIC_0000412.jpg,/path/to/IMA_dataset/ISIC_0000412_A04_T1_S1_54527147bae47821f8801ff8.png,/path/to/IMA_dataset/ISIC_0000412_A04_T1_S1_54527147bae47821f8801ff8.png,1,Light
ISIC_0000453,/path/to/IMA_dataset/ISIC_0000453.jpg,/path/to/IMA_dataset/ISIC_0000453_ST_ST_ST_ST.png,/path/to/IMA_dataset/ISIC_0000453_A04_T3_S2_54511d5dbae47821f8801f7d.png,2,Intermediate
ISIC_0013799,/path/to/IMA_dataset/ISIC_0013799.jpg,/path/to/IMA_dataset/ISIC_0013799_ST_ST_ST_ST.png,/path/to/IMA_dataset/ISIC_0013799_A03_T3_S1_58471a639fc3c10f04859a01.png,2,Intermediate
ISIC_0013567,/path/to/IMA_dataset/ISIC_0013567.jpg,/path/to/IMA_dataset/ISIC_0013567_ST_ST_ST_ST.png,/path/to/IMA_dataset/ISIC_0013567_A06_T1_S1_58473f5c9fc3c10f04859b79.png,2,Intermediate
ISIC_0010081,/path/to/IMA_dataset/ISIC_0010081.jpg,/path/to/IMA_dataset/ISIC_0010081_A04_T1_S1_5594454c9fc3c13155bcae44.png,/path/to/IMA_dataset/ISIC_0010081_A04_T1_S1_5594454c9fc3c13155bcae44.png,2,Intermediate
ISIC_0010562,/path/to/IMA_dataset/ISIC_0010562.jpg,/path/to/IMA_dataset/ISIC_0010562_ST_ST_ST_ST.png,/path/to/IMA_dataset/ISIC_0010562_A06_T1_S1_568bb3f69fc3c126c063ff3a.png,1,Light
ISIC_0012233,/path/to/IMA_dataset/ISIC_0012233.jpg,/path/to/IMA_dataset/ISIC_0012233_A00_T2_S1_5841e28e9fc3c156c3ef2a51.png,/path/to/IMA_dataset/ISIC_0012233_A00_T2_S1_5841e28e9fc3c156c3ef2a51.png,2,Intermediate
ISIC_0013861,/path/to/IMA_dataset/ISIC_0013861.jpg,/path/to/IMA_dataset/ISIC_0013861_ST_ST_ST_ST.png,/path/to/IMA_dataset/ISIC_0013861_A00_T2_S1_5841e6a09fc3c156c3ef3d65.png,2,Intermediate
ISIC_0000066,/path/to/IMA_dataset/ISIC_0000066.jpg,/path/to/IMA_dataset/ISIC_0000066_ST_ST_ST_ST.png,/path/to/IMA_dataset/ISIC_0000066_A04_T3_S2_545bcba0bae47821f8802406.png,1,Light
ISIC_0013621,/path/to/IMA_dataset/ISIC_0013621.jpg,/path/to/IMA_dataset/ISIC_0013621_A00_T2_S1_5841e5fb9fc3c156c3ef3a95.png,/path/to/IMA_dataset/ISIC_0013621_A00_T2_S1_5841e5fb9fc3c156c3ef3a95.png,1,Light
ISIC_0014529,/path/to/IMA_dataset/ISIC_0014529.jpg,/path/to/IMA_dataset/ISIC_0014529_A00_T2_S1_5841e8959fc3c156c3ef4539.png,/path/to/IMA_dataset/ISIC_0014529_A00_T2_S1_5841e8959fc3c156c3ef4539.png,2,Intermediate
ISIC_0012879,/path/to/IMA_dataset/ISIC_0012879.jpg,/path/to/IMA_dataset/ISIC_0012879_A00_T2_S1_5841e4139fc3c156c3ef31e3.png,/path/to/IMA_dataset/ISIC_0012879_A00_T2_S1_5841e4139fc3c156c3ef31e3.png,2,Intermediate
ISIC_0012413,/path/to/IMA_dataset/ISIC_0012413.jpg,/path/to/IMA_dataset/ISIC_0012413_A00_T2_S1_5841e2ff9fc3c156c3ef2c6d.png,/path/to/IMA_dataset/ISIC_0012413_A00_T2_S1_5841e2ff9fc3c156c3ef2c6d.png,1,Light
ISIC_0003308,/path/to/IMA_dataset/ISIC_0003308.jpg,/path/to/IMA_dataset/ISIC_0003308_ST_ST_ST_ST.png,/path/to/IMA_dataset/ISIC_0003308_A06_T1_S1_568b36c09fc3c126c063fed7.png,2,Intermediate
ISIC_0014557,/path/to/IMA_dataset/ISIC_0014557.jpg,/path/to/IMA_dataset/ISIC_0014557_ST_ST_ST_ST.png,/path/to/IMA_dataset/ISIC_0014557_A00_T2_S1_5841e8aa9fc3c156c3ef458d.png,1,Light
ISIC_0012311,/path/to/IMA_dataset/ISIC_0012311.jpg,/path/to/IMA_dataset/ISIC_0012311_ST_ST_ST_ST.png,/path/to/IMA_dataset/ISIC_0012311_A09_T1_S1_584729979fc3c10f04859ac6.png,1,Light
ISIC_0008626,/path/to/IMA_dataset/ISIC_0008626.jpg,/path/to/IMA_dataset/ISIC_0008626_A01_T3_S2_55de18089fc3c10470dc0382.png,/path/to/IMA_dataset/ISIC_0008626_A05_T3_S1_5665a3939fc3c11b98db2445.png,1,Light
ISIC_0015189,/path/to/IMA_dataset/ISIC_0015189.jpg,/path/to/IMA_dataset/ISIC_0015189_A00_T2_S1_5841eb559fc3c156c3ef4cf5.png,/path/to/IMA_dataset/ISIC_0015189_A00_T2_S1_5841eb559fc3c156c3ef4cf5.png,1,Light
ISIC_0010078,/path/to/IMA_dataset/ISIC_0010078.jpg,/path/to/IMA_dataset/ISIC_0010078_A04_T1_S1_5594458d9fc3c13155bcae56.png,/path/to/IMA_dataset/ISIC_0010078_A04_T1_S1_5594458d9fc3c13155bcae56.png,1,Light
ISIC_0013831,/path/to/IMA_dataset/ISIC_0013831.jpg,/path/to/IMA_dataset/ISIC_0013831_A00_T2_S1_5841e68b9fc3c156c3ef3d0b.png,/path/to/IMA_dataset/ISIC_0013831_A00_T2_S1_5841e68b9fc3c156c3ef3d0b.png,2,Intermediate
ISIC_0010571,/path/to/IMA_dataset/ISIC_0010571.jpg,/path/to/IMA_dataset/ISIC_0010571_A04_T3_S1_55a7de099fc3c156bd715429.png,/path/to/IMA_dataset/ISIC_0010571_A04_T3_S1_55a7de099fc3c156bd715429.png,1,Light
ISIC_0014617,/path/to/IMA_dataset/ISIC_0014617.jpg,/path/to/IMA_dataset/ISIC_0014617_A00_T2_S1_5841e8cd9fc3c156c3ef4641.png,/path/to/IMA_dataset/ISIC_0014617_A00_T2_S1_5841e8cd9fc3c156c3ef4641.png,1,Light
ISIC_0011140,/path/to/IMA_dataset/ISIC_0011140.jpg,/path/to/IMA_dataset/ISIC_0011140_A04_T3_S1_55a01c719fc3c156bd7146d0.png,/path/to/IMA_dataset/ISIC_0011140_A04_T3_S1_55a01c719fc3c156bd7146d0.png,2,Intermediate
ISIC_0011304,/path/to/IMA_dataset/ISIC_0011304.jpg,/path/to/IMA_dataset/ISIC_0011304_A04_T3_S1_55a96a639fc3c156bd715ed3.png,/path/to/IMA_dataset/ISIC_0011304_A04_T3_S1_55a96a639fc3c156bd715ed3.png,1,Light
ISIC_0002829,/path/to/IMA_dataset/ISIC_0002829.jpg,/path/to/IMA_dataset/ISIC_0002829_A02_T1_S1_55f0507f9fc3c1423f0616a6.png,/path/to/IMA_dataset/ISIC_0002829_A02_T1_S1_55f0507f9fc3c1423f0616a6.png,2,Intermediate
ISIC_0009941,/path/to/IMA_dataset/ISIC_0009941.jpg,/path/to/IMA_dataset/ISIC_0009941_A04_T3_S1_5592f1ff9fc3c13155145c96.png,/path/to/IMA_dataset/ISIC_0009941_A04_T3_S1_5592f1ff9fc3c13155145c96.png,1,Light
ISIC_0012324,/path/to/IMA_dataset/ISIC_0012324.jpg,/path/to/IMA_dataset/ISIC_0012324_A00_T2_S1_5841e2c99fc3c156c3ef2b62.png,/path/to/IMA_dataset/ISIC_0012324_A00_T2_S1_5841e2c99fc3c156c3ef2b62.png,2,Intermediate
ISIC_0014422,/path/to/IMA_dataset/ISIC_0014422.jpg,/path/to/IMA_dataset/ISIC_0014422_A00_T2_S1_5841e8449fc3c156c3ef43f8.png,/path/to/IMA_dataset/ISIC_0014422_A00_T2_S1_5841e8449fc3c156c3ef43f8.png,2,Intermediate
ISIC_0000205,/path/to/IMA_dataset/ISIC_0000205.jpg,/path/to/IMA_dataset/ISIC_0000205_ST_ST_ST_ST.png,/path/to/IMA_dataset/ISIC_0000205_A04_T3_S2_5458fe29bae47821f8802265.png,0,Very Light
ISIC_0009882,/path/to/IMA_dataset/ISIC_0009882.jpg,/path/to/IMA_dataset/ISIC_0009882_ST_ST_ST_ST.png,/path/to/IMA_dataset/ISIC_0009882_A03_T1_S1_57be11a69fc3c1434763a33e.png,1,Light
ISIC_0012094,/path/to/IMA_dataset/ISIC_0012094.jpg,/path/to/IMA_dataset/ISIC_0012094_A00_T2_S1_5841e23f9fc3c156c3ef28b0.png,/path/to/IMA_dataset/ISIC_0012094_A00_T2_S1_5841e23f9fc3c156c3ef28b0.png,2,Intermediate
ISIC_0000142,/path/to/IMA_dataset/ISIC_0000142.jpg,/path/to/IMA_dataset/ISIC_0000142_ST_ST_ST_ST.png,/path/to/IMA_dataset/ISIC_0000142_A04_T3_S2_545a5f4dbae47821f8802322.png,1,Light
ISIC_0013092,/path/to/IMA_dataset/ISIC_0013092.jpg,/path/to/IMA_dataset/ISIC_0013092_A03_T1_S1_584733919fc3c10f04859af3.png,/path/to/IMA_dataset/ISIC_0013092_A03_T1_S1_584733919fc3c10f04859af3.png,2,Intermediate
ISIC_0014713,/path/to/IMA_dataset/ISIC_0014713.jpg,/path/to/IMA_dataset/ISIC_0014713_A00_T2_S1_5841e9269fc3c156c3ef4761.png,/path/to/IMA_dataset/ISIC_0014713_A00_T2_S1_5841e9269fc3c156c3ef4761.png,1,Light
ISIC_0013830,/path/to/IMA_dataset/ISIC_0013830.jpg,/path/to/IMA_dataset/ISIC_0013830_A00_T2_S1_5841e68b9fc3c156c3ef3d08.png,/path/to/IMA_dataset/ISIC_0013830_A00_T2_S1_5841e68b9fc3c156c3ef3d08.png,2,Intermediate
ISIC_0014607,/path/to/IMA_dataset/ISIC_0014607.jpg,/path/to/IMA_dataset/ISIC_0014607_A03_T1_S1_584712a49fc3c10f04859742.png,/path/to/IMA_dataset/ISIC_0014607_A03_T1_S1_584712a49fc3c10f04859742.png,1,Light
ISIC_0013997,/path/to/IMA_dataset/ISIC_0013997.jpg,/path/to/IMA_dataset/ISIC_0013997_A00_T2_S1_5841e6fd9fc3c156c3ef3efd.png,/path/to/IMA_dataset/ISIC_0013997_A00_T2_S1_5841e6fd9fc3c156c3ef3efd.png,2,Intermediate
ISIC_0009930,/path/to/IMA_dataset/ISIC_0009930.jpg,/path/to/IMA_dataset/ISIC_0009930_A04_T3_S1_5592f3529fc3c13155145cd8.png,/path/to/IMA_dataset/ISIC_0009930_A04_T3_S1_5592f3529fc3c13155145cd8.png,1,Light
ISIC_0010447,/path/to/IMA_dataset/ISIC_0010447.jpg,/path/to/IMA_dataset/ISIC_0010447_A04_T3_S1_55a7fff29fc3c156bd715711.png,/path/to/IMA_dataset/ISIC_0010447_A04_T3_S1_55a7fff29fc3c156bd715711.png,1,Light
ISIC_0014711,/path/to/IMA_dataset/ISIC_0014711.jpg,/path/to/IMA_dataset/ISIC_0014711_A00_T2_S1_5841e9249fc3c156c3ef475b.png,/path/to/IMA_dataset/ISIC_0014711_A00_T2_S1_5841e9249fc3c156c3ef475b.png,2,Intermediate
ISIC_0015044,/path/to/IMA_dataset/ISIC_0015044.jpg,/path/to/IMA_dataset/ISIC_0015044_A00_T2_S1_5841eaa89fc3c156c3ef4b42.png,/path/to/IMA_dataset/ISIC_0015044_A00_T2_S1_5841eaa89fc3c156c3ef4b42.png,2,Intermediate
ISIC_0011359,/path/to/IMA_dataset/ISIC_0011359.jpg,/path/to/IMA_dataset/ISIC_0011359_A04_T3_S1_55a947d99fc3c156bd715d7d.png,/path/to/IMA_dataset/ISIC_0011359_A04_T3_S1_55a947d99fc3c156bd715d7d.png,2,Intermediate
ISIC_0014469,/path/to/IMA_dataset/ISIC_0014469.jpg,/path/to/IMA_dataset/ISIC_0014469_A00_T2_S1_5841e8689fc3c156c3ef4485.png,/path/to/IMA_dataset/ISIC_0014469_A00_T2_S1_5841e8689fc3c156c3ef4485.png,1,Light
ISIC_0013184,/path/to/IMA_dataset/ISIC_0013184.jpg,/path/to/IMA_dataset/ISIC_0013184_A00_T2_S1_5841e4cb9fc3c156c3ef3576.png,/path/to/IMA_dataset/ISIC_0013184_A00_T2_S1_5841e4cb9fc3c156c3ef3576.png,1,Light
ISIC_0000055,/path/to/IMA_dataset/ISIC_0000055.jpg,/path/to/IMA_dataset/ISIC_0000055_ST_ST_ST_ST.png,/path/to/IMA_dataset/ISIC_0000055_A04_T3_S2_545bd04abae47821f8802427.png,1,Light
ISIC_0013310,/path/to/IMA_dataset/ISIC_0013310.jpg,/path/to/IMA_dataset/ISIC_0013310_ST_ST_ST_ST.png,/path/to/IMA_dataset/ISIC_0013310_A00_T2_S1_5841e51e9fc3c156c3ef36f0.png,2,Intermediate
ISIC_0010465,/path/to/IMA_dataset/ISIC_0010465.jpg,/path/to/IMA_dataset/ISIC_0010465_A04_T3_S1_55a7fda19fc3c156bd7156a5.png,/path/to/IMA_dataset/ISIC_0010465_A04_T3_S1_55a7fda19fc3c156bd7156a5.png,1,Light
ISIC_0014580,/path/to/IMA_dataset/ISIC_0014580.jpg,/path/to/IMA_dataset/ISIC_0014580_A03_T1_S1_584712229fc3c10f04859705.png,/path/to/IMA_dataset/ISIC_0014580_A03_T1_S1_584712229fc3c10f04859705.png,1,Light
ISIC_0000044,/path/to/IMA_dataset/ISIC_0000044.jpg,/path/to/IMA_dataset/ISIC_0000044_A04_T3_S1_545bd47dbae47821f8802448.png,/path/to/IMA_dataset/ISIC_0000044_A04_T3_S1_545bd47dbae47821f8802448.png,0,Very Light
ISIC_0011345,/path/to/IMA_dataset/ISIC_0011345.jpg,/path/to/IMA_dataset/ISIC_0011345_A04_T3_S1_55a94cde9fc3c156bd715dd1.png,/path/to/IMA_dataset/ISIC_0011345_A04_T3_S1_55a94cde9fc3c156bd715dd1.png,2,Intermediate
ISIC_0014222,/path/to/IMA_dataset/ISIC_0014222.jpg,/path/to/IMA_dataset/ISIC_0014222_ST_ST_ST_ST.png,/path/to/IMA_dataset/ISIC_0014222_A03_T1_S1_58473e239fc3c10f04859b68.png,2,Intermediate
ISIC_0000081,/path/to/IMA_dataset/ISIC_0000081.jpg,/path/to/IMA_dataset/ISIC_0000081_A04_T3_S1_545bc4f4bae47821f88023d9.png,/path/to/IMA_dataset/ISIC_0000081_A04_T3_S1_545bc4f4bae47821f88023d9.png,1,Light
ISIC_0013369,/path/to/IMA_dataset/ISIC_0013369.jpg,/path/to/IMA_dataset/ISIC_0013369_ST_ST_ST_ST.png,/path/to/IMA_dataset/ISIC_0013369_A00_T2_S1_5841e54a9fc3c156c3ef37a1.png,1,Light
ISIC_0013084,/path/to/IMA_dataset/ISIC_0013084.jpg,/path/to/IMA_dataset/ISIC_0013084_A00_T2_S1_5841e4909fc3c156c3ef344a.png,/path/to/IMA_dataset/ISIC_0013084_A00_T2_S1_5841e4909fc3c156c3ef344a.png,2,Intermediate
ISIC_0014082,/path/to/IMA_dataset/ISIC_0014082.jpg,/path/to/IMA_dataset/ISIC_0014082_ST_ST_ST_ST.png,/path/to/IMA_dataset/ISIC_0014082_A03_T1_S1_58471abe9fc3c10f04859a2c.png,2,Intermediate
ISIC_0003005,/path/to/IMA_dataset/ISIC_0003005.jpg,/path/to/IMA_dataset/ISIC_0003005_A05_T1_S1_55e9e0f39fc3c1046f7c94f3.png,/path/to/IMA_dataset/ISIC_0003005_A05_T1_S1_55e9e0f39fc3c1046f7c94f3.png,1,Light
ISIC_0000024,/path/to/IMA_dataset/ISIC_0000024.jpg,/path/to/IMA_dataset/ISIC_0000024_ST_ST_ST_ST.png,/path/to/IMA_dataset/ISIC_0000024_A04_T3_S2_545be723bae47821f8802484.png,1,Light
ISIC_0012406,/path/to/IMA_dataset/ISIC_0012406.jpg,/path/to/IMA_dataset/ISIC_0012406_A00_T2_S1_5841e2fa9fc3c156c3ef2c58.png,/path/to/IMA_dataset/ISIC_0012406_A00_T2_S1_5841e2fa9fc3c156c3ef2c58.png,2,Intermediate
ISIC_0012512,/path/to/IMA_dataset/ISIC_0012512.jpg,/path/to/IMA_dataset/ISIC_0012512_ST_ST_ST_ST.png,/path/to/IMA_dataset/ISIC_0012512_A00_T2_S1_5841e3489fc3c156c3ef2d96.png,2,Intermediate
ISIC_0012787,/path/to/IMA_dataset/ISIC_0012787.jpg,/path/to/IMA_dataset/ISIC_0012787_A00_T2_S1_5841e3da9fc3c156c3ef30cf.png,/path/to/IMA_dataset/ISIC_0012787_A00_T2_S1_5841e3da9fc3c156c3ef30cf.png,1,Light
ISIC_0012665,/path/to/IMA_dataset/ISIC_0012665.jpg,/path/to/IMA_dataset/ISIC_0012665_A00_T2_S1_5841e3989fc3c156c3ef2f61.png,/path/to/IMA_dataset/ISIC_0012665_A00_T2_S1_5841e3989fc3c156c3ef2f61.png,2,Intermediate
ISIC_0006350,/path/to/IMA_dataset/ISIC_0006350.jpg,/path/to/IMA_dataset/ISIC_0006350_A01_T3_S2_55e086a49fc3c104700e21c6.png,/path/to/IMA_dataset/ISIC_0006350_A02_T1_S1_56659dfd9fc3c147bbd6af14.png,2,Intermediate
ISIC_0012263,/path/to/IMA_dataset/ISIC_0012263.jpg,/path/to/IMA_dataset/ISIC_0012263_ST_ST_ST_ST.png,/path/to/IMA_dataset/ISIC_0012263_A00_T2_S1_5841e2a39fc3c156c3ef2aab.png,2,Intermediate
ISIC_0014197,/path/to/IMA_dataset/ISIC_0014197.jpg,/path/to/IMA_dataset/ISIC_0014197_A00_T2_S1_5841e7959fc3c156c3ef4155.png,/path/to/IMA_dataset/ISIC_0014197_A00_T2_S1_5841e7959fc3c156c3ef4155.png,1,Light
ISIC_0010318,/path/to/IMA_dataset/ISIC_0010318.jpg,/path/to/IMA_dataset/ISIC_0010318_A04_T3_S1_55a920df9fc3c156bd715a17.png,/path/to/IMA_dataset/ISIC_0010318_A04_T3_S1_55a920df9fc3c156bd715a17.png,1,Light
ISIC_0012827,/path/to/IMA_dataset/ISIC_0012827.jpg,/path/to/IMA_dataset/ISIC_0012827_A00_T2_S1_5841e3f29fc3c156c3ef3147.png,/path/to/IMA_dataset/ISIC_0012827_A00_T2_S1_5841e3f29fc3c156c3ef3147.png,1,Light
ISIC_0000054,/path/to/IMA_dataset/ISIC_0000054.jpg,/path/to/IMA_dataset/ISIC_0000054_A04_T3_S1_545bd05abae47821f880242a.png,/path/to/IMA_dataset/ISIC_0000054_A04_T3_S1_545bd05abae47821f880242a.png,1,Light
ISIC_0012742,/path/to/IMA_dataset/ISIC_0012742.jpg,/path/to/IMA_dataset/ISIC_0012742_A00_T2_S1_5841e3c09fc3c156c3ef3048.png,/path/to/IMA_dataset/ISIC_0012742_A00_T2_S1_5841e3c09fc3c156c3ef3048.png,2,Intermediate
ISIC_0010213,/path/to/IMA_dataset/ISIC_0010213.jpg,/path/to/IMA_dataset/ISIC_0010213_A04_T1_S1_55a927089fc3c156bd715b67.png,/path/to/IMA_dataset/ISIC_0010213_A04_T1_S1_55a927089fc3c156bd715b67.png,1,Light
ISIC_0009979,/path/to/IMA_dataset/ISIC_0009979.jpg,/path/to/IMA_dataset/ISIC_0009979_A04_T1_S1_5592e3dc9fc3c13155145bb2.png,/path/to/IMA_dataset/ISIC_0009979_A04_T1_S1_5592e3dc9fc3c13155145bb2.png,1,Light
ISIC_0005187,/path/to/IMA_dataset/ISIC_0005187.jpg,/path/to/IMA_dataset/ISIC_0005187_A01_T3_S2_55e49b7a9fc3c128ff23a97e.png,/path/to/IMA_dataset/ISIC_0005187_A05_T3_S1_5665fa909fc3c1206728501f.png,1,Light
ISIC_0012118,/path/to/IMA_dataset/ISIC_0012118.jpg,/path/to/IMA_dataset/ISIC_0012118_A00_T2_S1_5841e24c9fc3c156c3ef28f8.png,/path/to/IMA_dataset/ISIC_0012118_A00_T2_S1_5841e24c9fc3c156c3ef28f8.png,2,Intermediate
ISIC_0012789,/path/to/IMA_dataset/ISIC_0012789.jpg,/path/to/IMA_dataset/ISIC_0012789_ST_ST_ST_ST.png,/path/to/IMA_dataset/ISIC_0012789_A00_T2_S1_5841e3db9fc3c156c3ef30d5.png,2,Intermediate
ISIC_0000292,/path/to/IMA_dataset/ISIC_0000292.jpg,/path/to/IMA_dataset/ISIC_0000292_A04_T1_S1_5453f96ebae47821f8802160.png,/path/to/IMA_dataset/ISIC_0000292_A04_T1_S1_5453f96ebae47821f8802160.png,1,Light
ISIC_0010588,/path/to/IMA_dataset/ISIC_0010588.jpg,/path/to/IMA_dataset/ISIC_0010588_A04_T1_S1_55a7d9ea9fc3c156bd7153c3.png,/path/to/IMA_dataset/ISIC_0010588_A04_T1_S1_55a7d9ea9fc3c156bd7153c3.png,1,Light
ISIC_0013584,/path/to/IMA_dataset/ISIC_0013584.jpg,/path/to/IMA_dataset/ISIC_0013584_A03_T1_S1_5847411e9fc3c10f04859b87.png,/path/to/IMA_dataset/ISIC_0013584_A03_T1_S1_5847411e9fc3c10f04859b87.png,2,Intermediate
ISIC_0008998,/path/to/IMA_dataset/ISIC_0008998.jpg,/path/to/IMA_dataset/ISIC_0008998_A01_T3_S2_55ddef2a9fc3c10470dbf578.png,/path/to/IMA_dataset/ISIC_0008998_A05_T3_S1_56683af29fc3c14011cd7357.png,1,Light
ISIC_0009925,/path/to/IMA_dataset/ISIC_0009925.jpg,/path/to/IMA_dataset/ISIC_0009925_A04_T1_S1_5592f43a9fc3c13155145cf6.png,/path/to/IMA_dataset/ISIC_0009925_A04_T1_S1_5592f43a9fc3c13155145cf6.png,1,Light
ISIC_0012699,/path/to/IMA_dataset/ISIC_0012699.jpg,/path/to/IMA_dataset/ISIC_0012699_A00_T2_S1_5841e3aa9fc3c156c3ef2fc7.png,/path/to/IMA_dataset/ISIC_0012699_A00_T2_S1_5841e3aa9fc3c156c3ef2fc7.png,1,Light
ISIC_0000365,/path/to/IMA_dataset/ISIC_0000365.jpg,/path/to/IMA_dataset/ISIC_0000365_A04_T1_S1_5453af11bae47821f8802085.png,/path/to/IMA_dataset/ISIC_0000365_A04_T1_S1_5453af11bae47821f8802085.png,1,Light
ISIC_0001134,/path/to/IMA_dataset/ISIC_0001134.jpg,/path/to/IMA_dataset/ISIC_0001134_ST_ST_ST_ST.png,/path/to/IMA_dataset/ISIC_0001134_A04_T3_S2_54e7614bbae47850e86ce19f.png,2,Intermediate
ISIC_0010494,/path/to/IMA_dataset/ISIC_0010494.jpg,/path/to/IMA_dataset/ISIC_0010494_A04_T1_S1_55a7f62e9fc3c156bd7155f7.png,/path/to/IMA_dataset/ISIC_0010494_A04_T1_S1_55a7f62e9fc3c156bd7155f7.png,1,Light
ISIC_0002438,/path/to/IMA_dataset/ISIC_0002438.jpg,/path/to/IMA_dataset/ISIC_0002438_A04_T3_S1_54ee1bc9bae47871b5e0324b.png,/path/to/IMA_dataset/ISIC_0002438_A04_T3_S1_54ee1bc9bae47871b5e0324b.png,2,Intermediate
ISIC_0010339,/path/to/IMA_dataset/ISIC_0010339.jpg,/path/to/IMA_dataset/ISIC_0010339_A04_T3_S1_55a9156b9fc3c156bd715999.png,/path/to/IMA_dataset/ISIC_0010339_A04_T3_S1_55a9156b9fc3c156bd715999.png,0,Very Light
ISIC_0011159,/path/to/IMA_dataset/ISIC_0011159.jpg,/path/to/IMA_dataset/ISIC_0011159_A04_T1_S1_55a008c19fc3c156bd714639.png,/path/to/IMA_dataset/ISIC_0011159_A04_T1_S1_55a008c19fc3c156bd714639.png,1,Light
ISIC_0014595,/path/to/IMA_dataset/ISIC_0014595.jpg,/path/to/IMA_dataset/ISIC_0014595_A00_T2_S1_5841e8c19fc3c156c3ef45ff.png,/path/to/IMA_dataset/ISIC_0014595_A00_T2_S1_5841e8c19fc3c156c3ef45ff.png,1,Light
ISIC_0000039,/path/to/IMA_dataset/ISIC_0000039.jpg,/path/to/IMA_dataset/ISIC_0000039_A04_T3_S1_545bd903bae47821f8802457.png,/path/to/IMA_dataset/ISIC_0000039_A04_T3_S1_545bd903bae47821f8802457.png,0,Very Light
ISIC_0000473,/path/to/IMA_dataset/ISIC_0000473.jpg,/path/to/IMA_dataset/ISIC_0000473_ST_ST_ST_ST.png,/path/to/IMA_dataset/ISIC_0000473_A04_T3_S2_54510071bae47821f8801f3b.png,1,Light
ISIC_0012835,/path/to/IMA_dataset/ISIC_0012835.jpg,/path/to/IMA_dataset/ISIC_0012835_A00_T2_S1_5841e3f79fc3c156c3ef315f.png,/path/to/IMA_dataset/ISIC_0012835_A00_T2_S1_5841e3f79fc3c156c3ef315f.png,1,Light
ISIC_0000538,/path/to/IMA_dataset/ISIC_0000538.jpg,/path/to/IMA_dataset/ISIC_0000538_ST_ST_ST_ST.png,/path/to/IMA_dataset/ISIC_0000538_A04_T3_S2_544a78f7bae478661558fb00.png,1,Light
ISIC_0012671,/path/to/IMA_dataset/ISIC_0012671.jpg,/path/to/IMA_dataset/ISIC_0012671_ST_ST_ST_ST.png,/path/to/IMA_dataset/ISIC_0012671_A03_T3_S1_58472a0c9fc3c10f04859acb.png,1,Light
ISIC_0010463,/path/to/IMA_dataset/ISIC_0010463.jpg,/path/to/IMA_dataset/ISIC_0010463_ST_ST_ST_ST.png,/path/to/IMA_dataset/ISIC_0010463_A04_T3_S1_55a7fdd89fc3c156bd7156b1.png,1,Light
ISIC_0000031,/path/to/IMA_dataset/ISIC_0000031.jpg,/path/to/IMA_dataset/ISIC_0000031_ST_ST_ST_ST.png,/path/to/IMA_dataset/ISIC_0000031_A04_T1_S2_545bdbbbbae47821f880246f.png,1,Light
ISIC_0012721,/path/to/IMA_dataset/ISIC_0012721.jpg,/path/to/IMA_dataset/ISIC_0012721_A00_T2_S1_5841e3b59fc3c156c3ef3009.png,/path/to/IMA_dataset/ISIC_0012721_A00_T2_S1_5841e3b59fc3c156c3ef3009.png,1,Light
ISIC_0010575,/path/to/IMA_dataset/ISIC_0010575.jpg,/path/to/IMA_dataset/ISIC_0010575_A04_T3_S1_55a7dd329fc3c156bd715411.png,/path/to/IMA_dataset/ISIC_0010575_A04_T3_S1_55a7dd329fc3c156bd715411.png,1,Light
ISIC_0004115,/path/to/IMA_dataset/ISIC_0004115.jpg,/path/to/IMA_dataset/ISIC_0004115_ST_ST_ST_ST.png,/path/to/IMA_dataset/ISIC_0004115_A02_T1_S1_5640e7109fc3c1045ec16715.png,2,Intermediate
ISIC_0006940,/path/to/IMA_dataset/ISIC_0006940.jpg,/path/to/IMA_dataset/ISIC_0006940_A05_T1_S1_56547c929fc3c102ff1a9540.png,/path/to/IMA_dataset/ISIC_0006940_A05_T1_S1_56547c929fc3c102ff1a9540.png,2,Intermediate
ISIC_0000062,/path/to/IMA_dataset/ISIC_0000062.jpg,/path/to/IMA_dataset/ISIC_0000062_A04_T3_S1_545bcc60bae47821f8802412.png,/path/to/IMA_dataset/ISIC_0000062_A04_T3_S1_545bcc60bae47821f8802412.png,1,Light
ISIC_0010481,/path/to/IMA_dataset/ISIC_0010481.jpg,/path/to/IMA_dataset/ISIC_0010481_A04_T3_S1_55a7f9949fc3c156bd715645.png,/path/to/IMA_dataset/ISIC_0010481_A04_T3_S1_55a7f9949fc3c156bd715645.png,1,Light
ISIC_0013434,/path/to/IMA_dataset/ISIC_0013434.jpg,/path/to/IMA_dataset/ISIC_0013434_ST_ST_ST_ST.png,/path/to/IMA_dataset/ISIC_0013434_A00_T2_S1_5841e57a9fc3c156c3ef3864.png,2,Intermediate
ISIC_0009906,/path/to/IMA_dataset/ISIC_0009906.jpg,/path/to/IMA_dataset/ISIC_0009906_A04_T3_S1_5592f9ff9fc3c13155145d68.png,/path/to/IMA_dataset/ISIC_0009906_A04_T3_S1_5592f9ff9fc3c13155145d68.png,1,Light
ISIC_0000293,/path/to/IMA_dataset/ISIC_0000293.jpg,/path/to/IMA_dataset/ISIC_0000293_A04_T1_S1_5453f859bae47821f880215d.png,/path/to/IMA_dataset/ISIC_0000293_A04_T1_S1_5453f859bae47821f880215d.png,0,Very Light
ISIC_0014394,/path/to/IMA_dataset/ISIC_0014394.jpg,/path/to/IMA_dataset/ISIC_0014394_A00_T2_S1_5841e82f9fc3c156c3ef43a4.png,/path/to/IMA_dataset/ISIC_0014394_A00_T2_S1_5841e82f9fc3c156c3ef43a4.png,2,Intermediate
ISIC_0010246,/path/to/IMA_dataset/ISIC_0010246.jpg,/path/to/IMA_dataset/ISIC_0010246_A04_T3_S1_55a923b69fc3c156bd715aa1.png,/path/to/IMA_dataset/ISIC_0010246_A04_T3_S1_55a923b69fc3c156bd715aa1.png,2,Intermediate
ISIC_0007038,/path/to/IMA_dataset/ISIC_0007038.jpg,/path/to/IMA_dataset/ISIC_0007038_A02_T1_S1_5638d7cb9fc3c1045ec1609a.png,/path/to/IMA_dataset/ISIC_0007038_A02_T1_S1_5638d7cb9fc3c1045ec1609a.png,2,Intermediate
ISIC_0013121,/path/to/IMA_dataset/ISIC_0013121.jpg,/path/to/IMA_dataset/ISIC_0013121_A00_T2_S1_5841e4a59fc3c156c3ef34b9.png,/path/to/IMA_dataset/ISIC_0013121_A00_T2_S1_5841e4a59fc3c156c3ef34b9.png,2,Intermediate
ISIC_0011212,/path/to/IMA_dataset/ISIC_0011212.jpg,/path/to/IMA_dataset/ISIC_0011212_A04_T1_S1_559ff51b9fc3c156bd714368.png,/path/to/IMA_dataset/ISIC_0011212_A04_T1_S1_559ff51b9fc3c156bd714368.png,1,Light
ISIC_0013888,/path/to/IMA_dataset/ISIC_0013888.jpg,/path/to/IMA_dataset/ISIC_0013888_A00_T2_S1_5841e6b39fc3c156c3ef3db6.png,/path/to/IMA_dataset/ISIC_0013888_A00_T2_S1_5841e6b39fc3c156c3ef3db6.png,2,Intermediate
ISIC_0010032,/path/to/IMA_dataset/ISIC_0010032.jpg,/path/to/IMA_dataset/ISIC_0010032_A04_T3_S1_559453d49fc3c13155bcaf6d.png,/path/to/IMA_dataset/ISIC_0010032_A04_T3_S1_559453d49fc3c13155bcaf6d.png,1,Light
ISIC_0013403,/path/to/IMA_dataset/ISIC_0013403.jpg,/path/to/IMA_dataset/ISIC_0013403_A00_T2_S1_5841e5629fc3c156c3ef3807.png,/path/to/IMA_dataset/ISIC_0013403_A00_T2_S1_5841e5629fc3c156c3ef3807.png,2,Intermediate
ISIC_0014108,/path/to/IMA_dataset/ISIC_0014108.jpg,/path/to/IMA_dataset/ISIC_0014108_ST_ST_ST_ST.png,/path/to/IMA_dataset/ISIC_0014108_A06_T1_S1_58473af49fc3c10f04859b36.png,2,Intermediate
ISIC_0012932,/path/to/IMA_dataset/ISIC_0012932.jpg,/path/to/IMA_dataset/ISIC_0012932_A06_T1_S1_58473cb29fc3c10f04859b50.png,/path/to/IMA_dataset/ISIC_0012932_A06_T1_S1_58473cb29fc3c10f04859b50.png,2,Intermediate
ISIC_0010093,/path/to/IMA_dataset/ISIC_0010093.jpg,/path/to/IMA_dataset/ISIC_0010093_A04_T1_S1_559442609fc3c13155bcadfc.png,/path/to/IMA_dataset/ISIC_0010093_A04_T1_S1_559442609fc3c13155bcadfc.png,1,Light
ISIC_0012697,/path/to/IMA_dataset/ISIC_0012697.jpg,/path/to/IMA_dataset/ISIC_0012697_A00_T2_S1_5841e3a99fc3c156c3ef2fc1.png,/path/to/IMA_dataset/ISIC_0012697_A00_T2_S1_5841e3a99fc3c156c3ef2fc1.png,2,Intermediate
ISIC_0012544,/path/to/IMA_dataset/ISIC_0012544.jpg,/path/to/IMA_dataset/ISIC_0012544_A00_T2_S1_5841e35f9fc3c156c3ef2df6.png,/path/to/IMA_dataset/ISIC_0012544_A00_T2_S1_5841e35f9fc3c156c3ef2df6.png,2,Intermediate
ISIC_0014795,/path/to/IMA_dataset/ISIC_0014795.jpg,/path/to/IMA_dataset/ISIC_0014795_A00_T2_S1_5841e9849fc3c156c3ef4857.png,/path/to/IMA_dataset/ISIC_0014795_A00_T2_S1_5841e9849fc3c156c3ef4857.png,2,Intermediate
ISIC_0013167,/path/to/IMA_dataset/ISIC_0013167.jpg,/path/to/IMA_dataset/ISIC_0013167_A00_T2_S1_5841e4c19fc3c156c3ef3543.png,/path/to/IMA_dataset/ISIC_0013167_A00_T2_S1_5841e4c19fc3c156c3ef3543.png,1,Light
ISIC_0013037,/path/to/IMA_dataset/ISIC_0013037.jpg,/path/to/IMA_dataset/ISIC_0013037_A00_T2_S1_5841e4729fc3c156c3ef33bd.png,/path/to/IMA_dataset/ISIC_0013037_A00_T2_S1_5841e4729fc3c156c3ef33bd.png,1,Light
ISIC_0010168,/path/to/IMA_dataset/ISIC_0010168.jpg,/path/to/IMA_dataset/ISIC_0010168_A04_T3_S1_55a939a59fc3c156bd715c75.png,/path/to/IMA_dataset/ISIC_0010168_A04_T3_S1_55a939a59fc3c156bd715c75.png,1,Light
ISIC_0000319,/path/to/IMA_dataset/ISIC_0000319.jpg,/path/to/IMA_dataset/ISIC_0000319_ST_ST_ST_ST.png,/path/to/IMA_dataset/ISIC_0000319_A04_T1_S2_5453d3e7bae47821f880210f.png,2,Intermediate
ISIC_0000529,/path/to/IMA_dataset/ISIC_0000529.jpg,/path/to/IMA_dataset/ISIC_0000529_ST_ST_ST_ST.png,/path/to/IMA_dataset/ISIC_0000529_A04_T3_S2_544a920dbae478661558fb1b.png,1,Light
ISIC_0000110,/path/to/IMA_dataset/ISIC_0000110.jpg,/path/to/IMA_dataset/ISIC_0000110_ST_ST_ST_ST.png,/path/to/IMA_dataset/ISIC_0000110_A04_T1_S2_545a8eb5bae47821f8802382.png,1,Light
ISIC_0000511,/path/to/IMA_dataset/ISIC_0000511.jpg,/path/to/IMA_dataset/ISIC_0000511_A04_T3_S1_544e6ee2bae478661558fb51.png,/path/to/IMA_dataset/ISIC_0000511_A04_T3_S1_544e6ee2bae478661558fb51.png,1,Light
ISIC_0011173,/path/to/IMA_dataset/ISIC_0011173.jpg,/path/to/IMA_dataset/ISIC_0011173_A04_T3_S1_55a007849fc3c156bd7145e5.png,/path/to/IMA_dataset/ISIC_0011173_A04_T3_S1_55a007849fc3c156bd7145e5.png,1,Light
ISIC_0010374,/path/to/IMA_dataset/ISIC_0010374.jpg,/path/to/IMA_dataset/ISIC_0010374_A04_T3_S1_55a80e9c9fc3c156bd7158c7.png,/path/to/IMA_dataset/ISIC_0010374_A04_T3_S1_55a80e9c9fc3c156bd7158c7.png,1,Light
ISIC_0006800,/path/to/IMA_dataset/ISIC_0006800.jpg,/path/to/IMA_dataset/ISIC_0006800_A02_T3_S1_560af3cc9fc3c10ee6f16d69.png,/path/to/IMA_dataset/ISIC_0006800_A02_T3_S1_560af3cc9fc3c10ee6f16d69.png,2,Intermediate
ISIC_0010455,/path/to/IMA_dataset/ISIC_0010455.jpg,/path/to/IMA_dataset/ISIC_0010455_ST_ST_ST_ST.png,/path/to/IMA_dataset/ISIC_0010455_A06_T1_S1_568bbba89fc3c126c063ff85.png,0,Very Light
ISIC_0000126,/path/to/IMA_dataset/ISIC_0000126.jpg,/path/to/IMA_dataset/ISIC_0000126_ST_ST_ST_ST.png,/path/to/IMA_dataset/ISIC_0000126_A04_T3_S2_545a6f5fbae47821f8802352.png,1,Light
ISIC_0013055,/path/to/IMA_dataset/ISIC_0013055.jpg,/path/to/IMA_dataset/ISIC_0013055_A00_T2_S1_5841e47e9fc3c156c3ef33f3.png,/path/to/IMA_dataset/ISIC_0013055_A00_T2_S1_5841e47e9fc3c156c3ef33f3.png,2,Intermediate
ISIC_0010222,/path/to/IMA_dataset/ISIC_0010222.jpg,/path/to/IMA_dataset/ISIC_0010222_A04_T1_S1_55a9263f9fc3c156bd715b31.png,/path/to/IMA_dataset/ISIC_0010222_A04_T1_S1_55a9263f9fc3c156bd715b31.png,1,Light
ISIC_0000353,/path/to/IMA_dataset/ISIC_0000353.jpg,/path/to/IMA_dataset/ISIC_0000353_A04_T1_S1_5453bc03bae47821f88020a9.png,/path/to/IMA_dataset/ISIC_0000353_A04_T1_S1_5453bc03bae47821f88020a9.png,2,Intermediate
ISIC_0014441,/path/to/IMA_dataset/ISIC_0014441.jpg,/path/to/IMA_dataset/ISIC_0014441_A00_T2_S1_5841e8529fc3c156c3ef4431.png,/path/to/IMA_dataset/ISIC_0014441_A00_T2_S1_5841e8529fc3c156c3ef4431.png,2,Intermediate
ISIC_0000326,/path/to/IMA_dataset/ISIC_0000326.jpg,/path/to/IMA_dataset/ISIC_0000326_A04_T1_S1_5453cffcbae47821f88020fa.png,/path/to/IMA_dataset/ISIC_0000326_A04_T1_S1_5453cffcbae47821f88020fa.png,1,Light
ISIC_0014032,/path/to/IMA_dataset/ISIC_0014032.jpg,/path/to/IMA_dataset/ISIC_0014032_A06_T1_S1_584737d49fc3c10f04859b0d.png,/path/to/IMA_dataset/ISIC_0014032_A06_T1_S1_584737d49fc3c10f04859b0d.png,2,Intermediate
ISIC_0013626,/path/to/IMA_dataset/ISIC_0013626.jpg,/path/to/IMA_dataset/ISIC_0013626_A00_T2_S1_5841e5ff9fc3c156c3ef3aa4.png,/path/to/IMA_dataset/ISIC_0013626_A00_T2_S1_5841e5ff9fc3c156c3ef3aa4.png,1,Light
ISIC_0000075,/path/to/IMA_dataset/ISIC_0000075.jpg,/path/to/IMA_dataset/ISIC_0000075_A04_T3_S1_545bc768bae47821f88023eb.png,/path/to/IMA_dataset/ISIC_0000075_A04_T3_S1_545bc768bae47821f88023eb.png,0,Very Light
ISIC_0013229,/path/to/IMA_dataset/ISIC_0013229.jpg,/path/to/IMA_dataset/ISIC_0013229_A00_T2_S1_5841e4e59fc3c156c3ef35fd.png,/path/to/IMA_dataset/ISIC_0013229_A00_T2_S1_5841e4e59fc3c156c3ef35fd.png,2,Intermediate
ISIC_0010212,/path/to/IMA_dataset/ISIC_0010212.jpg,/path/to/IMA_dataset/ISIC_0010212_A04_T3_S1_55a927179fc3c156bd715b6d.png,/path/to/IMA_dataset/ISIC_0010212_A04_T3_S1_55a927179fc3c156bd715b6d.png,1,Light
ISIC_0010094,/path/to/IMA_dataset/ISIC_0010094.jpg,/path/to/IMA_dataset/ISIC_0010094_A04_T3_S1_5594423e9fc3c13155bcadf6.png,/path/to/IMA_dataset/ISIC_0010094_A04_T3_S1_5594423e9fc3c13155bcadf6.png,1,Light
ISIC_0013492,/path/to/IMA_dataset/ISIC_0013492.jpg,/path/to/IMA_dataset/ISIC_0013492_A00_T2_S1_5841e5a39fc3c156c3ef3912.png,/path/to/IMA_dataset/ISIC_0013492_A00_T2_S1_5841e5a39fc3c156c3ef3912.png,1,Light
ISIC_0012260,/path/to/IMA_dataset/ISIC_0012260.jpg,/path/to/IMA_dataset/ISIC_0012260_A00_T2_S1_5841e2a19fc3c156c3ef2aa2.png,/path/to/IMA_dataset/ISIC_0012260_A00_T2_S1_5841e2a19fc3c156c3ef2aa2.png,1,Light
ISIC_0013685,/path/to/IMA_dataset/ISIC_0013685.jpg,/path/to/IMA_dataset/ISIC_0013685_A06_T1_S1_58473e369fc3c10f04859b69.png,/path/to/IMA_dataset/ISIC_0013685_A06_T1_S1_58473e369fc3c10f04859b69.png,2,Intermediate
ISIC_0014480,/path/to/IMA_dataset/ISIC_0014480.jpg,/path/to/IMA_dataset/ISIC_0014480_ST_ST_ST_ST.png,/path/to/IMA_dataset/ISIC_0014480_A00_T2_S1_5841e8709fc3c156c3ef44a6.png,2,Intermediate
ISIC_0000281,/path/to/IMA_dataset/ISIC_0000281.jpg,/path/to/IMA_dataset/ISIC_0000281_A04_T1_S1_5457b581bae47821f8802181.png,/path/to/IMA_dataset/ISIC_0000281_A04_T1_S1_5457b581bae47821f8802181.png,1,Light
ISIC_0006326,/path/to/IMA_dataset/ISIC_0006326.jpg,/path/to/IMA_dataset/ISIC_0006326_ST_ST_ST_ST.png,/path/to/IMA_dataset/ISIC_0006326_A06_T1_S1_568b336d9fc3c126c063fec2.png,1,Light
ISIC_0013682,/path/to/IMA_dataset/ISIC_0013682.jpg,/path/to/IMA_dataset/ISIC_0013682_A00_T2_S1_5841e6279fc3c156c3ef3b4c.png,/path/to/IMA_dataset/ISIC_0013682_A00_T2_S1_5841e6279fc3c156c3ef3b4c.png,1,Light
ISIC_0013071,/path/to/IMA_dataset/ISIC_0013071.jpg,/path/to/IMA_dataset/ISIC_0013071_A00_T2_S1_5841e4889fc3c156c3ef3423.png,/path/to/IMA_dataset/ISIC_0013071_A00_T2_S1_5841e4889fc3c156c3ef3423.png,1,Light
ISIC_0000032,/path/to/IMA_dataset/ISIC_0000032.jpg,/path/to/IMA_dataset/ISIC_0000032_A04_T1_S1_545bdb55bae47821f880246c.png,/path/to/IMA_dataset/ISIC_0000032_A04_T1_S1_545bdb55bae47821f880246c.png,1,Light
ISIC_0000491,/path/to/IMA_dataset/ISIC_0000491.jpg,/path/to/IMA_dataset/ISIC_0000491_A04_T3_S1_5450f239bae47865794e4d1c.png,/path/to/IMA_dataset/ISIC_0000491_A04_T3_S1_5450f239bae47865794e4d1c.png,2,Intermediate
ISIC_0010472,/path/to/IMA_dataset/ISIC_0010472.jpg,/path/to/IMA_dataset/ISIC_0010472_A04_T3_S1_55a7fcfa9fc3c156bd71567b.png,/path/to/IMA_dataset/ISIC_0010472_A04_T3_S1_55a7fcfa9fc3c156bd71567b.png,1,Light
ISIC_0013172,/path/to/IMA_dataset/ISIC_0013172.jpg,/path/to/IMA_dataset/ISIC_0013172_A00_T2_S1_5841e4c49fc3c156c3ef3552.png,/path/to/IMA_dataset/ISIC_0013172_A00_T2_S1_5841e4c49fc3c156c3ef3552.png,2,Intermediate
ISIC_0009931,/path/to/IMA_dataset/ISIC_0009931.jpg,/path/to/IMA_dataset/ISIC_0009931_A04_T3_S1_5592f3439fc3c13155145cd2.png,/path/to/IMA_dataset/ISIC_0009931_A04_T3_S1_5592f3439fc3c13155145cd2.png,1,Light
ISIC_0013275,/path/to/IMA_dataset/ISIC_0013275.jpg,/path/to/IMA_dataset/ISIC_0013275_A00_T2_S1_5841e5049fc3c156c3ef3687.png,/path/to/IMA_dataset/ISIC_0013275_A00_T2_S1_5841e5049fc3c156c3ef3687.png,2,Intermediate
ISIC_0000294,/path/to/IMA_dataset/ISIC_0000294.jpg,/path/to/IMA_dataset/ISIC_0000294_ST_ST_ST_ST.png,/path/to/IMA_dataset/ISIC_0000294_A04_T1_S2_5453f813bae47821f880215a.png,1,Light
ISIC_0012907,/path/to/IMA_dataset/ISIC_0012907.jpg,/path/to/IMA_dataset/ISIC_0012907_A00_T2_S1_5841e4239fc3c156c3ef3237.png,/path/to/IMA_dataset/ISIC_0012907_A00_T2_S1_5841e4239fc3c156c3ef3237.png,2,Intermediate
ISIC_0000349,/path/to/IMA_dataset/ISIC_0000349.jpg,/path/to/IMA_dataset/ISIC_0000349_A04_T3_S1_5453bd8cbae47821f88020b5.png,/path/to/IMA_dataset/ISIC_0000349_A04_T3_S1_5453bd8cbae47821f88020b5.png,1,Light
ISIC_0014804,/path/to/IMA_dataset/ISIC_0014804.jpg,/path/to/IMA_dataset/ISIC_0014804_A00_T2_S1_5841e98e9fc3c156c3ef4872.png,/path/to/IMA_dataset/ISIC_0014804_A00_T2_S1_5841e98e9fc3c156c3ef4872.png,2,Intermediate
ISIC_0013456,/path/to/IMA_dataset/ISIC_0013456.jpg,/path/to/IMA_dataset/ISIC_0013456_A03_T3_S1_584729319fc3c10f04859ac1.png,/path/to/IMA_dataset/ISIC_0013456_A03_T3_S1_584729319fc3c10f04859ac1.png,2,Intermediate
ISIC_0012211,/path/to/IMA_dataset/ISIC_0012211.jpg,/path/to/IMA_dataset/ISIC_0012211_A00_T2_S1_5841e2809fc3c156c3ef2a0f.png,/path/to/IMA_dataset/ISIC_0012211_A00_T2_S1_5841e2809fc3c156c3ef2a0f.png,2,Intermediate
ISIC_0000351,/path/to/IMA_dataset/ISIC_0000351.jpg,/path/to/IMA_dataset/ISIC_0000351_A04_T1_S1_5453bcadbae47821f88020af.png,/path/to/IMA_dataset/ISIC_0000351_A04_T1_S1_5453bcadbae47821f88020af.png,1,Light
ISIC_0000085,/path/to/IMA_dataset/ISIC_0000085.jpg,/path/to/IMA_dataset/ISIC_0000085_A04_T3_S1_545ba857bae47821f88023cd.png,/path/to/IMA_dataset/ISIC_0000085_A04_T3_S1_545ba857bae47821f88023cd.png,1,Light
ISIC_0014855,/path/to/IMA_dataset/ISIC_0014855.jpg,/path/to/IMA_dataset/ISIC_0014855_A00_T2_S1_5841e9c89fc3c156c3ef490b.png,/path/to/IMA_dataset/ISIC_0014855_A00_T2_S1_5841e9c89fc3c156c3ef490b.png,1,Light
ISIC_0014897,/path/to/IMA_dataset/ISIC_0014897.jpg,/path/to/IMA_dataset/ISIC_0014897_A00_T2_S1_5841e9f79fc3c156c3ef4989.png,/path/to/IMA_dataset/ISIC_0014897_A00_T2_S1_5841e9f79fc3c156c3ef4989.png,1,Light
ISIC_0010467,/path/to/IMA_dataset/ISIC_0010467.jpg,/path/to/IMA_dataset/ISIC_0010467_A04_T1_S1_55a7fd829fc3c156bd715699.png,/path/to/IMA_dataset/ISIC_0010467_A04_T1_S1_55a7fd829fc3c156bd715699.png,1,Light
ISIC_0000395,/path/to/IMA_dataset/ISIC_0000395.jpg,/path/to/IMA_dataset/ISIC_0000395_ST_ST_ST_ST.png,/path/to/IMA_dataset/ISIC_0000395_A04_T1_S2_54529dedbae47821f880202b.png,2,Intermediate
ISIC_0014818,/path/to/IMA_dataset/ISIC_0014818.jpg,/path/to/IMA_dataset/ISIC_0014818_A00_T2_S1_5841e99e9fc3c156c3ef489c.png,/path/to/IMA_dataset/ISIC_0014818_A00_T2_S1_5841e99e9fc3c156c3ef489c.png,1,Light
ISIC_0013166,/path/to/IMA_dataset/ISIC_0013166.jpg,/path/to/IMA_dataset/ISIC_0013166_A00_T2_S1_5841e4c09fc3c156c3ef3540.png,/path/to/IMA_dataset/ISIC_0013166_A00_T2_S1_5841e4c09fc3c156c3ef3540.png,1,Light
ISIC_0000072,/path/to/IMA_dataset/ISIC_0000072.jpg,/path/to/IMA_dataset/ISIC_0000072_ST_ST_ST_ST.png,/path/to/IMA_dataset/ISIC_0000072_A04_T3_S2_545bc85dbae47821f88023f4.png,1,Light
ISIC_0013671,/path/to/IMA_dataset/ISIC_0013671.jpg,/path/to/IMA_dataset/ISIC_0013671_A00_T2_S1_5841e61f9fc3c156c3ef3b2b.png,/path/to/IMA_dataset/ISIC_0013671_A00_T2_S1_5841e61f9fc3c156c3ef3b2b.png,2,Intermediate
ISIC_0014642,/path/to/IMA_dataset/ISIC_0014642.jpg,/path/to/IMA_dataset/ISIC_0014642_A00_T2_S1_5841e8db9fc3c156c3ef468c.png,/path/to/IMA_dataset/ISIC_0014642_A00_T2_S1_5841e8db9fc3c156c3ef468c.png,1,Light
ISIC_0009035,/path/to/IMA_dataset/ISIC_0009035.jpg,/path/to/IMA_dataset/ISIC_0009035_A01_T3_S2_55dded789fc3c10470dbf398.png,/path/to/IMA_dataset/ISIC_0009035_A02_T1_S1_5665c3cd9fc3c12067284d4f.png,2,Intermediate
ISIC_0009909,/path/to/IMA_dataset/ISIC_0009909.jpg,/path/to/IMA_dataset/ISIC_0009909_ST_ST_ST_ST.png,/path/to/IMA_dataset/ISIC_0009909_A04_T3_S2_5592f9b89fc3c13155145d56.png,2,Intermediate
ISIC_0000522,/path/to/IMA_dataset/ISIC_0000522.jpg,/path/to/IMA_dataset/ISIC_0000522_A04_T3_S1_544e63f2bae478661558fb30.png,/path/to/IMA_dataset/ISIC_0000522_A04_T3_S1_544e63f2bae478661558fb30.png,1,Light
ISIC_0013024,/path/to/IMA_dataset/ISIC_0013024.jpg,/path/to/IMA_dataset/ISIC_0013024_ST_ST_ST_ST.png,/path/to/IMA_dataset/ISIC_0013024_A06_T1_S1_58473ecd9fc3c10f04859b72.png,1,Light
ISIC_0010863,/path/to/IMA_dataset/ISIC_0010863.jpg,/path/to/IMA_dataset/ISIC_0010863_ST_ST_ST_ST.png,/path/to/IMA_dataset/ISIC_0010863_A02_T1_S1_57c0606b9fc3c158f2bd0e6f.png,1,Light
ISIC_0011170,/path/to/IMA_dataset/ISIC_0011170.jpg,/path/to/IMA_dataset/ISIC_0011170_ST_ST_ST_ST.png,/path/to/IMA_dataset/ISIC_0011170_A06_T1_S1_568bb6109fc3c126c063ff52.png,1,Light
ISIC_0009921,/path/to/IMA_dataset/ISIC_0009921.jpg,/path/to/IMA_dataset/ISIC_0009921_A04_T1_S1_5592f5059fc3c13155145d0e.png,/path/to/IMA_dataset/ISIC_0009921_A04_T1_S1_5592f5059fc3c13155145d0e.png,0,Very Light
ISIC_0012097,/path/to/IMA_dataset/ISIC_0012097.jpg,/path/to/IMA_dataset/ISIC_0012097_A00_T2_S1_5841e2419fc3c156c3ef28b9.png,/path/to/IMA_dataset/ISIC_0012097_A00_T2_S1_5841e2419fc3c156c3ef28b9.png,1,Light
ISIC_0010173,/path/to/IMA_dataset/ISIC_0010173.jpg,/path/to/IMA_dataset/ISIC_0010173_A04_T1_S1_55a939399fc3c156bd715c57.png,/path/to/IMA_dataset/ISIC_0010173_A04_T1_S1_55a939399fc3c156bd715c57.png,2,Intermediate
ISIC_0000218,/path/to/IMA_dataset/ISIC_0000218.jpg,/path/to/IMA_dataset/ISIC_0000218_ST_ST_ST_ST.png,/path/to/IMA_dataset/ISIC_0000218_A04_T3_S2_5457fc2fbae47821f880223e.png,1,Light
ISIC_0011118,/path/to/IMA_dataset/ISIC_0011118.jpg,/path/to/IMA_dataset/ISIC_0011118_A04_T3_S1_55a01f3e9fc3c156bd714754.png,/path/to/IMA_dataset/ISIC_0011118_A04_T3_S1_55a01f3e9fc3c156bd714754.png,2,Intermediate
ISIC_0012884,/path/to/IMA_dataset/ISIC_0012884.jpg,/path/to/IMA_dataset/ISIC_0012884_A00_T2_S1_5841e4169fc3c156c3ef31f2.png,/path/to/IMA_dataset/ISIC_0012884_A00_T2_S1_5841e4169fc3c156c3ef31f2.png,1,Light
ISIC_0013740,/path/to/IMA_dataset/ISIC_0013740.jpg,/path/to/IMA_dataset/ISIC_0013740_ST_ST_ST_ST.png,/path/to/IMA_dataset/ISIC_0013740_A00_T2_S1_5841e64e9fc3c156c3ef3bfa.png,1,Light
ISIC_0014628,/path/to/IMA_dataset/ISIC_0014628.jpg,/path/to/IMA_dataset/ISIC_0014628_A00_T2_S1_5841e8d39fc3c156c3ef4662.png,/path/to/IMA_dataset/ISIC_0014628_A00_T2_S1_5841e8d39fc3c156c3ef4662.png,1,Light
ISIC_0012182,/path/to/IMA_dataset/ISIC_0012182.jpg,/path/to/IMA_dataset/ISIC_0012182_A00_T2_S1_5841e2709fc3c156c3ef29b8.png,/path/to/IMA_dataset/ISIC_0012182_A00_T2_S1_5841e2709fc3c156c3ef29b8.png,2,Intermediate
ISIC_0009942,/path/to/IMA_dataset/ISIC_0009942.jpg,/path/to/IMA_dataset/ISIC_0009942_ST_ST_ST_ST.png,/path/to/IMA_dataset/ISIC_0009942_A04_T1_S1_5592f1f09fc3c13155145c90.png,2,Intermediate
ISIC_0013836,/path/to/IMA_dataset/ISIC_0013836.jpg,/path/to/IMA_dataset/ISIC_0013836_A00_T2_S1_5841e68f9fc3c156c3ef3d1a.png,/path/to/IMA_dataset/ISIC_0013836_A00_T2_S1_5841e68f9fc3c156c3ef3d1a.png,1,Light
ISIC_0003056,/path/to/IMA_dataset/ISIC_0003056.jpg,/path/to/IMA_dataset/ISIC_0003056_A05_T1_S1_55e762159fc3c128ff23af12.png,/path/to/IMA_dataset/ISIC_0003056_A05_T1_S1_55e762159fc3c128ff23af12.png,2,Intermediate
ISIC_0015158,/path/to/IMA_dataset/ISIC_0015158.jpg,/path/to/IMA_dataset/ISIC_0015158_A09_T1_S1_5847114c9fc3c10f04859683.png,/path/to/IMA_dataset/ISIC_0015158_A09_T1_S1_5847114c9fc3c10f04859683.png,2,Intermediate
ISIC_0012690,/path/to/IMA_dataset/ISIC_0012690.jpg,/path/to/IMA_dataset/ISIC_0012690_A00_T2_S1_5841e3a59fc3c156c3ef2fac.png,/path/to/IMA_dataset/ISIC_0012690_A00_T2_S1_5841e3a59fc3c156c3ef2fac.png,2,Intermediate
ISIC_0000342,/path/to/IMA_dataset/ISIC_0000342.jpg,/path/to/IMA_dataset/ISIC_0000342_A04_T1_S1_5453c1aebae47821f88020ca.png,/path/to/IMA_dataset/ISIC_0000342_A04_T1_S1_5453c1aebae47821f88020ca.png,1,Light
ISIC_0012682,/path/to/IMA_dataset/ISIC_0012682.jpg,/path/to/IMA_dataset/ISIC_0012682_A00_T2_S1_5841e3a19fc3c156c3ef2f94.png,/path/to/IMA_dataset/ISIC_0012682_A00_T2_S1_5841e3a19fc3c156c3ef2f94.png,1,Light
ISIC_0010055,/path/to/IMA_dataset/ISIC_0010055.jpg,/path/to/IMA_dataset/ISIC_0010055_ST_ST_ST_ST.png,/path/to/IMA_dataset/ISIC_0010055_A04_T3_S2_55944d6e9fc3c13155bcaee3.png,1,Light
ISIC_0013975,/path/to/IMA_dataset/ISIC_0013975.jpg,/path/to/IMA_dataset/ISIC_0013975_ST_ST_ST_ST.png,/path/to/IMA_dataset/ISIC_0013975_A06_T1_S1_58473e0f9fc3c10f04859b67.png,2,Intermediate
ISIC_0013257,/path/to/IMA_dataset/ISIC_0013257.jpg,/path/to/IMA_dataset/ISIC_0013257_ST_ST_ST_ST.png,/path/to/IMA_dataset/ISIC_0013257_A03_T1_S1_584735ef9fc3c10f04859b01.png,1,Light
ISIC_0011098,/path/to/IMA_dataset/ISIC_0011098.jpg,/path/to/IMA_dataset/ISIC_0011098_A04_T1_S1_55a0274c9fc3c156bd7147cc.png,/path/to/IMA_dataset/ISIC_0011098_A04_T1_S1_55a0274c9fc3c156bd7147cc.png,1,Light
ISIC_0000109,/path/to/IMA_dataset/ISIC_0000109.jpg,/path/to/IMA_dataset/ISIC_0000109_A04_T3_S1_545a9258bae47821f8802385.png,/path/to/IMA_dataset/ISIC_0000109_A04_T3_S1_545a9258bae47821f8802385.png,1,Light
ISIC_0012382,/path/to/IMA_dataset/ISIC_0012382.jpg,/path/to/IMA_dataset/ISIC_0012382_A00_T2_S1_5841e2eb9fc3c156c3ef2c10.png,/path/to/IMA_dataset/ISIC_0012382_A00_T2_S1_5841e2eb9fc3c156c3ef2c10.png,2,Intermediate
ISIC_0013329,/path/to/IMA_dataset/ISIC_0013329.jpg,/path/to/IMA_dataset/ISIC_0013329_A00_T2_S1_5841e52c9fc3c156c3ef3729.png,/path/to/IMA_dataset/ISIC_0013329_A00_T2_S1_5841e52c9fc3c156c3ef3729.png,1,Light
ISIC_0013578,/path/to/IMA_dataset/ISIC_0013578.jpg,/path/to/IMA_dataset/ISIC_0013578_A00_T2_S1_5841e5de9fc3c156c3ef3a14.png,/path/to/IMA_dataset/ISIC_0013578_A00_T2_S1_5841e5de9fc3c156c3ef3a14.png,2,Intermediate
ISIC_0008552,/path/to/IMA_dataset/ISIC_0008552.jpg,/path/to/IMA_dataset/ISIC_0008552_A01_T3_S2_55df14c49fc3c10470dc060a.png,/path/to/IMA_dataset/ISIC_0008552_A02_T3_S1_56659e599fc3c147bbd6af32.png,1,Light
ISIC_0010022,/path/to/IMA_dataset/ISIC_0010022.jpg,/path/to/IMA_dataset/ISIC_0010022_A04_T1_S1_5594562c9fc3c13155bcafa9.png,/path/to/IMA_dataset/ISIC_0010022_A04_T1_S1_5594562c9fc3c13155bcafa9.png,1,Light
ISIC_0013370,/path/to/IMA_dataset/ISIC_0013370.jpg,/path/to/IMA_dataset/ISIC_0013370_A00_T2_S1_5841e54a9fc3c156c3ef37a4.png,/path/to/IMA_dataset/ISIC_0013370_A00_T2_S1_5841e54a9fc3c156c3ef37a4.png,1,Light
ISIC_0000148,/path/to/IMA_dataset/ISIC_0000148.jpg,/path/to/IMA_dataset/ISIC_0000148_A04_T1_S1_545a5471bae47821f8802310.png,/path/to/IMA_dataset/ISIC_0000148_A04_T1_S1_545a5471bae47821f8802310.png,1,Light
ISIC_0002251,/path/to/IMA_dataset/ISIC_0002251.jpg,/path/to/IMA_dataset/ISIC_0002251_A04_T1_S1_54fa0339bae47807dbb0d964.png,/path/to/IMA_dataset/ISIC_0002251_A04_T1_S1_54fa0339bae47807dbb0d964.png,2,Intermediate
ISIC_0000543,/path/to/IMA_dataset/ISIC_0000543.jpg,/path/to/IMA_dataset/ISIC_0000543_ST_ST_ST_ST.png,/path/to/IMA_dataset/ISIC_0000543_A04_T3_S2_544a6c7fbae478661558faf1.png,1,Light
ISIC_0013012,/path/to/IMA_dataset/ISIC_0013012.jpg,/path/to/IMA_dataset/ISIC_0013012_A00_T2_S1_5841e4639fc3c156c3ef3372.png,/path/to/IMA_dataset/ISIC_0013012_A00_T2_S1_5841e4639fc3c156c3ef3372.png,1,Light
ISIC_0012227,/path/to/IMA_dataset/ISIC_0012227.jpg,/path/to/IMA_dataset/ISIC_0012227_A03_T1_S1_58472f5f9fc3c10f04859ae5.png,/path/to/IMA_dataset/ISIC_0012227_A03_T1_S1_58472f5f9fc3c10f04859ae5.png,1,Light
ISIC_0000323,/path/to/IMA_dataset/ISIC_0000323.jpg,/path/to/IMA_dataset/ISIC_0000323_A04_T1_S1_5453d1bebae47821f8802103.png,/path/to/IMA_dataset/ISIC_0000323_A04_T1_S1_5453d1bebae47821f8802103.png,1,Light
ISIC_0008207,/path/to/IMA_dataset/ISIC_0008207.jpg,/path/to/IMA_dataset/ISIC_0008207_A01_T3_S1_55df4f199fc3c10470dc139c.png,/path/to/IMA_dataset/ISIC_0008207_A01_T3_S1_55df4f199fc3c10470dc139c.png,2,Intermediate
ISIC_0012969,/path/to/IMA_dataset/ISIC_0012969.jpg,/path/to/IMA_dataset/ISIC_0012969_ST_ST_ST_ST.png,/path/to/IMA_dataset/ISIC_0012969_A06_T1_S1_58473c6b9fc3c10f04859b4c.png,2,Intermediate
ISIC_0000540,/path/to/IMA_dataset/ISIC_0000540.jpg,/path/to/IMA_dataset/ISIC_0000540_A04_T3_S1_544a782cbae478661558fafa.png,/path/to/IMA_dataset/ISIC_0000540_A04_T3_S1_544a782cbae478661558fafa.png,1,Light
ISIC_0014602,/path/to/IMA_dataset/ISIC_0014602.jpg,/path/to/IMA_dataset/ISIC_0014602_A03_T1_S1_584719429fc3c10f0485999a.png,/path/to/IMA_dataset/ISIC_0014602_A03_T1_S1_584719429fc3c10f0485999a.png,1,Light
ISIC_0011353,/path/to/IMA_dataset/ISIC_0011353.jpg,/path/to/IMA_dataset/ISIC_0011353_A04_T3_S1_55a948f29fc3c156bd715da1.png,/path/to/IMA_dataset/ISIC_0011353_A04_T3_S1_55a948f29fc3c156bd715da1.png,1,Light
ISIC_0009897,/path/to/IMA_dataset/ISIC_0009897.jpg,/path/to/IMA_dataset/ISIC_0009897_A04_T3_S1_5592faea9fc3c13155145d9e.png,/path/to/IMA_dataset/ISIC_0009897_A04_T3_S1_5592faea9fc3c13155145d9e.png,1,Light
ISIC_0010357,/path/to/IMA_dataset/ISIC_0010357.jpg,/path/to/IMA_dataset/ISIC_0010357_A04_T1_S1_55a9139f9fc3c156bd71592d.png,/path/to/IMA_dataset/ISIC_0010357_A04_T1_S1_55a9139f9fc3c156bd71592d.png,1,Light
ISIC_0014325,/path/to/IMA_dataset/ISIC_0014325.jpg,/path/to/IMA_dataset/ISIC_0014325_A00_T2_S1_5841e7fb9fc3c156c3ef42d5.png,/path/to/IMA_dataset/ISIC_0014325_A00_T2_S1_5841e7fb9fc3c156c3ef42d5.png,2,Intermediate
ISIC_0014640,/path/to/IMA_dataset/ISIC_0014640.jpg,/path/to/IMA_dataset/ISIC_0014640_A00_T2_S1_5841e8da9fc3c156c3ef4686.png,/path/to/IMA_dataset/ISIC_0014640_A00_T2_S1_5841e8da9fc3c156c3ef4686.png,1,Light
ISIC_0014229,/path/to/IMA_dataset/ISIC_0014229.jpg,/path/to/IMA_dataset/ISIC_0014229_A00_T2_S1_5841e7b29fc3c156c3ef41b5.png,/path/to/IMA_dataset/ISIC_0014229_A00_T2_S1_5841e7b29fc3c156c3ef41b5.png,2,Intermediate
ISIC_0012657,/path/to/IMA_dataset/ISIC_0012657.jpg,/path/to/IMA_dataset/ISIC_0012657_A00_T2_S1_5841e3949fc3c156c3ef2f49.png,/path/to/IMA_dataset/ISIC_0012657_A00_T2_S1_5841e3949fc3c156c3ef2f49.png,1,Light
ISIC_0002206,/path/to/IMA_dataset/ISIC_0002206.jpg,/path/to/IMA_dataset/ISIC_0002206_ST_ST_ST_ST.png,/path/to/IMA_dataset/ISIC_0002206_A06_T1_S1_568b37d39fc3c126c063fee0.png,2,Intermediate
ISIC_0014316,/path/to/IMA_dataset/ISIC_0014316.jpg,/path/to/IMA_dataset/ISIC_0014316_A00_T2_S1_5841e7f49fc3c156c3ef42ba.png,/path/to/IMA_dataset/ISIC_0014316_A00_T2_S1_5841e7f49fc3c156c3ef42ba.png,2,Intermediate
ISIC_0014843,/path/to/IMA_dataset/ISIC_0014843.jpg,/path/to/IMA_dataset/ISIC_0014843_ST_ST_ST_ST.png,/path/to/IMA_dataset/ISIC_0014843_A00_T2_S1_5841e9ba9fc3c156c3ef48e7.png,2,Intermediate
ISIC_0011110,/path/to/IMA_dataset/ISIC_0011110.jpg,/path/to/IMA_dataset/ISIC_0011110_ST_ST_ST_ST.png,/path/to/IMA_dataset/ISIC_0011110_A04_T1_S1_55a0206a9fc3c156bd714784.png,1,Light
ISIC_0013249,/path/to/IMA_dataset/ISIC_0013249.jpg,/path/to/IMA_dataset/ISIC_0013249_ST_ST_ST_ST.png,/path/to/IMA_dataset/ISIC_0013249_A03_T1_S1_584734e19fc3c10f04859af9.png,3,Tan
ISIC_0000122,/path/to/IMA_dataset/ISIC_0000122.jpg,/path/to/IMA_dataset/ISIC_0000122_ST_ST_ST_ST.png,/path/to/IMA_dataset/ISIC_0000122_A04_T3_S2_545a76d3bae47821f880235e.png,1,Light
ISIC_0000393,/path/to/IMA_dataset/ISIC_0000393.jpg,/path/to/IMA_dataset/ISIC_0000393_ST_ST_ST_ST.png,/path/to/IMA_dataset/ISIC_0000393_A04_T3_S2_54529f8fbae47821f8802031.png,2,Intermediate
ISIC_0014694,/path/to/IMA_dataset/ISIC_0014694.jpg,/path/to/IMA_dataset/ISIC_0014694_A00_T2_S1_5841e9109fc3c156c3ef4728.png,/path/to/IMA_dataset/ISIC_0014694_A00_T2_S1_5841e9109fc3c156c3ef4728.png,1,Light
ISIC_0010847,/path/to/IMA_dataset/ISIC_0010847.jpg,/path/to/IMA_dataset/ISIC_0010847_ST_ST_ST_ST.png,/path/to/IMA_dataset/ISIC_0010847_A02_T1_S1_57c0604b9fc3c158f2bd0e6e.png,1,Light
ISIC_0014475,/path/to/IMA_dataset/ISIC_0014475.jpg,/path/to/IMA_dataset/ISIC_0014475_ST_ST_ST_ST.png,/path/to/IMA_dataset/ISIC_0014475_A03_T3_S1_5847286d9fc3c10f04859aba.png,1,Light
ISIC_0012768,/path/to/IMA_dataset/ISIC_0012768.jpg,/path/to/IMA_dataset/ISIC_0012768_ST_ST_ST_ST.png,/path/to/IMA_dataset/ISIC_0012768_A03_T1_S1_584734769fc3c10f04859af6.png,2,Intermediate
ISIC_0000223,/path/to/IMA_dataset/ISIC_0000223.jpg,/path/to/IMA_dataset/ISIC_0000223_A04_T3_S1_5457fb1ebae47821f880222f.png,/path/to/IMA_dataset/ISIC_0000223_A04_T3_S1_5457fb1ebae47821f880222f.png,1,Light
ISIC_0014911,/path/to/IMA_dataset/ISIC_0014911.jpg,/path/to/IMA_dataset/ISIC_0014911_ST_ST_ST_ST.png,/path/to/IMA_dataset/ISIC_0014911_A09_T1_S1_584719bb9fc3c10f048599c4.png,1,Light
ISIC_0000466,/path/to/IMA_dataset/ISIC_0000466.jpg,/path/to/IMA_dataset/ISIC_0000466_ST_ST_ST_ST.png,/path/to/IMA_dataset/ISIC_0000466_A03_T1_S1_57be0e4c9fc3c1434763a32d.png,1,Light
ISIC_0000431,/path/to/IMA_dataset/ISIC_0000431.jpg,/path/to/IMA_dataset/ISIC_0000431_ST_ST_ST_ST.png,/path/to/IMA_dataset/ISIC_0000431_A04_T3_S2_54515094bae47821f8801fbf.png,2,Intermediate
ISIC_0012702,/path/to/IMA_dataset/ISIC_0012702.jpg,/path/to/IMA_dataset/ISIC_0012702_ST_ST_ST_ST.png,/path/to/IMA_dataset/ISIC_0012702_A00_T2_S1_5841e3ab9fc3c156c3ef2fd0.png,2,Intermediate
ISIC_0013079,/path/to/IMA_dataset/ISIC_0013079.jpg,/path/to/IMA_dataset/ISIC_0013079_ST_ST_ST_ST.png,/path/to/IMA_dataset/ISIC_0013079_A03_T1_S1_584738909fc3c10f04859b16.png,1,Light
ISIC_0014793,/path/to/IMA_dataset/ISIC_0014793.jpg,/path/to/IMA_dataset/ISIC_0014793_A00_T2_S1_5841e9829fc3c156c3ef4851.png,/path/to/IMA_dataset/ISIC_0014793_A00_T2_S1_5841e9829fc3c156c3ef4851.png,1,Light
ISIC_0015082,/path/to/IMA_dataset/ISIC_0015082.jpg,/path/to/IMA_dataset/ISIC_0015082_A00_T2_S1_5841ead39fc3c156c3ef4bb4.png,/path/to/IMA_dataset/ISIC_0015082_A00_T2_S1_5841ead39fc3c156c3ef4bb4.png,2,Intermediate
ISIC_0011123,/path/to/IMA_dataset/ISIC_0011123.jpg,/path/to/IMA_dataset/ISIC_0011123_A04_T3_S1_55a01e8a9fc3c156bd714736.png,/path/to/IMA_dataset/ISIC_0011123_A04_T3_S1_55a01e8a9fc3c156bd714736.png,1,Light
ISIC_0014708,/path/to/IMA_dataset/ISIC_0014708.jpg,/path/to/IMA_dataset/ISIC_0014708_A00_T2_S1_5841e9209fc3c156c3ef4752.png,/path/to/IMA_dataset/ISIC_0014708_A00_T2_S1_5841e9209fc3c156c3ef4752.png,1,Light
ISIC_0000321,/path/to/IMA_dataset/ISIC_0000321.jpg,/path/to/IMA_dataset/ISIC_0000321_A04_T1_S1_5453d365bae47821f8802109.png,/path/to/IMA_dataset/ISIC_0000321_A04_T1_S1_5453d365bae47821f8802109.png,1,Light
ISIC_0000216,/path/to/IMA_dataset/ISIC_0000216.jpg,/path/to/IMA_dataset/ISIC_0000216_ST_ST_ST_ST.png,/path/to/IMA_dataset/ISIC_0000216_A06_T3_S1_568b2ef79fc3c126c063fea4.png,1,Light
ISIC_0012855,/path/to/IMA_dataset/ISIC_0012855.jpg,/path/to/IMA_dataset/ISIC_0012855_A00_T2_S1_5841e4049fc3c156c3ef319b.png,/path/to/IMA_dataset/ISIC_0012855_A00_T2_S1_5841e4049fc3c156c3ef319b.png,1,Light
ISIC_0010480,/path/to/IMA_dataset/ISIC_0010480.jpg,/path/to/IMA_dataset/ISIC_0010480_A04_T1_S1_55a7f9b19fc3c156bd71564b.png,/path/to/IMA_dataset/ISIC_0010480_A04_T1_S1_55a7f9b19fc3c156bd71564b.png,1,Light
ISIC_0013801,/path/to/IMA_dataset/ISIC_0013801.jpg,/path/to/IMA_dataset/ISIC_0013801_ST_ST_ST_ST.png,/path/to/IMA_dataset/ISIC_0013801_A00_T2_S1_5841e6779fc3c156c3ef3cb1.png,2,Intermediate
ISIC_0010185,/path/to/IMA_dataset/ISIC_0010185.jpg,/path/to/IMA_dataset/ISIC_0010185_A04_T3_S1_55a92ef99fc3c156bd715c0f.png,/path/to/IMA_dataset/ISIC_0010185_A04_T3_S1_55a92ef99fc3c156bd715c0f.png,2,Intermediate
ISIC_0014114,/path/to/IMA_dataset/ISIC_0014114.jpg,/path/to/IMA_dataset/ISIC_0014114_ST_ST_ST_ST.png,/path/to/IMA_dataset/ISIC_0014114_A06_T1_S1_58473f1c9fc3c10f04859b76.png,1,Light
ISIC_0009966,/path/to/IMA_dataset/ISIC_0009966.jpg,/path/to/IMA_dataset/ISIC_0009966_A04_T3_S1_5592eefd9fc3c13155145c00.png,/path/to/IMA_dataset/ISIC_0009966_A04_T3_S1_5592eefd9fc3c13155145c00.png,1,Light
ISIC_0013695,/path/to/IMA_dataset/ISIC_0013695.jpg,/path/to/IMA_dataset/ISIC_0013695_A00_T2_S1_5841e6309fc3c156c3ef3b73.png,/path/to/IMA_dataset/ISIC_0013695_A00_T2_S1_5841e6309fc3c156c3ef3b73.png,2,Intermediate
ISIC_0009877,/path/to/IMA_dataset/ISIC_0009877.jpg,/path/to/IMA_dataset/ISIC_0009877_A04_T3_S1_559300c99fc3c13155145f71.png,/path/to/IMA_dataset/ISIC_0009877_A04_T3_S1_559300c99fc3c13155145f71.png,0,Very Light
ISIC_0013777,/path/to/IMA_dataset/ISIC_0013777.jpg,/path/to/IMA_dataset/ISIC_0013777_A00_T2_S1_5841e6689fc3c156c3ef3c69.png,/path/to/IMA_dataset/ISIC_0013777_A00_T2_S1_5841e6689fc3c156c3ef3c69.png,2,Intermediate
ISIC_0011146,/path/to/IMA_dataset/ISIC_0011146.jpg,/path/to/IMA_dataset/ISIC_0011146_A04_T1_S1_55a01baf9fc3c156bd7146ac.png,/path/to/IMA_dataset/ISIC_0011146_A04_T1_S1_55a01baf9fc3c156bd7146ac.png,2,Intermediate
ISIC_0013684,/path/to/IMA_dataset/ISIC_0013684.jpg,/path/to/IMA_dataset/ISIC_0013684_A03_T1_S1_5847260e9fc3c10f04859aa3.png,/path/to/IMA_dataset/ISIC_0013684_A03_T1_S1_5847260e9fc3c10f04859aa3.png,2,Intermediate
ISIC_0011215,/path/to/IMA_dataset/ISIC_0011215.jpg,/path/to/IMA_dataset/ISIC_0011215_A04_T3_S1_559ff4e09fc3c156bd71434f.png,/path/to/IMA_dataset/ISIC_0011215_A04_T3_S1_559ff4e09fc3c156bd71434f.png,1,Light
ISIC_0014004,/path/to/IMA_dataset/ISIC_0014004.jpg,/path/to/IMA_dataset/ISIC_0014004_A00_T2_S1_5841e7029fc3c156c3ef3f12.png,/path/to/IMA_dataset/ISIC_0014004_A00_T2_S1_5841e7029fc3c156c3ef3f12.png,1,Light
ISIC_0011136,/path/to/IMA_dataset/ISIC_0011136.jpg,/path/to/IMA_dataset/ISIC_0011136_A04_T1_S1_55a01d169fc3c156bd7146e8.png,/path/to/IMA_dataset/ISIC_0011136_A04_T1_S1_55a01d169fc3c156bd7146e8.png,1,Light
ISIC_0011082,/path/to/IMA_dataset/ISIC_0011082.jpg,/path/to/IMA_dataset/ISIC_0011082_A04_T3_S1_55a53e369fc3c156bd71482c.png,/path/to/IMA_dataset/ISIC_0011082_A04_T3_S1_55a53e369fc3c156bd71482c.png,1,Light
ISIC_0000003,/path/to/IMA_dataset/ISIC_0000003.jpg,/path/to/IMA_dataset/ISIC_0000003_A04_T3_S1_545d0aeabae47821f880255c.png,/path/to/IMA_dataset/ISIC_0000003_A04_T3_S1_545d0aeabae47821f880255c.png,1,Light
ISIC_0010017,/path/to/IMA_dataset/ISIC_0010017.jpg,/path/to/IMA_dataset/ISIC_0010017_ST_ST_ST_ST.png,/path/to/IMA_dataset/ISIC_0010017_A04_T3_S2_5592cb329fc3c131551455dc.png,1,Light
ISIC_0012209,/path/to/IMA_dataset/ISIC_0012209.jpg,/path/to/IMA_dataset/ISIC_0012209_ST_ST_ST_ST.png,/path/to/IMA_dataset/ISIC_0012209_A09_T1_S1_58471f6e9fc3c10f04859a78.png,2,Intermediate
ISIC_0013126,/path/to/IMA_dataset/ISIC_0013126.jpg,/path/to/IMA_dataset/ISIC_0013126_A00_T2_S1_5841e4a99fc3c156c3ef34c8.png,/path/to/IMA_dataset/ISIC_0013126_A00_T2_S1_5841e4a99fc3c156c3ef34c8.png,1,Light
ISIC_0000476,/path/to/IMA_dataset/ISIC_0000476.jpg,/path/to/IMA_dataset/ISIC_0000476_ST_ST_ST_ST.png,/path/to/IMA_dataset/ISIC_0000476_A04_T3_S2_5450fef9bae47821f8801f32.png,1,Light
ISIC_0013364,/path/to/IMA_dataset/ISIC_0013364.jpg,/path/to/IMA_dataset/ISIC_0013364_A00_T2_S1_5841e5469fc3c156c3ef3792.png,/path/to/IMA_dataset/ISIC_0013364_A00_T2_S1_5841e5469fc3c156c3ef3792.png,2,Intermediate
ISIC_0012450,/path/to/IMA_dataset/ISIC_0012450.jpg,/path/to/IMA_dataset/ISIC_0012450_A00_T2_S1_5841e3179fc3c156c3ef2cdc.png,/path/to/IMA_dataset/ISIC_0012450_A00_T2_S1_5841e3179fc3c156c3ef2cdc.png,2,Intermediate
ISIC_0000036,/path/to/IMA_dataset/ISIC_0000036.jpg,/path/to/IMA_dataset/ISIC_0000036_A04_T1_S1_545bda61bae47821f8802460.png,/path/to/IMA_dataset/ISIC_0000036_A04_T1_S1_545bda61bae47821f8802460.png,0,Very Light
ISIC_0009955,/path/to/IMA_dataset/ISIC_0009955.jpg,/path/to/IMA_dataset/ISIC_0009955_ST_ST_ST_ST.png,/path/to/IMA_dataset/ISIC_0009955_A04_T1_S1_5592f02a9fc3c13155145c42.png,1,Light
ISIC_0014131,/path/to/IMA_dataset/ISIC_0014131.jpg,/path/to/IMA_dataset/ISIC_0014131_ST_ST_ST_ST.png,/path/to/IMA_dataset/ISIC_0014131_A03_T1_S1_58473ab49fc3c10f04859b32.png,2,Intermediate
ISIC_0013815,/path/to/IMA_dataset/ISIC_0013815.jpg,/path/to/IMA_dataset/ISIC_0013815_A00_T2_S1_5841e6809fc3c156c3ef3cdb.png,/path/to/IMA_dataset/ISIC_0013815_A00_T2_S1_5841e6809fc3c156c3ef3cdb.png,1,Light
ISIC_0010853,/path/to/IMA_dataset/ISIC_0010853.jpg,/path/to/IMA_dataset/ISIC_0010853_A04_T3_S1_55a699679fc3c156bd714d8a.png,/path/to/IMA_dataset/ISIC_0010853_A04_T3_S1_55a699679fc3c156bd714d8a.png,1,Light
ISIC_0013689,/path/to/IMA_dataset/ISIC_0013689.jpg,/path/to/IMA_dataset/ISIC_0013689_A00_T2_S1_5841e62b9fc3c156c3ef3b61.png,/path/to/IMA_dataset/ISIC_0013689_A00_T2_S1_5841e62b9fc3c156c3ef3b61.png,3,Tan
ISIC_0000176,/path/to/IMA_dataset/ISIC_0000176.jpg,/path/to/IMA_dataset/ISIC_0000176_A04_T3_S1_54591860bae47821f88022bc.png,/path/to/IMA_dataset/ISIC_0000176_A04_T3_S1_54591860bae47821f88022bc.png,1,Light
ISIC_0010333,/path/to/IMA_dataset/ISIC_0010333.jpg,/path/to/IMA_dataset/ISIC_0010333_A04_T1_S1_55a91dec9fc3c156bd7159bd.png,/path/to/IMA_dataset/ISIC_0010333_A04_T1_S1_55a91dec9fc3c156bd7159bd.png,1,Light
ISIC_0013129,/path/to/IMA_dataset/ISIC_0013129.jpg,/path/to/IMA_dataset/ISIC_0013129_A03_T1_S1_58473f3a9fc3c10f04859b78.png,/path/to/IMA_dataset/ISIC_0013129_A03_T1_S1_58473f3a9fc3c10f04859b78.png,2,Intermediate
ISIC_0013927,/path/to/IMA_dataset/ISIC_0013927.jpg,/path/to/IMA_dataset/ISIC_0013927_A00_T2_S1_5841e6ce9fc3c156c3ef3e2b.png,/path/to/IMA_dataset/ISIC_0013927_A00_T2_S1_5841e6ce9fc3c156c3ef3e2b.png,2,Intermediate
ISIC_0012508,/path/to/IMA_dataset/ISIC_0012508.jpg,/path/to/IMA_dataset/ISIC_0012508_A00_T2_S1_5841e3459fc3c156c3ef2d8a.png,/path/to/IMA_dataset/ISIC_0012508_A00_T2_S1_5841e3459fc3c156c3ef2d8a.png,2,Intermediate
ISIC_0012944,/path/to/IMA_dataset/ISIC_0012944.jpg,/path/to/IMA_dataset/ISIC_0012944_A00_T2_S1_5841e43a9fc3c156c3ef32a6.png,/path/to/IMA_dataset/ISIC_0012944_A00_T2_S1_5841e43a9fc3c156c3ef32a6.png,2,Intermediate
ISIC_0000127,/path/to/IMA_dataset/ISIC_0000127.jpg,/path/to/IMA_dataset/ISIC_0000127_A04_T1_S1_545a6f2fbae47821f880234f.png,/path/to/IMA_dataset/ISIC_0000127_A04_T1_S1_545a6f2fbae47821f880234f.png,1,Light
ISIC_0010182,/path/to/IMA_dataset/ISIC_0010182.jpg,/path/to/IMA_dataset/ISIC_0010182_A04_T3_S1_55a938679fc3c156bd715c21.png,/path/to/IMA_dataset/ISIC_0010182_A04_T3_S1_55a938679fc3c156bd715c21.png,1,Light
ISIC_0013213,/path/to/IMA_dataset/ISIC_0013213.jpg,/path/to/IMA_dataset/ISIC_0013213_A00_T2_S1_5841e4db9fc3c156c3ef35cd.png,/path/to/IMA_dataset/ISIC_0013213_A00_T2_S1_5841e4db9fc3c156c3ef35cd.png,2,Intermediate
ISIC_0002439,/path/to/IMA_dataset/ISIC_0002439.jpg,/path/to/IMA_dataset/ISIC_0002439_A04_T3_S1_54ee1bbcbae47871b5e03245.png,/path/to/IMA_dataset/ISIC_0002439_A04_T3_S1_54ee1bbcbae47871b5e03245.png,2,Intermediate
ISIC_0011166,/path/to/IMA_dataset/ISIC_0011166.jpg,/path/to/IMA_dataset/ISIC_0011166_A04_T3_S1_55a0081d9fc3c156bd71460f.png,/path/to/IMA_dataset/ISIC_0011166_A04_T3_S1_55a0081d9fc3c156bd71460f.png,1,Light
ISIC_0009891,/path/to/IMA_dataset/ISIC_0009891.jpg,/path/to/IMA_dataset/ISIC_0009891_A04_T3_S1_5592ff6d9fc3c13155145f1d.png,/path/to/IMA_dataset/ISIC_0009891_A04_T3_S1_5592ff6d9fc3c13155145f1d.png,1,Light
ISIC_0013118,/path/to/IMA_dataset/ISIC_0013118.jpg,/path/to/IMA_dataset/ISIC_0013118_A00_T2_S1_5841e4a49fc3c156c3ef34b0.png,/path/to/IMA_dataset/ISIC_0013118_A00_T2_S1_5841e4a49fc3c156c3ef34b0.png,2,Intermediate
ISIC_0000369,/path/to/IMA_dataset/ISIC_0000369.jpg,/path/to/IMA_dataset/ISIC_0000369_A04_T3_S1_5453adf9bae47821f8802079.png,/path/to/IMA_dataset/ISIC_0000369_A04_T3_S1_5453adf9bae47821f8802079.png,1,Light
ISIC_0010171,/path/to/IMA_dataset/ISIC_0010171.jpg,/path/to/IMA_dataset/ISIC_0010171_ST_ST_ST_ST.png,/path/to/IMA_dataset/ISIC_0010171_A03_T1_S1_57be141b9fc3c1434763a351.png,1,Light
ISIC_0010265,/path/to/IMA_dataset/ISIC_0010265.jpg,/path/to/IMA_dataset/ISIC_0010265_A04_T3_S1_55a9213b9fc3c156bd715a2f.png,/path/to/IMA_dataset/ISIC_0010265_A04_T3_S1_55a9213b9fc3c156bd715a2f.png,1,Light
ISIC_0010075,/path/to/IMA_dataset/ISIC_0010075.jpg,/path/to/IMA_dataset/ISIC_0010075_A04_T1_S1_559445d99fc3c13155bcae68.png,/path/to/IMA_dataset/ISIC_0010075_A04_T1_S1_559445d99fc3c13155bcae68.png,1,Light
ISIC_0014366,/path/to/IMA_dataset/ISIC_0014366.jpg,/path/to/IMA_dataset/ISIC_0014366_A00_T2_S1_5841e81a9fc3c156c3ef4350.png,/path/to/IMA_dataset/ISIC_0014366_A00_T2_S1_5841e81a9fc3c156c3ef4350.png,2,Intermediate
ISIC_0000226,/path/to/IMA_dataset/ISIC_0000226.jpg,/path/to/IMA_dataset/ISIC_0000226_ST_ST_ST_ST.png,/path/to/IMA_dataset/ISIC_0000226_A04_T3_S2_5457f9fbbae47821f8802226.png,1,Light
ISIC_0014929,/path/to/IMA_dataset/ISIC_0014929.jpg,/path/to/IMA_dataset/ISIC_0014929_A00_T2_S1_5841ea1c9fc3c156c3ef49e9.png,/path/to/IMA_dataset/ISIC_0014929_A00_T2_S1_5841ea1c9fc3c156c3ef49e9.png,1,Light
ISIC_0001118,/path/to/IMA_dataset/ISIC_0001118.jpg,/path/to/IMA_dataset/ISIC_0001118_A04_T1_S1_54e768ffbae47850e86ce201.png,/path/to/IMA_dataset/ISIC_0001118_A04_T1_S1_54e768ffbae47850e86ce201.png,1,Light
ISIC_0013397,/path/to/IMA_dataset/ISIC_0013397.jpg,/path/to/IMA_dataset/ISIC_0013397_A03_T1_S1_58472a7a9fc3c10f04859ad1.png,/path/to/IMA_dataset/ISIC_0013397_A03_T1_S1_58472a7a9fc3c10f04859ad1.png,2,Intermediate
ISIC_0010047,/path/to/IMA_dataset/ISIC_0010047.jpg,/path/to/IMA_dataset/ISIC_0010047_A04_T1_S1_55944e2f9fc3c13155bcaf13.png,/path/to/IMA_dataset/ISIC_0010047_A04_T1_S1_55944e2f9fc3c13155bcaf13.png,1,Light
ISIC_0000516,/path/to/IMA_dataset/ISIC_0000516.jpg,/path/to/IMA_dataset/ISIC_0000516_ST_ST_ST_ST.png,/path/to/IMA_dataset/ISIC_0000516_A04_T3_S2_544e6a95bae478661558fb42.png,1,Light
ISIC_0013816,/path/to/IMA_dataset/ISIC_0013816.jpg,/path/to/IMA_dataset/ISIC_0013816_ST_ST_ST_ST.png,/path/to/IMA_dataset/ISIC_0013816_A03_T1_S1_584739229fc3c10f04859b1e.png,3,Tan
ISIC_0000152,/path/to/IMA_dataset/ISIC_0000152.jpg,/path/to/IMA_dataset/ISIC_0000152_A04_T3_S1_545a4128bae47821f8802304.png,/path/to/IMA_dataset/ISIC_0000152_A04_T3_S1_545a4128bae47821f8802304.png,1,Light
ISIC_0000426,/path/to/IMA_dataset/ISIC_0000426.jpg,/path/to/IMA_dataset/ISIC_0000426_ST_ST_ST_ST.png,/path/to/IMA_dataset/ISIC_0000426_A04_T3_S2_54523d06bae47821f8801fce.png,1,Light
ISIC_0000133,/path/to/IMA_dataset/ISIC_0000133.jpg,/path/to/IMA_dataset/ISIC_0000133_ST_ST_ST_ST.png,/path/to/IMA_dataset/ISIC_0000133_A04_T3_S2_545a675cbae47821f880233d.png,2,Intermediate
ISIC_0009188,/path/to/IMA_dataset/ISIC_0009188.jpg,/path/to/IMA_dataset/ISIC_0009188_A01_T3_S2_55ddd64c9fc3c10470dbed74.png,/path/to/IMA_dataset/ISIC_0009188_A02_T1_S1_5668c2319fc3c14011cd77b0.png,1,Light
ISIC_0011207,/path/to/IMA_dataset/ISIC_0011207.jpg,/path/to/IMA_dataset/ISIC_0011207_A04_T1_S1_559ff6049fc3c156bd714398.png,/path/to/IMA_dataset/ISIC_0011207_A04_T1_S1_559ff6049fc3c156bd714398.png,1,Light
ISIC_0012888,/path/to/IMA_dataset/ISIC_0012888.jpg,/path/to/IMA_dataset/ISIC_0012888_A00_T2_S1_5841e4189fc3c156c3ef31fe.png,/path/to/IMA_dataset/ISIC_0012888_A00_T2_S1_5841e4189fc3c156c3ef31fe.png,1,Light
ISIC_0001119,/path/to/IMA_dataset/ISIC_0001119.jpg,/path/to/IMA_dataset/ISIC_0001119_ST_ST_ST_ST.png,/path/to/IMA_dataset/ISIC_0001119_A04_T3_S2_54e768a6bae47850e86ce1fb.png,2,Intermediate
ISIC_0000336,/path/to/IMA_dataset/ISIC_0000336.jpg,/path/to/IMA_dataset/ISIC_0000336_ST_ST_ST_ST.png,/path/to/IMA_dataset/ISIC_0000336_A04_T3_S2_5453c4f8bae47821f88020dc.png,2,Intermediate
ISIC_0000179,/path/to/IMA_dataset/ISIC_0000179.jpg,/path/to/IMA_dataset/ISIC_0000179_A04_T3_S1_545915bdbae47821f88022b3.png,/path/to/IMA_dataset/ISIC_0000179_A04_T3_S1_545915bdbae47821f88022b3.png,1,Light
ISIC_0010244,/path/to/IMA_dataset/ISIC_0010244.jpg,/path/to/IMA_dataset/ISIC_0010244_ST_ST_ST_ST.png,/path/to/IMA_dataset/ISIC_0010244_A04_T3_S2_55a923fa9fc3c156bd715aad.png,1,Light
ISIC_0012415,/path/to/IMA_dataset/ISIC_0012415.jpg,/path/to/IMA_dataset/ISIC_0012415_A03_T1_S1_58472e159fc3c10f04859ade.png,/path/to/IMA_dataset/ISIC_0012415_A03_T1_S1_58472e159fc3c10f04859ade.png,2,Intermediate
ISIC_0000368,/path/to/IMA_dataset/ISIC_0000368.jpg,/path/to/IMA_dataset/ISIC_0000368_A04_T1_S1_5453ae45bae47821f880207c.png,/path/to/IMA_dataset/ISIC_0000368_A04_T1_S1_5453ae45bae47821f880207c.png,1,Light
ISIC_0012711,/path/to/IMA_dataset/ISIC_0012711.jpg,/path/to/IMA_dataset/ISIC_0012711_A00_T2_S1_5841e3b09fc3c156c3ef2feb.png,/path/to/IMA_dataset/ISIC_0012711_A00_T2_S1_5841e3b09fc3c156c3ef2feb.png,1,Light
ISIC_0012529,/path/to/IMA_dataset/ISIC_0012529.jpg,/path/to/IMA_dataset/ISIC_0012529_A00_T2_S1_5841e3549fc3c156c3ef2dc9.png,/path/to/IMA_dataset/ISIC_0012529_A00_T2_S1_5841e3549fc3c156c3ef2dc9.png,2,Intermediate
ISIC_0014583,/path/to/IMA_dataset/ISIC_0014583.jpg,/path/to/IMA_dataset/ISIC_0014583_A03_T3_S1_584719129fc3c10f0485998b.png,/path/to/IMA_dataset/ISIC_0014583_A03_T3_S1_584719129fc3c10f0485998b.png,1,Light
ISIC_0010473,/path/to/IMA_dataset/ISIC_0010473.jpg,/path/to/IMA_dataset/ISIC_0010473_A04_T3_S1_55a7fce99fc3c156bd715675.png,/path/to/IMA_dataset/ISIC_0010473_A04_T3_S1_55a7fce99fc3c156bd715675.png,1,Light
ISIC_0013114,/path/to/IMA_dataset/ISIC_0013114.jpg,/path/to/IMA_dataset/ISIC_0013114_ST_ST_ST_ST.png,/path/to/IMA_dataset/ISIC_0013114_A00_T2_S1_5841e4a19fc3c156c3ef34a4.png,1,Light
ISIC_0012228,/path/to/IMA_dataset/ISIC_0012228.jpg,/path/to/IMA_dataset/ISIC_0012228_ST_ST_ST_ST.png,/path/to/IMA_dataset/ISIC_0012228_A00_T2_S1_5841e28a9fc3c156c3ef2a42.png,2,Intermediate
ISIC_0011306,/path/to/IMA_dataset/ISIC_0011306.jpg,/path/to/IMA_dataset/ISIC_0011306_A04_T3_S1_55a96a439fc3c156bd715ec7.png,/path/to/IMA_dataset/ISIC_0011306_A04_T3_S1_55a96a439fc3c156bd715ec7.png,2,Intermediate
ISIC_0000247,/path/to/IMA_dataset/ISIC_0000247.jpg,/path/to/IMA_dataset/ISIC_0000247_ST_ST_ST_ST.png,/path/to/IMA_dataset/ISIC_0000247_A04_T3_S2_5457d46dbae47821f88021e7.png,1,Light
ISIC_0015168,/path/to/IMA_dataset/ISIC_0015168.jpg,/path/to/IMA_dataset/ISIC_0015168_A00_T2_S1_5841eb3b9fc3c156c3ef4cb6.png,/path/to/IMA_dataset/ISIC_0015168_A00_T2_S1_5841eb3b9fc3c156c3ef4cb6.png,2,Intermediate
ISIC_0014742,/path/to/IMA_dataset/ISIC_0014742.jpg,/path/to/IMA_dataset/ISIC_0014742_A00_T2_S1_5841e9479fc3c156c3ef47b8.png,/path/to/IMA_dataset/ISIC_0014742_A00_T2_S1_5841e9479fc3c156c3ef47b8.png,0,Very Light
ISIC_0003174,/path/to/IMA_dataset/ISIC_0003174.jpg,/path/to/IMA_dataset/ISIC_0003174_ST_ST_ST_ST.png,/path/to/IMA_dataset/ISIC_0003174_A06_T1_S1_568b2d279fc3c126c063fe95.png,2,Intermediate
ISIC_0000242,/path/to/IMA_dataset/ISIC_0000242.jpg,/path/to/IMA_dataset/ISIC_0000242_ST_ST_ST_ST.png,/path/to/IMA_dataset/ISIC_0000242_A04_T3_S2_5457f0f2bae47821f88021f6.png,1,Light
ISIC_0009981,/path/to/IMA_dataset/ISIC_0009981.jpg,/path/to/IMA_dataset/ISIC_0009981_A04_T3_S1_5592e39a9fc3c13155145ba6.png,/path/to/IMA_dataset/ISIC_0009981_A04_T3_S1_5592e39a9fc3c13155145ba6.png,1,Light
ISIC_0000455,/path/to/IMA_dataset/ISIC_0000455.jpg,/path/to/IMA_dataset/ISIC_0000455_A04_T3_S1_545118eabae47821f8801f77.png,/path/to/IMA_dataset/ISIC_0000455_A04_T3_S1_545118eabae47821f8801f77.png,2,Intermediate
ISIC_0012511,/path/to/IMA_dataset/ISIC_0012511.jpg,/path/to/IMA_dataset/ISIC_0012511_A00_T2_S1_5841e3479fc3c156c3ef2d93.png,/path/to/IMA_dataset/ISIC_0012511_A00_T2_S1_5841e3479fc3c156c3ef2d93.png,2,Intermediate
ISIC_0000343,/path/to/IMA_dataset/ISIC_0000343.jpg,/path/to/IMA_dataset/ISIC_0000343_A04_T1_S1_5453c065bae47821f88020c7.png,/path/to/IMA_dataset/ISIC_0000343_A04_T1_S1_5453c065bae47821f88020c7.png,2,Intermediate
ISIC_0009344,/path/to/IMA_dataset/ISIC_0009344.jpg,/path/to/IMA_dataset/ISIC_0009344_A01_T3_S2_55ddca389fc3c10470dbe972.png,/path/to/IMA_dataset/ISIC_0009344_A05_T1_S1_566205ff9fc3c147bbd6a980.png,1,Light
ISIC_0000433,/path/to/IMA_dataset/ISIC_0000433.jpg,/path/to/IMA_dataset/ISIC_0000433_ST_ST_ST_ST.png,/path/to/IMA_dataset/ISIC_0000433_A06_T1_S1_568b3aa39fc3c126c063fef8.png,1,Light
ISIC_0012102,/path/to/IMA_dataset/ISIC_0012102.jpg,/path/to/IMA_dataset/ISIC_0012102_A00_T2_S1_5841e2449fc3c156c3ef28c8.png,/path/to/IMA_dataset/ISIC_0012102_A00_T2_S1_5841e2449fc3c156c3ef28c8.png,1,Light
ISIC_0000235,/path/to/IMA_dataset/ISIC_0000235.jpg,/path/to/IMA_dataset/ISIC_0000235_ST_ST_ST_ST.png,/path/to/IMA_dataset/ISIC_0000235_A04_T3_S2_5457f5dbbae47821f880220b.png,1,Light
ISIC_0014925,/path/to/IMA_dataset/ISIC_0014925.jpg,/path/to/IMA_dataset/ISIC_0014925_A00_T2_S1_5841ea189fc3c156c3ef49dd.png,/path/to/IMA_dataset/ISIC_0014925_A00_T2_S1_5841ea189fc3c156c3ef49dd.png,1,Light
ISIC_0000340,/path/to/IMA_dataset/ISIC_0000340.jpg,/path/to/IMA_dataset/ISIC_0000340_ST_ST_ST_ST.png,/path/to/IMA_dataset/ISIC_0000340_A04_T3_S2_5453c22dbae47821f88020d0.png,1,Light
ISIC_0012148,/path/to/IMA_dataset/ISIC_0012148.jpg,/path/to/IMA_dataset/ISIC_0012148_A00_T2_S1_5841e25d9fc3c156c3ef2952.png,/path/to/IMA_dataset/ISIC_0012148_A00_T2_S1_5841e25d9fc3c156c3ef2952.png,1,Light
ISIC_0013526,/path/to/IMA_dataset/ISIC_0013526.jpg,/path/to/IMA_dataset/ISIC_0013526_ST_ST_ST_ST.png,/path/to/IMA_dataset/ISIC_0013526_A00_T2_S1_5841e5ba9fc3c156c3ef3978.png,1,Light
ISIC_0013986,/path/to/IMA_dataset/ISIC_0013986.jpg,/path/to/IMA_dataset/ISIC_0013986_ST_ST_ST_ST.png,/path/to/IMA_dataset/ISIC_0013986_A00_T2_S1_5841e6f69fc3c156c3ef3edc.png,2,Intermediate
ISIC_0000206,/path/to/IMA_dataset/ISIC_0000206.jpg,/path/to/IMA_dataset/ISIC_0000206_A04_T3_S1_5458fd36bae47821f8802262.png,/path/to/IMA_dataset/ISIC_0000206_A04_T3_S1_5458fd36bae47821f8802262.png,1,Light
ISIC_0014589,/path/to/IMA_dataset/ISIC_0014589.jpg,/path/to/IMA_dataset/ISIC_0014589_A00_T2_S1_5841e8be9fc3c156c3ef45ed.png,/path/to/IMA_dataset/ISIC_0014589_A00_T2_S1_5841e8be9fc3c156c3ef45ed.png,1,Light
ISIC_0012777,/path/to/IMA_dataset/ISIC_0012777.jpg,/path/to/IMA_dataset/ISIC_0012777_A00_T2_S1_5841e3d49fc3c156c3ef30b1.png,/path/to/IMA_dataset/ISIC_0012777_A00_T2_S1_5841e3d49fc3c156c3ef30b1.png,2,Intermediate
ISIC_0015170,/path/to/IMA_dataset/ISIC_0015170.jpg,/path/to/IMA_dataset/ISIC_0015170_A00_T2_S1_5841eb3e9fc3c156c3ef4cbc.png,/path/to/IMA_dataset/ISIC_0015170_A00_T2_S1_5841eb3e9fc3c156c3ef4cbc.png,2,Intermediate
ISIC_0000053,/path/to/IMA_dataset/ISIC_0000053.jpg,/path/to/IMA_dataset/ISIC_0000053_ST_ST_ST_ST.png,/path/to/IMA_dataset/ISIC_0000053_A03_T1_S1_57be08aa9fc3c1434763a317.png,1,Light
ISIC_0010256,/path/to/IMA_dataset/ISIC_0010256.jpg,/path/to/IMA_dataset/ISIC_0010256_A04_T3_S1_55a922849fc3c156bd715a65.png,/path/to/IMA_dataset/ISIC_0010256_A04_T3_S1_55a922849fc3c156bd715a65.png,2,Intermediate
ISIC_0004168,/path/to/IMA_dataset/ISIC_0004168.jpg,/path/to/IMA_dataset/ISIC_0004168_ST_ST_ST_ST.png,/path/to/IMA_dataset/ISIC_0004168_A05_T3_S1_5632213e9fc3c10a87fd9bf7.png,1,Light
ISIC_0000413,/path/to/IMA_dataset/ISIC_0000413.jpg,/path/to/IMA_dataset/ISIC_0000413_A04_T1_S1_545270d3bae47821f8801ff5.png,/path/to/IMA_dataset/ISIC_0000413_A04_T1_S1_545270d3bae47821f8801ff5.png,1,Light
ISIC_0011210,/path/to/IMA_dataset/ISIC_0011210.jpg,/path/to/IMA_dataset/ISIC_0011210_ST_ST_ST_ST.png,/path/to/IMA_dataset/ISIC_0011210_A04_T3_S2_559ff53c9fc3c156bd714374.png,1,Light
ISIC_0011402,/path/to/IMA_dataset/ISIC_0011402.jpg,/path/to/IMA_dataset/ISIC_0011402_A04_T1_S1_55a939e99fc3c156bd715c87.png,/path/to/IMA_dataset/ISIC_0011402_A04_T1_S1_55a939e99fc3c156bd715c87.png,1,Light
ISIC_0013025,/path/to/IMA_dataset/ISIC_0013025.jpg,/path/to/IMA_dataset/ISIC_0013025_A00_T2_S1_5841e46b9fc3c156c3ef3399.png,/path/to/IMA_dataset/ISIC_0013025_A00_T2_S1_5841e46b9fc3c156c3ef3399.png,1,Light
ISIC_0013410,/path/to/IMA_dataset/ISIC_0013410.jpg,/path/to/IMA_dataset/ISIC_0013410_A00_T2_S1_5841e5689fc3c156c3ef381c.png,/path/to/IMA_dataset/ISIC_0013410_A00_T2_S1_5841e5689fc3c156c3ef381c.png,2,Intermediate
ISIC_0010356,/path/to/IMA_dataset/ISIC_0010356.jpg,/path/to/IMA_dataset/ISIC_0010356_A04_T1_S1_55a913b89fc3c156bd715933.png,/path/to/IMA_dataset/ISIC_0010356_A04_T1_S1_55a913b89fc3c156bd715933.png,2,Intermediate
ISIC_0015295,/path/to/IMA_dataset/ISIC_0015295.jpg,/path/to/IMA_dataset/ISIC_0015295_A00_T2_S1_5841ebd09fc3c156c3ef4e33.png,/path/to/IMA_dataset/ISIC_0015295_A00_T2_S1_5841ebd09fc3c156c3ef4e33.png,1,Light
ISIC_0000092,/path/to/IMA_dataset/ISIC_0000092.jpg,/path/to/IMA_dataset/ISIC_0000092_A04_T3_S1_545ba4a2bae47821f88023b8.png,/path/to/IMA_dataset/ISIC_0000092_A04_T3_S1_545ba4a2bae47821f88023b8.png,1,Light
ISIC_0010448,/path/to/IMA_dataset/ISIC_0010448.jpg,/path/to/IMA_dataset/ISIC_0010448_A04_T1_S1_55a7ff7a9fc3c156bd71570b.png,/path/to/IMA_dataset/ISIC_0010448_A04_T1_S1_55a7ff7a9fc3c156bd71570b.png,2,Intermediate
ISIC_0014502,/path/to/IMA_dataset/ISIC_0014502.jpg,/path/to/IMA_dataset/ISIC_0014502_A00_T2_S1_5841e8819fc3c156c3ef44e8.png,/path/to/IMA_dataset/ISIC_0014502_A00_T2_S1_5841e8819fc3c156c3ef44e8.png,1,Light
ISIC_0010058,/path/to/IMA_dataset/ISIC_0010058.jpg,/path/to/IMA_dataset/ISIC_0010058_ST_ST_ST_ST.png,/path/to/IMA_dataset/ISIC_0010058_A03_T1_S1_57be138b9fc3c1434763a34c.png,1,Light
ISIC_0000153,/path/to/IMA_dataset/ISIC_0000153.jpg,/path/to/IMA_dataset/ISIC_0000153_A04_T3_S1_545a4100bae47821f8802301.png,/path/to/IMA_dataset/ISIC_0000153_A04_T3_S1_545a4100bae47821f8802301.png,1,Light
ISIC_0001960,/path/to/IMA_dataset/ISIC_0001960.jpg,/path/to/IMA_dataset/ISIC_0001960_A01_T3_S2_55dca47e9fc3c10470dbcd8d.png,/path/to/IMA_dataset/ISIC_0001960_A05_T3_S1_56684d5b9fc3c14011cd7528.png,2,Intermediate
ISIC_0000207,/path/to/IMA_dataset/ISIC_0000207.jpg,/path/to/IMA_dataset/ISIC_0000207_A04_T1_S1_5458fba6bae47821f880225f.png,/path/to/IMA_dataset/ISIC_0000207_A04_T1_S1_5458fba6bae47821f880225f.png,1,Light
ISIC_0000436,/path/to/IMA_dataset/ISIC_0000436.jpg,/path/to/IMA_dataset/ISIC_0000436_ST_ST_ST_ST.png,/path/to/IMA_dataset/ISIC_0000436_A04_T1_S2_5451450cbae47821f8801fb0.png,1,Light
ISIC_0000236,/path/to/IMA_dataset/ISIC_0000236.jpg,/path/to/IMA_dataset/ISIC_0000236_ST_ST_ST_ST.png,/path/to/IMA_dataset/ISIC_0000236_A04_T3_S2_5457f4c9bae47821f8802208.png,0,Very Light
ISIC_0013676,/path/to/IMA_dataset/ISIC_0013676.jpg,/path/to/IMA_dataset/ISIC_0013676_A00_T2_S1_5841e6239fc3c156c3ef3b3a.png,/path/to/IMA_dataset/ISIC_0013676_A00_T2_S1_5841e6239fc3c156c3ef3b3a.png,2,Intermediate
ISIC_0011305,/path/to/IMA_dataset/ISIC_0011305.jpg,/path/to/IMA_dataset/ISIC_0011305_A04_T3_S1_55a96a389fc3c156bd715ec1.png,/path/to/IMA_dataset/ISIC_0011305_A04_T3_S1_55a96a389fc3c156bd715ec1.png,1,Light
