image_path,ita_mean,category
/path/to/ISIC_2017/training_images/ISIC_0000000.jpg,57.55169855072747,Very Light
/path/to/ISIC_2017/training_images/ISIC_0000001.jpg,45.89517371021108,Light
/path/to/ISIC_2017/training_images/ISIC_0000002.jpg,56.309932474020215,Very Light
/path/to/ISIC_2017/training_images/ISIC_0000003.jpg,54.34002617280532,Light
/path/to/ISIC_2017/training_images/ISIC_0000004.jpg,55.942185409009376,Very Light
/path/to/ISIC_2017/training_images/ISIC_0000006.jpg,45.24803212815651,Light
/path/to/ISIC_2017/training_images/ISIC_0000007.jpg,50.80672690553158,Light
/path/to/ISIC_2017/training_images/ISIC_0000008.jpg,53.7314672694142,Light
/path/to/ISIC_2017/training_images/ISIC_0000009.jpg,45.0,Light
/path/to/ISIC_2017/training_images/ISIC_0000010.jpg,42.65312570751272,Light
/path/to/ISIC_2017/training_images/ISIC_0000011.jpg,45.89517371021108,Light
/path/to/ISIC_2017/training_images/ISIC_0000012.jpg,40.827015523920494,Intermediate
/path/to/ISIC_2017/training_images/ISIC_0000013.jpg,54.554289672401765,Light
/path/to/ISIC_2017/training_images/ISIC_0000014.jpg,49.19564969178062,Light
/path/to/ISIC_2017/training_images/ISIC_0000015.jpg,48.10602709561643,Light
/path/to/ISIC_2017/training_images/ISIC_0000016.jpg,57.737830703874096,Very Light
/path/to/ISIC_2017/training_images/ISIC_0000017.jpg,44.32596310201549,Light
/path/to/ISIC_2017/training_images/ISIC_0000018.jpg,46.97493401088198,Light
/path/to/ISIC_2017/training_images/ISIC_0000019.jpg,48.589496740838186,Light
/path/to/ISIC_2017/training_images/ISIC_0000020.jpg,44.09061955080086,Light
/path/to/ISIC_2017/training_images/ISIC_0000021.jpg,43.45184230102204,Light
/path/to/ISIC_2017/training_images/ISIC_0000022.jpg,43.85880074441287,Light
/path/to/ISIC_2017/training_images/ISIC_0000023.jpg,43.85880074441287,Light
/path/to/ISIC_2017/training_images/ISIC_0000024.jpg,45.88823549523977,Light
/path/to/ISIC_2017/training_images/ISIC_0000025.jpg,43.63607246839708,Light
/path/to/ISIC_2017/training_images/ISIC_0000026.jpg,43.074816291676846,Light
/path/to/ISIC_2017/training_images/ISIC_0000027.jpg,44.09777883846985,Light
/path/to/ISIC_2017/training_images/ISIC_0000028.jpg,48.98119865642163,Light
/path/to/ISIC_2017/training_images/ISIC_0000029.jpg,53.91492695714787,Light
/path/to/ISIC_2017/training_images/ISIC_0000030.jpg,46.34262402653776,Light
/path/to/ISIC_2017/training_images/ISIC_0000031.jpg,46.95992725912638,Light
/path/to/ISIC_2017/training_images/ISIC_0000032.jpg,43.85880074441287,Light
/path/to/ISIC_2017/training_images/ISIC_0000034.jpg,50.77948582515591,Light
/path/to/ISIC_2017/training_images/ISIC_0000035.jpg,56.758949766738546,Very Light
/path/to/ISIC_2017/training_images/ISIC_0000036.jpg,57.61932229343077,Very Light
/path/to/ISIC_2017/training_images/ISIC_0000037.jpg,57.64409081215724,Very Light
/path/to/ISIC_2017/training_images/ISIC_0000038.jpg,57.64409081215724,Very Light
/path/to/ISIC_2017/training_images/ISIC_0000039.jpg,56.07020257793936,Very Light
/path/to/ISIC_2017/training_images/ISIC_0000040.jpg,50.9245819819825,Light
/path/to/ISIC_2017/training_images/ISIC_0000041.jpg,47.290610042638534,Light
/path/to/ISIC_2017/training_images/ISIC_0000042.jpg,57.264773727892404,Very Light
/path/to/ISIC_2017/training_images/ISIC_0000043.jpg,57.811980590554946,Very Light
/path/to/ISIC_2017/training_images/ISIC_0000044.jpg,57.07014548938792,Very Light
/path/to/ISIC_2017/training_images/ISIC_0000045.jpg,53.57991277538011,Light
/path/to/ISIC_2017/training_images/ISIC_0000046.jpg,54.42065255754464,Light
/path/to/ISIC_2017/training_images/ISIC_0000047.jpg,50.86154139819647,Light
/path/to/ISIC_2017/training_images/ISIC_0000048.jpg,45.6740368979845,Light
/path/to/ISIC_2017/training_images/ISIC_0000049.jpg,48.78611203538159,Light
/path/to/ISIC_2017/training_images/ISIC_0000050.jpg,46.548157698977974,Light
/path/to/ISIC_2017/training_images/ISIC_0000051.jpg,47.152962789100464,Light
/path/to/ISIC_2017/training_images/ISIC_0000052.jpg,56.58341860468707,Very Light
/path/to/ISIC_2017/training_images/ISIC_0000053.jpg,49.33543008584021,Light
/path/to/ISIC_2017/training_images/ISIC_0000054.jpg,44.54886145321272,Light
/path/to/ISIC_2017/training_images/ISIC_0000055.jpg,49.49715161466777,Light
/path/to/ISIC_2017/training_images/ISIC_0000056.jpg,46.08914216989652,Light
/path/to/ISIC_2017/training_images/ISIC_0000057.jpg,48.84245312791486,Light
/path/to/ISIC_2017/training_images/ISIC_0000059.jpg,50.46021259214836,Light
/path/to/ISIC_2017/training_images/ISIC_0000061.jpg,50.63068275763526,Light
/path/to/ISIC_2017/training_images/ISIC_0000062.jpg,43.63607246839708,Light
/path/to/ISIC_2017/training_images/ISIC_0000063.jpg,51.73292132685961,Light
/path/to/ISIC_2017/training_images/ISIC_0000064.jpg,50.15712697321785,Light
/path/to/ISIC_2017/training_images/ISIC_0000065.jpg,47.58302066863506,Light
/path/to/ISIC_2017/training_images/ISIC_0000066.jpg,54.2726017772003,Light
/path/to/ISIC_2017/training_images/ISIC_0000067.jpg,49.76364169072618,Light
/path/to/ISIC_2017/training_images/ISIC_0000068.jpg,54.616591570049955,Light
/path/to/ISIC_2017/training_images/ISIC_0000069.jpg,46.15036306132966,Light
/path/to/ISIC_2017/training_images/ISIC_0000071.jpg,45.69586593950879,Light
/path/to/ISIC_2017/training_images/ISIC_0000072.jpg,46.58485439305051,Light
/path/to/ISIC_2017/training_images/ISIC_0000073.jpg,57.675665848395894,Very Light
/path/to/ISIC_2017/training_images/ISIC_0000074.jpg,56.0353541630349,Very Light
/path/to/ISIC_2017/training_images/ISIC_0000075.jpg,56.611486423888486,Very Light
/path/to/ISIC_2017/training_images/ISIC_0000077.jpg,47.549949012960184,Light
/path/to/ISIC_2017/training_images/ISIC_0000078.jpg,43.322360533846535,Light
/path/to/ISIC_2017/training_images/ISIC_0000079.jpg,42.72955032933491,Light
/path/to/ISIC_2017/training_images/ISIC_0000080.jpg,43.80651057601796,Light
/path/to/ISIC_2017/training_images/ISIC_0000081.jpg,45.65854317756361,Light
/path/to/ISIC_2017/training_images/ISIC_0000082.jpg,45.99117757501078,Light
/path/to/ISIC_2017/training_images/ISIC_0000085.jpg,41.41050325916181,Light
/path/to/ISIC_2017/training_images/ISIC_0000086.jpg,45.0,Light
/path/to/ISIC_2017/training_images/ISIC_0000087.jpg,47.57558255631633,Light
/path/to/ISIC_2017/training_images/ISIC_0000088.jpg,46.77146974003408,Light
/path/to/ISIC_2017/training_images/ISIC_0000089.jpg,45.40066325579215,Light
/path/to/ISIC_2017/training_images/ISIC_0000091.jpg,44.785410068870604,Light
/path/to/ISIC_2017/training_images/ISIC_0000092.jpg,42.7630209365623,Light
/path/to/ISIC_2017/training_images/ISIC_0000093.jpg,40.010637430357804,Intermediate
/path/to/ISIC_2017/training_images/ISIC_0000094.jpg,40.34174589032439,Intermediate
/path/to/ISIC_2017/training_images/ISIC_0000095.jpg,42.01136754477054,Light
/path/to/ISIC_2017/training_images/ISIC_0000096.jpg,41.80837334344573,Light
/path/to/ISIC_2017/training_images/ISIC_0000097.jpg,50.08410340959445,Light
/path/to/ISIC_2017/training_images/ISIC_0000098.jpg,45.216209462462366,Light
/path/to/ISIC_2017/training_images/ISIC_0000099.jpg,47.903818865096284,Light
/path/to/ISIC_2017/training_images/ISIC_0000100.jpg,52.85984124766185,Light
/path/to/ISIC_2017/training_images/ISIC_0000101.jpg,52.85984124766185,Light
/path/to/ISIC_2017/training_images/ISIC_0000102.jpg,38.659808254090095,Intermediate
/path/to/ISIC_2017/training_images/ISIC_0000103.jpg,49.4269716474794,Light
/path/to/ISIC_2017/training_images/ISIC_0000104.jpg,47.76385737091256,Light
/path/to/ISIC_2017/training_images/ISIC_0000105.jpg,42.23321159883048,Light
/path/to/ISIC_2017/training_images/ISIC_0000107.jpg,41.775477393480095,Light
/path/to/ISIC_2017/training_images/ISIC_0000108.jpg,41.383886103845285,Light
/path/to/ISIC_2017/training_images/ISIC_0000109.jpg,46.4372269963219,Light
/path/to/ISIC_2017/training_images/ISIC_0000110.jpg,42.08156527921844,Light
/path/to/ISIC_2017/training_images/ISIC_0000111.jpg,57.51036684093951,Very Light
/path/to/ISIC_2017/training_images/ISIC_0000112.jpg,43.70783311375008,Light
/path/to/ISIC_2017/training_images/ISIC_0000113.jpg,39.02843410220357,Intermediate
/path/to/ISIC_2017/training_images/ISIC_0000116.jpg,44.796101289533205,Light
/path/to/ISIC_2017/training_images/ISIC_0000118.jpg,42.529948704039136,Light
/path/to/ISIC_2017/training_images/ISIC_0000119.jpg,43.8678197248687,Light
/path/to/ISIC_2017/training_images/ISIC_0000120.jpg,52.69605172201657,Light
/path/to/ISIC_2017/training_images/ISIC_0000121.jpg,44.351396241109015,Light
/path/to/ISIC_2017/training_images/ISIC_0000122.jpg,45.20684307077733,Light
/path/to/ISIC_2017/training_images/ISIC_0000123.jpg,48.179830119864235,Light
/path/to/ISIC_2017/training_images/ISIC_0000124.jpg,46.254451622681536,Light
/path/to/ISIC_2017/training_images/ISIC_0000125.jpg,43.339717631017194,Light
/path/to/ISIC_2017/training_images/ISIC_0000126.jpg,45.59474451521851,Light
/path/to/ISIC_2017/training_images/ISIC_0000127.jpg,41.0307365432805,Light
/path/to/ISIC_2017/training_images/ISIC_0000128.jpg,40.148883904698444,Intermediate
/path/to/ISIC_2017/training_images/ISIC_0000129.jpg,43.88543672751529,Light
/path/to/ISIC_2017/training_images/ISIC_0000130.jpg,47.96823402987171,Light
/path/to/ISIC_2017/training_images/ISIC_0000131.jpg,46.236407602856154,Light
/path/to/ISIC_2017/training_images/ISIC_0000132.jpg,42.09618113490373,Light
/path/to/ISIC_2017/training_images/ISIC_0000133.jpg,39.925269621842475,Intermediate
/path/to/ISIC_2017/training_images/ISIC_0000134.jpg,43.38969939750101,Light
/path/to/ISIC_2017/training_images/ISIC_0000135.jpg,53.23324496013507,Light
/path/to/ISIC_2017/training_images/ISIC_0000136.jpg,57.7668520837213,Very Light
/path/to/ISIC_2017/training_images/ISIC_0000137.jpg,47.09015915371069,Light
/path/to/ISIC_2017/training_images/ISIC_0000138.jpg,46.311887782504115,Light
/path/to/ISIC_2017/training_images/ISIC_0000139.jpg,47.152962789100464,Light
/path/to/ISIC_2017/training_images/ISIC_0000140.jpg,53.24071182970788,Light
/path/to/ISIC_2017/training_images/ISIC_0000141.jpg,42.397437797500196,Light
/path/to/ISIC_2017/training_images/ISIC_0000142.jpg,47.440637925761486,Light
/path/to/ISIC_2017/training_images/ISIC_0000143.jpg,46.82151335160111,Light
/path/to/ISIC_2017/training_images/ISIC_0000145.jpg,48.27598181323415,Light
/path/to/ISIC_2017/training_images/ISIC_0000146.jpg,52.64501327167073,Light
/path/to/ISIC_2017/training_images/ISIC_0000147.jpg,47.91083782616776,Light
/path/to/ISIC_2017/training_images/ISIC_0000148.jpg,45.2459031232707,Light
/path/to/ISIC_2017/training_images/ISIC_0000149.jpg,48.4620730561351,Light
/path/to/ISIC_2017/training_images/ISIC_0000150.jpg,46.59114027119459,Light
/path/to/ISIC_2017/training_images/ISIC_0000151.jpg,38.03653147351195,Intermediate
/path/to/ISIC_2017/training_images/ISIC_0000152.jpg,45.214589931129396,Light
/path/to/ISIC_2017/training_images/ISIC_0000153.jpg,45.0,Light
/path/to/ISIC_2017/training_images/ISIC_0000154.jpg,42.10423802653342,Light
/path/to/ISIC_2017/training_images/ISIC_0000155.jpg,57.7668520837213,Very Light
/path/to/ISIC_2017/training_images/ISIC_0000156.jpg,46.96141766777035,Light
/path/to/ISIC_2017/training_images/ISIC_0000157.jpg,46.87446556260453,Light
/path/to/ISIC_2017/training_images/ISIC_0000159.jpg,52.00784722897688,Light
/path/to/ISIC_2017/training_images/ISIC_0000160.jpg,53.13010235415598,Light
/path/to/ISIC_2017/training_images/ISIC_0000161.jpg,51.25903630512225,Light
/path/to/ISIC_2017/training_images/ISIC_0000162.jpg,55.92948800218038,Very Light
/path/to/ISIC_2017/training_images/ISIC_0000163.jpg,47.58579434242449,Light
/path/to/ISIC_2017/training_images/ISIC_0000164.jpg,44.801745498800805,Light
/path/to/ISIC_2017/training_images/ISIC_0000165.jpg,49.27946353024522,Light
/path/to/ISIC_2017/training_images/ISIC_0000166.jpg,56.036772305193736,Very Light
/path/to/ISIC_2017/training_images/ISIC_0000167.jpg,52.209961845615844,Light
/path/to/ISIC_2017/training_images/ISIC_0000169.jpg,38.47423552804889,Intermediate
/path/to/ISIC_2017/training_images/ISIC_0000171.jpg,54.6887865603668,Light
/path/to/ISIC_2017/training_images/ISIC_0000172.jpg,46.53777238469746,Light
/path/to/ISIC_2017/training_images/ISIC_0000174.jpg,52.44741685019517,Light
/path/to/ISIC_2017/training_images/ISIC_0000176.jpg,45.22121812666487,Light
/path/to/ISIC_2017/training_images/ISIC_0000177.jpg,50.81009942771928,Light
/path/to/ISIC_2017/training_images/ISIC_0000179.jpg,44.379492352166054,Light
/path/to/ISIC_2017/training_images/ISIC_0000181.jpg,54.13961513677238,Light
/path/to/ISIC_2017/training_images/ISIC_0000182.jpg,48.45661917204199,Light
/path/to/ISIC_2017/training_images/ISIC_0000184.jpg,45.933073523218454,Light
/path/to/ISIC_2017/training_images/ISIC_0000185.jpg,51.50895644050257,Light
/path/to/ISIC_2017/training_images/ISIC_0000186.jpg,53.074583205337625,Light
/path/to/ISIC_2017/training_images/ISIC_0000188.jpg,47.8221552998118,Light
/path/to/ISIC_2017/training_images/ISIC_0000189.jpg,46.61353893288119,Light
/path/to/ISIC_2017/training_images/ISIC_0000190.jpg,50.26239539959512,Light
/path/to/ISIC_2017/training_images/ISIC_0000191.jpg,41.53792694386491,Light
/path/to/ISIC_2017/training_images/ISIC_0000192.jpg,47.290610042638534,Light
/path/to/ISIC_2017/training_images/ISIC_0000193.jpg,45.397880961834595,Light
/path/to/ISIC_2017/training_images/ISIC_0000196.jpg,51.38282252637121,Light
/path/to/ISIC_2017/training_images/ISIC_0000197.jpg,51.858300723771976,Light
/path/to/ISIC_2017/training_images/ISIC_0000198.jpg,36.55680907082337,Intermediate
/path/to/ISIC_2017/training_images/ISIC_0000199.jpg,46.8965183032093,Light
/path/to/ISIC_2017/training_images/ISIC_0000201.jpg,52.101271725514735,Light
/path/to/ISIC_2017/training_images/ISIC_0000202.jpg,51.25403274391647,Light
/path/to/ISIC_2017/training_images/ISIC_0000203.jpg,50.29344225303053,Light
/path/to/ISIC_2017/training_images/ISIC_0000204.jpg,54.220824040637915,Light
/path/to/ISIC_2017/training_images/ISIC_0000205.jpg,57.528807709151515,Very Light
/path/to/ISIC_2017/training_images/ISIC_0000206.jpg,51.46227063683909,Light
/path/to/ISIC_2017/training_images/ISIC_0000207.jpg,54.05239792362172,Light
/path/to/ISIC_2017/training_images/ISIC_0000208.jpg,50.67302213992532,Light
/path/to/ISIC_2017/training_images/ISIC_0000209.jpg,46.548157698977974,Light
/path/to/ISIC_2017/training_images/ISIC_0000211.jpg,47.321530589832726,Light
/path/to/ISIC_2017/training_images/ISIC_0000212.jpg,54.58294472353258,Light
/path/to/ISIC_2017/training_images/ISIC_0000213.jpg,54.52466797179,Light
/path/to/ISIC_2017/training_images/ISIC_0000214.jpg,51.088528154195174,Light
/path/to/ISIC_2017/training_images/ISIC_0000215.jpg,57.64542039653296,Very Light
/path/to/ISIC_2017/training_images/ISIC_0000216.jpg,51.84277341263093,Light
/path/to/ISIC_2017/training_images/ISIC_0000217.jpg,52.033416459694934,Light
/path/to/ISIC_2017/training_images/ISIC_0000218.jpg,47.35329686610831,Light
/path/to/ISIC_2017/training_images/ISIC_0000219.jpg,50.880162525882604,Light
/path/to/ISIC_2017/training_images/ISIC_0000220.jpg,57.64542039653296,Very Light
/path/to/ISIC_2017/training_images/ISIC_0000221.jpg,55.00797980144134,Very Light
/path/to/ISIC_2017/training_images/ISIC_0000222.jpg,52.48088617952368,Light
/path/to/ISIC_2017/training_images/ISIC_0000223.jpg,47.337305859123816,Light
/path/to/ISIC_2017/training_images/ISIC_0000224.jpg,52.266954405811695,Light
/path/to/ISIC_2017/training_images/ISIC_0000225.jpg,51.91683720218633,Light
/path/to/ISIC_2017/training_images/ISIC_0000226.jpg,46.56935480474899,Light
/path/to/ISIC_2017/training_images/ISIC_0000227.jpg,50.46710158808884,Light
/path/to/ISIC_2017/training_images/ISIC_0000229.jpg,52.382576352728925,Light
/path/to/ISIC_2017/training_images/ISIC_0000231.jpg,47.2754564382542,Light
/path/to/ISIC_2017/training_images/ISIC_0000232.jpg,50.41186915231703,Light
/path/to/ISIC_2017/training_images/ISIC_0000233.jpg,52.22431569404534,Light
/path/to/ISIC_2017/training_images/ISIC_0000234.jpg,54.58783302481864,Light
/path/to/ISIC_2017/training_images/ISIC_0000235.jpg,49.79679896683556,Light
/path/to/ISIC_2017/training_images/ISIC_0000236.jpg,56.169501923082905,Very Light
/path/to/ISIC_2017/training_images/ISIC_0000237.jpg,51.67219999719943,Light
/path/to/ISIC_2017/training_images/ISIC_0000239.jpg,57.89374404488216,Very Light
/path/to/ISIC_2017/training_images/ISIC_0000240.jpg,41.58001690513888,Light
/path/to/ISIC_2017/training_images/ISIC_0000242.jpg,49.08561677997488,Light
/path/to/ISIC_2017/training_images/ISIC_0000243.jpg,51.993904954154594,Light
/path/to/ISIC_2017/training_images/ISIC_0000244.jpg,47.96486130916022,Light
/path/to/ISIC_2017/training_images/ISIC_0000245.jpg,34.7860270149295,Intermediate
/path/to/ISIC_2017/training_images/ISIC_0000246.jpg,46.89338584574627,Light
/path/to/ISIC_2017/training_images/ISIC_0000247.jpg,43.10661415425373,Light
/path/to/ISIC_2017/training_images/ISIC_0000250.jpg,41.08175113593263,Light
/path/to/ISIC_2017/training_images/ISIC_0000251.jpg,45.70731936854426,Light
/path/to/ISIC_2017/training_images/ISIC_0000252.jpg,48.616113896154715,Light
/path/to/ISIC_2017/training_images/ISIC_0000253.jpg,42.87890360333855,Light
/path/to/ISIC_2017/training_images/ISIC_0000254.jpg,45.6740368979845,Light
/path/to/ISIC_2017/training_images/ISIC_0000255.jpg,45.0,Light
/path/to/ISIC_2017/training_images/ISIC_0000256.jpg,44.30972280213492,Light
/path/to/ISIC_2017/training_images/ISIC_0000258.jpg,44.09061955080086,Light
/path/to/ISIC_2017/training_images/ISIC_0000259.jpg,41.96266417704752,Light
/path/to/ISIC_2017/training_images/ISIC_0000260.jpg,37.31447285161838,Intermediate
/path/to/ISIC_2017/training_images/ISIC_0000261.jpg,42.22978420279981,Light
/path/to/ISIC_2017/training_images/ISIC_0000262.jpg,41.912348715014936,Light
/path/to/ISIC_2017/training_images/ISIC_0000263.jpg,55.54324639468631,Very Light
/path/to/ISIC_2017/training_images/ISIC_0000264.jpg,52.85984124766185,Light
/path/to/ISIC_2017/training_images/ISIC_0000265.jpg,40.1147974318827,Intermediate
/path/to/ISIC_2017/training_images/ISIC_0000268.jpg,37.67025228324126,Intermediate
/path/to/ISIC_2017/training_images/ISIC_0000269.jpg,48.31458582064349,Light
/path/to/ISIC_2017/training_images/ISIC_0000274.jpg,51.293948188951084,Light
/path/to/ISIC_2017/training_images/ISIC_0000275.jpg,42.797401838234194,Light
/path/to/ISIC_2017/training_images/ISIC_0000276.jpg,52.58183411785178,Light
/path/to/ISIC_2017/training_images/ISIC_0000277.jpg,50.513400028667554,Light
/path/to/ISIC_2017/training_images/ISIC_0000278.jpg,42.31022967684953,Light
/path/to/ISIC_2017/training_images/ISIC_0000281.jpg,51.59673829789422,Light
/path/to/ISIC_2017/training_images/ISIC_0000282.jpg,48.54868197390444,Light
/path/to/ISIC_2017/training_images/ISIC_0000283.jpg,49.692862505589844,Light
/path/to/ISIC_2017/training_images/ISIC_0000285.jpg,43.98781238601755,Light
/path/to/ISIC_2017/training_images/ISIC_0000288.jpg,57.7668520837213,Very Light
/path/to/ISIC_2017/training_images/ISIC_0000289.jpg,48.56463897211568,Light
/path/to/ISIC_2017/training_images/ISIC_0000290.jpg,52.62107130929705,Light
/path/to/ISIC_2017/training_images/ISIC_0000292.jpg,46.94808500651495,Light
/path/to/ISIC_2017/training_images/ISIC_0000293.jpg,55.75096699318805,Very Light
/path/to/ISIC_2017/training_images/ISIC_0000294.jpg,49.2506545746512,Light
/path/to/ISIC_2017/training_images/ISIC_0000295.jpg,37.116860683270275,Intermediate
/path/to/ISIC_2017/training_images/ISIC_0000297.jpg,45.0,Light
/path/to/ISIC_2017/training_images/ISIC_0000298.jpg,29.62905440719282,Intermediate
/path/to/ISIC_2017/training_images/ISIC_0000299.jpg,40.92963362677519,Intermediate
/path/to/ISIC_2017/training_images/ISIC_0000300.jpg,42.77407610488597,Light
/path/to/ISIC_2017/training_images/ISIC_0000301.jpg,38.853374340353334,Intermediate
/path/to/ISIC_2017/training_images/ISIC_0000302.jpg,50.39629223989905,Light
/path/to/ISIC_2017/training_images/ISIC_0000303.jpg,37.640912317984785,Intermediate
/path/to/ISIC_2017/training_images/ISIC_0000306.jpg,31.17794536426831,Intermediate
/path/to/ISIC_2017/training_images/ISIC_0000307.jpg,46.30195267257888,Light
/path/to/ISIC_2017/training_images/ISIC_0000310.jpg,39.56994892698806,Intermediate
/path/to/ISIC_2017/training_images/ISIC_0000311.jpg,46.42700186751469,Light
/path/to/ISIC_2017/training_images/ISIC_0000313.jpg,45.191623966174284,Light
/path/to/ISIC_2017/training_images/ISIC_0000314.jpg,50.5397880735545,Light
/path/to/ISIC_2017/training_images/ISIC_0000315.jpg,41.423665625002656,Light
/path/to/ISIC_2017/training_images/ISIC_0000316.jpg,47.72631099390627,Light
/path/to/ISIC_2017/training_images/ISIC_0000317.jpg,48.5186114653372,Light
/path/to/ISIC_2017/training_images/ISIC_0000319.jpg,38.290163192243064,Intermediate
/path/to/ISIC_2017/training_images/ISIC_0000320.jpg,50.78724296403151,Light
/path/to/ISIC_2017/training_images/ISIC_0000321.jpg,49.655507428013614,Light
/path/to/ISIC_2017/training_images/ISIC_0000322.jpg,33.94358701975182,Intermediate
/path/to/ISIC_2017/training_images/ISIC_0000323.jpg,45.84252426074042,Light
/path/to/ISIC_2017/training_images/ISIC_0000324.jpg,34.41836447905621,Intermediate
/path/to/ISIC_2017/training_images/ISIC_0000325.jpg,52.46270858511037,Light
/path/to/ISIC_2017/training_images/ISIC_0000326.jpg,43.77242116786545,Light
/path/to/ISIC_2017/training_images/ISIC_0000327.jpg,43.49256424122503,Light
/path/to/ISIC_2017/training_images/ISIC_0000328.jpg,51.34019174590991,Light
/path/to/ISIC_2017/training_images/ISIC_0000329.jpg,48.29814299368441,Light
/path/to/ISIC_2017/training_images/ISIC_0000330.jpg,51.54038582819662,Light
/path/to/ISIC_2017/training_images/ISIC_0000331.jpg,41.462580570012484,Light
/path/to/ISIC_2017/training_images/ISIC_0000332.jpg,51.589121879180695,Light
/path/to/ISIC_2017/training_images/ISIC_0000336.jpg,36.8107078120311,Intermediate
/path/to/ISIC_2017/training_images/ISIC_0000338.jpg,51.63251461513847,Light
/path/to/ISIC_2017/training_images/ISIC_0000340.jpg,41.213887964618415,Light
/path/to/ISIC_2017/training_images/ISIC_0000341.jpg,52.147689786385875,Light
/path/to/ISIC_2017/training_images/ISIC_0000342.jpg,46.14576283817511,Light
/path/to/ISIC_2017/training_images/ISIC_0000343.jpg,35.61085243866876,Intermediate
/path/to/ISIC_2017/training_images/ISIC_0000344.jpg,43.798166935547876,Light
/path/to/ISIC_2017/training_images/ISIC_0000345.jpg,35.88684442492457,Intermediate
/path/to/ISIC_2017/training_images/ISIC_0000346.jpg,42.849973648961395,Light
/path/to/ISIC_2017/training_images/ISIC_0000347.jpg,46.77146974003408,Light
/path/to/ISIC_2017/training_images/ISIC_0000348.jpg,47.990344975165385,Light
/path/to/ISIC_2017/training_images/ISIC_0000349.jpg,42.36988733664241,Light
/path/to/ISIC_2017/training_images/ISIC_0000350.jpg,47.17975599174153,Light
/path/to/ISIC_2017/training_images/ISIC_0000351.jpg,43.315315682103716,Light
/path/to/ISIC_2017/training_images/ISIC_0000352.jpg,35.74427225544778,Intermediate
/path/to/ISIC_2017/training_images/ISIC_0000353.jpg,34.493602212090835,Intermediate
/path/to/ISIC_2017/training_images/ISIC_0000354.jpg,50.16109803336026,Light
/path/to/ISIC_2017/training_images/ISIC_0000355.jpg,53.69130753588485,Light
/path/to/ISIC_2017/training_images/ISIC_0000357.jpg,47.56924102014819,Light
/path/to/ISIC_2017/training_images/ISIC_0000358.jpg,52.65615910565133,Light
/path/to/ISIC_2017/training_images/ISIC_0000359.jpg,44.587807258597685,Light
/path/to/ISIC_2017/training_images/ISIC_0000360.jpg,34.13594007791228,Intermediate
/path/to/ISIC_2017/training_images/ISIC_0000361.jpg,41.76029970389787,Light
/path/to/ISIC_2017/training_images/ISIC_0000363.jpg,46.70135460532613,Light
/path/to/ISIC_2017/training_images/ISIC_0000364.jpg,36.333882082566475,Intermediate
/path/to/ISIC_2017/training_images/ISIC_0000365.jpg,47.97116326195061,Light
/path/to/ISIC_2017/training_images/ISIC_0000366.jpg,45.37694047959714,Light
/path/to/ISIC_2017/training_images/ISIC_0000367.jpg,48.29814299368441,Light
/path/to/ISIC_2017/training_images/ISIC_0000368.jpg,49.340860064691256,Light
/path/to/ISIC_2017/training_images/ISIC_0000369.jpg,45.0,Light
/path/to/ISIC_2017/training_images/ISIC_0000370.jpg,48.63598017846984,Light
/path/to/ISIC_2017/training_images/ISIC_0000371.jpg,46.01218761398245,Light
/path/to/ISIC_2017/training_images/ISIC_0000372.jpg,49.60448715698152,Light
/path/to/ISIC_2017/training_images/ISIC_0000374.jpg,54.31288128578439,Light
/path/to/ISIC_2017/training_images/ISIC_0000376.jpg,44.55585556688808,Light
/path/to/ISIC_2017/training_images/ISIC_0000377.jpg,49.23639479905884,Light
/path/to/ISIC_2017/training_images/ISIC_0000378.jpg,40.1147974318827,Intermediate
/path/to/ISIC_2017/training_images/ISIC_0000379.jpg,42.67218491095884,Light
/path/to/ISIC_2017/training_images/ISIC_0000380.jpg,44.09777883846985,Light
/path/to/ISIC_2017/training_images/ISIC_0000381.jpg,51.92344891481053,Light
/path/to/ISIC_2017/training_images/ISIC_0000382.jpg,37.01513378474342,Intermediate
/path/to/ISIC_2017/training_images/ISIC_0000383.jpg,43.43980031307133,Light
/path/to/ISIC_2017/training_images/ISIC_0000384.jpg,42.65312570751272,Light
/path/to/ISIC_2017/training_images/ISIC_0000385.jpg,46.91624437249638,Light
/path/to/ISIC_2017/training_images/ISIC_0000386.jpg,44.77353564765882,Light
/path/to/ISIC_2017/training_images/ISIC_0000387.jpg,45.7376731374322,Light
/path/to/ISIC_2017/training_images/ISIC_0000388.jpg,46.09748605338053,Light
/path/to/ISIC_2017/training_images/ISIC_0000390.jpg,49.74652314342764,Light
/path/to/ISIC_2017/training_images/ISIC_0000391.jpg,42.70938995736147,Light
/path/to/ISIC_2017/training_images/ISIC_0000392.jpg,38.659808254090095,Intermediate
/path/to/ISIC_2017/training_images/ISIC_0000393.jpg,40.33812690476117,Intermediate
/path/to/ISIC_2017/training_images/ISIC_0000395.jpg,39.163371475130496,Intermediate
/path/to/ISIC_2017/training_images/ISIC_0000396.jpg,39.143986414571046,Intermediate
/path/to/ISIC_2017/training_images/ISIC_0000397.jpg,38.97840986095666,Intermediate
/path/to/ISIC_2017/training_images/ISIC_0000403.jpg,42.633752008544214,Light
/path/to/ISIC_2017/training_images/ISIC_0000407.jpg,41.05481377096244,Light
/path/to/ISIC_2017/training_images/ISIC_0000408.jpg,45.88823549523977,Light
/path/to/ISIC_2017/training_images/ISIC_0000409.jpg,46.49063183526231,Light
/path/to/ISIC_2017/training_images/ISIC_0000410.jpg,43.38969939750101,Light
/path/to/ISIC_2017/training_images/ISIC_0000412.jpg,48.391339419796346,Light
/path/to/ISIC_2017/training_images/ISIC_0000413.jpg,47.12109639666145,Light
/path/to/ISIC_2017/training_images/ISIC_0000415.jpg,47.48955292199915,Light
/path/to/ISIC_2017/training_images/ISIC_0000416.jpg,42.470505795162246,Light
/path/to/ISIC_2017/training_images/ISIC_0000418.jpg,48.10602709561643,Light
/path/to/ISIC_2017/training_images/ISIC_0000419.jpg,47.35916613258165,Light
/path/to/ISIC_2017/training_images/ISIC_0000420.jpg,43.20385684750428,Light
/path/to/ISIC_2017/training_images/ISIC_0000421.jpg,40.39990433373673,Intermediate
/path/to/ISIC_2017/training_images/ISIC_0000423.jpg,45.61605990839924,Light
/path/to/ISIC_2017/training_images/ISIC_0000425.jpg,47.43664824681013,Light
/path/to/ISIC_2017/training_images/ISIC_0000426.jpg,52.64501327167073,Light
/path/to/ISIC_2017/training_images/ISIC_0000427.jpg,48.895848013087516,Light
/path/to/ISIC_2017/training_images/ISIC_0000431.jpg,40.454664691251175,Intermediate
/path/to/ISIC_2017/training_images/ISIC_0000433.jpg,50.9468630539735,Light
/path/to/ISIC_2017/training_images/ISIC_0000434.jpg,49.64633549119589,Light
/path/to/ISIC_2017/training_images/ISIC_0000436.jpg,44.11859600341787,Light
/path/to/ISIC_2017/training_images/ISIC_0000439.jpg,47.41950921665634,Light
/path/to/ISIC_2017/training_images/ISIC_0000442.jpg,48.868204038321714,Light
/path/to/ISIC_2017/training_images/ISIC_0000443.jpg,47.13691085375725,Light
/path/to/ISIC_2017/training_images/ISIC_0000444.jpg,42.640833867418365,Light
/path/to/ISIC_2017/training_images/ISIC_0000445.jpg,41.00908690157022,Light
/path/to/ISIC_2017/training_images/ISIC_0000447.jpg,46.53630012888379,Light
/path/to/ISIC_2017/training_images/ISIC_0000448.jpg,47.47166476163341,Light
/path/to/ISIC_2017/training_images/ISIC_0000449.jpg,41.60866058020365,Light
/path/to/ISIC_2017/training_images/ISIC_0000451.jpg,45.403484735058754,Light
/path/to/ISIC_2017/training_images/ISIC_0000453.jpg,35.90972307917768,Intermediate
/path/to/ISIC_2017/training_images/ISIC_0000455.jpg,40.2551007945435,Intermediate
/path/to/ISIC_2017/training_images/ISIC_0000456.jpg,39.058480206247246,Intermediate
/path/to/ISIC_2017/training_images/ISIC_0000457.jpg,42.640833867418365,Light
/path/to/ISIC_2017/training_images/ISIC_0000458.jpg,46.04162667600997,Light
/path/to/ISIC_2017/training_images/ISIC_0000460.jpg,42.22978420279981,Light
/path/to/ISIC_2017/training_images/ISIC_0000461.jpg,41.49646835521554,Light
/path/to/ISIC_2017/training_images/ISIC_0000463.jpg,48.56326806290617,Light
/path/to/ISIC_2017/training_images/ISIC_0000465.jpg,41.96266417704752,Light
/path/to/ISIC_2017/training_images/ISIC_0000466.jpg,46.67239436108927,Light
/path/to/ISIC_2017/training_images/ISIC_0000467.jpg,43.42756957232665,Light
/path/to/ISIC_2017/training_images/ISIC_0000468.jpg,34.07719528013074,Intermediate
/path/to/ISIC_2017/training_images/ISIC_0000469.jpg,40.63648860833808,Intermediate
/path/to/ISIC_2017/training_images/ISIC_0000470.jpg,47.52611691161955,Light
/path/to/ISIC_2017/training_images/ISIC_0000471.jpg,44.09777883846985,Light
/path/to/ISIC_2017/training_images/ISIC_0000473.jpg,45.663628000013254,Light
/path/to/ISIC_2017/training_images/ISIC_0000474.jpg,44.32063524453474,Light
/path/to/ISIC_2017/training_images/ISIC_0000475.jpg,40.827015523920494,Intermediate
/path/to/ISIC_2017/training_images/ISIC_0000476.jpg,47.88296345253954,Light
/path/to/ISIC_2017/training_images/ISIC_0000478.jpg,45.66879195296866,Light
/path/to/ISIC_2017/training_images/ISIC_0000479.jpg,42.08156527921844,Light
/path/to/ISIC_2017/training_images/ISIC_0000480.jpg,47.09015915371069,Light
/path/to/ISIC_2017/training_images/ISIC_0000481.jpg,39.042868885291796,Intermediate
/path/to/ISIC_2017/training_images/ISIC_0000482.jpg,46.73570458892839,Light
/path/to/ISIC_2017/training_images/ISIC_0000483.jpg,45.0,Light
/path/to/ISIC_2017/training_images/ISIC_0000484.jpg,46.04925594088007,Light
/path/to/ISIC_2017/training_images/ISIC_0000485.jpg,41.185925165709655,Light
/path/to/ISIC_2017/training_images/ISIC_0000486.jpg,45.0,Light
/path/to/ISIC_2017/training_images/ISIC_0000487.jpg,47.19493112320418,Light
/path/to/ISIC_2017/training_images/ISIC_0000488.jpg,42.91322272442924,Light
/path/to/ISIC_2017/training_images/ISIC_0000489.jpg,41.15396990995262,Light
/path/to/ISIC_2017/training_images/ISIC_0000490.jpg,36.00074895416071,Intermediate
/path/to/ISIC_2017/training_images/ISIC_0000491.jpg,37.155303900470436,Intermediate
/path/to/ISIC_2017/training_images/ISIC_0000492.jpg,44.77706034880248,Light
/path/to/ISIC_2017/training_images/ISIC_0000493.jpg,44.54528113830686,Light
/path/to/ISIC_2017/training_images/ISIC_0000494.jpg,44.11859600341787,Light
/path/to/ISIC_2017/training_images/ISIC_0000495.jpg,49.08561677997488,Light
/path/to/ISIC_2017/training_images/ISIC_0000496.jpg,46.97493401088198,Light
/path/to/ISIC_2017/training_images/ISIC_0000498.jpg,44.7753118203755,Light
/path/to/ISIC_2017/training_images/ISIC_0000499.jpg,48.19162665655427,Light
/path/to/ISIC_2017/training_images/ISIC_0000500.jpg,43.91085783010349,Light
/path/to/ISIC_2017/training_images/ISIC_0000501.jpg,39.88958243896877,Intermediate
/path/to/ISIC_2017/training_images/ISIC_0000503.jpg,42.22978420279981,Light
/path/to/ISIC_2017/training_images/ISIC_0000504.jpg,42.37759853945891,Light
/path/to/ISIC_2017/training_images/ISIC_0000505.jpg,42.95459151111278,Light
/path/to/ISIC_2017/training_images/ISIC_0000506.jpg,46.321975659536974,Light
/path/to/ISIC_2017/training_images/ISIC_0000507.jpg,45.22293965119752,Light
/path/to/ISIC_2017/training_images/ISIC_0000508.jpg,52.266954405811695,Light
/path/to/ISIC_2017/training_images/ISIC_0000509.jpg,46.44759968685647,Light
/path/to/ISIC_2017/training_images/ISIC_0000510.jpg,48.157944796439274,Light
/path/to/ISIC_2017/training_images/ISIC_0000511.jpg,45.84876427155359,Light
/path/to/ISIC_2017/training_images/ISIC_0000513.jpg,48.07745539942438,Light
/path/to/ISIC_2017/training_images/ISIC_0000514.jpg,47.27408876872701,Light
/path/to/ISIC_2017/training_images/ISIC_0000515.jpg,44.54886145321272,Light
/path/to/ISIC_2017/training_images/ISIC_0000516.jpg,50.22702036014291,Light
/path/to/ISIC_2017/training_images/ISIC_0000517.jpg,37.959283412995354,Intermediate
/path/to/ISIC_2017/training_images/ISIC_0000518.jpg,39.33629374197943,Intermediate
/path/to/ISIC_2017/training_images/ISIC_0000519.jpg,45.0,Light
/path/to/ISIC_2017/training_images/ISIC_0000520.jpg,45.427572506833414,Light
/path/to/ISIC_2017/training_images/ISIC_0000521.jpg,46.49063183526231,Light
/path/to/ISIC_2017/training_images/ISIC_0000522.jpg,44.36575528557388,Light
/path/to/ISIC_2017/training_images/ISIC_0000523.jpg,37.959283412995354,Intermediate
/path/to/ISIC_2017/training_images/ISIC_0000524.jpg,49.11490909823726,Light
/path/to/ISIC_2017/training_images/ISIC_0000525.jpg,45.0,Light
/path/to/ISIC_2017/training_images/ISIC_0000527.jpg,45.85509739626672,Light
/path/to/ISIC_2017/training_images/ISIC_0000528.jpg,41.557784714102624,Light
/path/to/ISIC_2017/training_images/ISIC_0000529.jpg,45.62959860841026,Light
/path/to/ISIC_2017/training_images/ISIC_0000530.jpg,43.94300222321511,Light
/path/to/ISIC_2017/training_images/ISIC_0000531.jpg,39.92039213998543,Intermediate
/path/to/ISIC_2017/training_images/ISIC_0000532.jpg,45.64860375889098,Light
/path/to/ISIC_2017/training_images/ISIC_0000533.jpg,40.40945681439398,Intermediate
/path/to/ISIC_2017/training_images/ISIC_0000534.jpg,48.895848013087516,Light
/path/to/ISIC_2017/training_images/ISIC_0000535.jpg,49.58185586440811,Light
/path/to/ISIC_2017/training_images/ISIC_0000536.jpg,45.59474451521851,Light
/path/to/ISIC_2017/training_images/ISIC_0000538.jpg,46.87446556260453,Light
/path/to/ISIC_2017/training_images/ISIC_0000539.jpg,52.822339264822,Light
/path/to/ISIC_2017/training_images/ISIC_0000540.jpg,41.941302425904176,Light
/path/to/ISIC_2017/training_images/ISIC_0000541.jpg,41.47854662307777,Light
/path/to/ISIC_2017/training_images/ISIC_0000542.jpg,45.82434282084515,Light
/path/to/ISIC_2017/training_images/ISIC_0000543.jpg,43.196004883799404,Light
/path/to/ISIC_2017/training_images/ISIC_0000544.jpg,40.497810507959024,Intermediate
/path/to/ISIC_2017/training_images/ISIC_0000545.jpg,43.27733792837719,Light
/path/to/ISIC_2017/training_images/ISIC_0000546.jpg,48.157944796439274,Light
/path/to/ISIC_2017/training_images/ISIC_0000547.jpg,48.60127811722344,Light
/path/to/ISIC_2017/training_images/ISIC_0000548.jpg,45.87467677112132,Light
/path/to/ISIC_2017/training_images/ISIC_0000549.jpg,45.0,Light
/path/to/ISIC_2017/training_images/ISIC_0000550.jpg,46.60226134627098,Light
/path/to/ISIC_2017/training_images/ISIC_0000551.jpg,42.78034444680211,Light
/path/to/ISIC_2017/training_images/ISIC_0000552.jpg,45.0,Light
/path/to/ISIC_2017/training_images/ISIC_0000554.jpg,52.078921604612226,Light
/path/to/ISIC_2017/training_images/ISIC_0000555.jpg,44.34646431932219,Light
/path/to/ISIC_2017/training_images/ISIC_0000556.jpg,50.40379136024971,Light
/path/to/ISIC_2017/training_images/ISIC_0000882.jpg,39.72610404264824,Intermediate
/path/to/ISIC_2017/training_images/ISIC_0000900.jpg,41.76029970389787,Light
/path/to/ISIC_2017/training_images/ISIC_0000999.jpg,38.35692589741878,Intermediate
/path/to/ISIC_2017/training_images/ISIC_0001100.jpg,39.88958243896877,Intermediate
/path/to/ISIC_2017/training_images/ISIC_0001102.jpg,46.86094106601303,Light
/path/to/ISIC_2017/training_images/ISIC_0001103.jpg,40.93142032315459,Intermediate
/path/to/ISIC_2017/training_images/ISIC_0001105.jpg,37.874983651098205,Intermediate
/path/to/ISIC_2017/training_images/ISIC_0001118.jpg,47.563770211465005,Light
/path/to/ISIC_2017/training_images/ISIC_0001119.jpg,36.7241071729248,Intermediate
/path/to/ISIC_2017/training_images/ISIC_0001126.jpg,35.682913930873774,Intermediate
/path/to/ISIC_2017/training_images/ISIC_0001128.jpg,39.71875937155489,Intermediate
/path/to/ISIC_2017/training_images/ISIC_0001131.jpg,57.49247557736109,Very Light
/path/to/ISIC_2017/training_images/ISIC_0001133.jpg,43.53119928561417,Light
/path/to/ISIC_2017/training_images/ISIC_0001134.jpg,37.568592028827496,Intermediate
/path/to/ISIC_2017/training_images/ISIC_0001140.jpg,54.67132099787986,Light
/path/to/ISIC_2017/training_images/ISIC_0001142.jpg,41.47854662307777,Light
/path/to/ISIC_2017/training_images/ISIC_0001148.jpg,44.10482628978893,Light
/path/to/ISIC_2017/training_images/ISIC_0001152.jpg,42.74542503406497,Light
/path/to/ISIC_2017/training_images/ISIC_0001960.jpg,36.807483967358,Intermediate
/path/to/ISIC_2017/training_images/ISIC_0002093.jpg,32.21654605857563,Intermediate
/path/to/ISIC_2017/training_images/ISIC_0002107.jpg,42.978635059643985,Light
/path/to/ISIC_2017/training_images/ISIC_0002206.jpg,39.266625241628134,Intermediate
/path/to/ISIC_2017/training_images/ISIC_0002246.jpg,31.42956561483852,Intermediate
/path/to/ISIC_2017/training_images/ISIC_0002251.jpg,37.822754149144984,Intermediate
/path/to/ISIC_2017/training_images/ISIC_0002287.jpg,41.964430874944426,Light
/path/to/ISIC_2017/training_images/ISIC_0002353.jpg,43.05485323858571,Light
/path/to/ISIC_2017/training_images/ISIC_0002374.jpg,40.70521674297732,Intermediate
/path/to/ISIC_2017/training_images/ISIC_0002438.jpg,40.78582147726596,Intermediate
/path/to/ISIC_2017/training_images/ISIC_0002439.jpg,40.60129464500447,Intermediate
/path/to/ISIC_2017/training_images/ISIC_0002453.jpg,47.35329686610831,Light
/path/to/ISIC_2017/training_images/ISIC_0002459.jpg,42.37759853945891,Light
/path/to/ISIC_2017/training_images/ISIC_0002469.jpg,41.21552009051209,Light
/path/to/ISIC_2017/training_images/ISIC_0002476.jpg,42.10423802653342,Light
/path/to/ISIC_2017/training_images/ISIC_0002488.jpg,40.7387767555013,Intermediate
/path/to/ISIC_2017/training_images/ISIC_0002489.jpg,41.395579460824294,Light
/path/to/ISIC_2017/training_images/ISIC_0002616.jpg,42.51044707800085,Light
/path/to/ISIC_2017/training_images/ISIC_0002647.jpg,42.293487132297166,Light
/path/to/ISIC_2017/training_images/ISIC_0002673.jpg,43.68811221749589,Light
/path/to/ISIC_2017/training_images/ISIC_0002780.jpg,44.38394009160078,Light
/path/to/ISIC_2017/training_images/ISIC_0002806.jpg,44.36575528557388,Light
/path/to/ISIC_2017/training_images/ISIC_0002829.jpg,33.95369655286491,Intermediate
/path/to/ISIC_2017/training_images/ISIC_0002836.jpg,42.99746686817312,Light
/path/to/ISIC_2017/training_images/ISIC_0002871.jpg,42.37759853945891,Light
/path/to/ISIC_2017/training_images/ISIC_0002879.jpg,49.73343833057548,Light
/path/to/ISIC_2017/training_images/ISIC_0002885.jpg,42.00965502483463,Light
/path/to/ISIC_2017/training_images/ISIC_0002948.jpg,52.19347005529555,Light
/path/to/ISIC_2017/training_images/ISIC_0002975.jpg,43.94300222321511,Light
/path/to/ISIC_2017/training_images/ISIC_0002976.jpg,46.416921174495705,Light
/path/to/ISIC_2017/training_images/ISIC_0003005.jpg,48.5186114653372,Light
/path/to/ISIC_2017/training_images/ISIC_0003051.jpg,42.33223371955367,Light
/path/to/ISIC_2017/training_images/ISIC_0003056.jpg,38.806095032849015,Intermediate
/path/to/ISIC_2017/training_images/ISIC_0003174.jpg,37.11038219172019,Intermediate
/path/to/ISIC_2017/training_images/ISIC_0003308.jpg,33.690067525979785,Intermediate
/path/to/ISIC_2017/training_images/ISIC_0003346.jpg,37.729931354626586,Intermediate
/path/to/ISIC_2017/training_images/ISIC_0003728.jpg,15.847704981926867,Tan
/path/to/ISIC_2017/training_images/ISIC_0004110.jpg,44.34646431932219,Light
/path/to/ISIC_2017/training_images/ISIC_0004115.jpg,38.367485384861546,Intermediate
/path/to/ISIC_2017/training_images/ISIC_0004166.jpg,45.41219274140232,Light
/path/to/ISIC_2017/training_images/ISIC_0004168.jpg,46.04162667600997,Light
/path/to/ISIC_2017/training_images/ISIC_0004309.jpg,45.0,Light
/path/to/ISIC_2017/training_images/ISIC_0004346.jpg,42.604994483127655,Light
/path/to/ISIC_2017/training_images/ISIC_0004715.jpg,47.150026351038605,Light
/path/to/ISIC_2017/training_images/ISIC_0004985.jpg,42.19151512265401,Light
/path/to/ISIC_2017/training_images/ISIC_0005000.jpg,37.729931354626586,Intermediate
/path/to/ISIC_2017/training_images/ISIC_0005187.jpg,41.185925165709655,Light
/path/to/ISIC_2017/training_images/ISIC_0005548.jpg,34.96512077353356,Intermediate
/path/to/ISIC_2017/training_images/ISIC_0005555.jpg,41.27335507676074,Light
/path/to/ISIC_2017/training_images/ISIC_0005620.jpg,40.7387767555013,Intermediate
/path/to/ISIC_2017/training_images/ISIC_0005639.jpg,36.67975748263055,Intermediate
/path/to/ISIC_2017/training_images/ISIC_0005666.jpg,38.709329226645,Intermediate
/path/to/ISIC_2017/training_images/ISIC_0005787.jpg,41.65967792030115,Light
/path/to/ISIC_2017/training_images/ISIC_0006021.jpg,39.173657970444225,Intermediate
/path/to/ISIC_2017/training_images/ISIC_0006114.jpg,46.53777238469746,Light
/path/to/ISIC_2017/training_images/ISIC_0006193.jpg,35.42300994070634,Intermediate
/path/to/ISIC_2017/training_images/ISIC_0006326.jpg,46.16124190831401,Light
/path/to/ISIC_2017/training_images/ISIC_0006350.jpg,39.846091438772206,Intermediate
/path/to/ISIC_2017/training_images/ISIC_0006612.jpg,40.46904841819364,Intermediate
/path/to/ISIC_2017/training_images/ISIC_0006711.jpg,41.32945136728386,Light
/path/to/ISIC_2017/training_images/ISIC_0006776.jpg,39.61845294786808,Intermediate
/path/to/ISIC_2017/training_images/ISIC_0006795.jpg,37.58850714082113,Intermediate
/path/to/ISIC_2017/training_images/ISIC_0006800.jpg,37.193599170764244,Intermediate
/path/to/ISIC_2017/training_images/ISIC_0006940.jpg,40.8679397450474,Intermediate
/path/to/ISIC_2017/training_images/ISIC_0006982.jpg,39.400660663479435,Intermediate
/path/to/ISIC_2017/training_images/ISIC_0007038.jpg,36.80193115398371,Intermediate
/path/to/ISIC_2017/training_images/ISIC_0007087.jpg,39.33271432176087,Intermediate
/path/to/ISIC_2017/training_images/ISIC_0007322.jpg,42.820244008258484,Light
/path/to/ISIC_2017/training_images/ISIC_0007475.jpg,34.40847225202862,Intermediate
/path/to/ISIC_2017/training_images/ISIC_0007557.jpg,40.462227492093355,Intermediate
/path/to/ISIC_2017/training_images/ISIC_0007693.jpg,43.41514560694948,Light
/path/to/ISIC_2017/training_images/ISIC_0007760.jpg,38.22648709097156,Intermediate
/path/to/ISIC_2017/training_images/ISIC_0008029.jpg,39.994167447048916,Intermediate
/path/to/ISIC_2017/training_images/ISIC_0008116.jpg,40.049727765708255,Intermediate
/path/to/ISIC_2017/training_images/ISIC_0008145.jpg,42.00965502483463,Light
/path/to/ISIC_2017/training_images/ISIC_0008207.jpg,36.75655302710568,Intermediate
/path/to/ISIC_2017/training_images/ISIC_0008236.jpg,38.99099404250548,Intermediate
/path/to/ISIC_2017/training_images/ISIC_0008256.jpg,39.56994892698806,Intermediate
/path/to/ISIC_2017/training_images/ISIC_0008280.jpg,39.925269621842475,Intermediate
/path/to/ISIC_2017/training_images/ISIC_0008294.jpg,40.049727765708255,Intermediate
/path/to/ISIC_2017/training_images/ISIC_0008347.jpg,44.36575528557388,Light
/path/to/ISIC_2017/training_images/ISIC_0008396.jpg,42.473883088380454,Light
/path/to/ISIC_2017/training_images/ISIC_0008403.jpg,41.47854662307777,Light
/path/to/ISIC_2017/training_images/ISIC_0008406.jpg,45.415179541144866,Light
/path/to/ISIC_2017/training_images/ISIC_0008507.jpg,43.97330381994214,Light
/path/to/ISIC_2017/training_images/ISIC_0008528.jpg,44.169684513742,Light
/path/to/ISIC_2017/training_images/ISIC_0008541.jpg,42.473883088380454,Light
/path/to/ISIC_2017/training_images/ISIC_0008552.jpg,43.083755627503635,Light
/path/to/ISIC_2017/training_images/ISIC_0008600.jpg,43.47537722658813,Light
/path/to/ISIC_2017/training_images/ISIC_0008626.jpg,44.18154453831139,Light
/path/to/ISIC_2017/training_images/ISIC_0008659.jpg,46.42700186751469,Light
/path/to/ISIC_2017/training_images/ISIC_0008785.jpg,43.68811221749589,Light
/path/to/ISIC_2017/training_images/ISIC_0008807.jpg,42.758249336802656,Light
/path/to/ISIC_2017/training_images/ISIC_0008879.jpg,42.27368900609373,Light
/path/to/ISIC_2017/training_images/ISIC_0008992.jpg,42.597390531013964,Light
/path/to/ISIC_2017/training_images/ISIC_0008993.jpg,42.4551956201869,Light
/path/to/ISIC_2017/training_images/ISIC_0008998.jpg,43.919075813339305,Light
/path/to/ISIC_2017/training_images/ISIC_0009035.jpg,40.07656262330378,Intermediate
/path/to/ISIC_2017/training_images/ISIC_0009078.jpg,43.71747291728983,Light
/path/to/ISIC_2017/training_images/ISIC_0009083.jpg,39.351752626264734,Intermediate
/path/to/ISIC_2017/training_images/ISIC_0009160.jpg,41.71075732150817,Light
/path/to/ISIC_2017/training_images/ISIC_0009165.jpg,41.244659926799464,Light
/path/to/ISIC_2017/training_images/ISIC_0009188.jpg,42.6926270030378,Light
/path/to/ISIC_2017/training_images/ISIC_0009252.jpg,48.93289627223054,Light
/path/to/ISIC_2017/training_images/ISIC_0009297.jpg,42.27368900609373,Light
/path/to/ISIC_2017/training_images/ISIC_0009298.jpg,39.41739424346893,Intermediate
/path/to/ISIC_2017/training_images/ISIC_0009344.jpg,42.27368900609373,Light
/path/to/ISIC_2017/training_images/ISIC_0009430.jpg,34.03889596797875,Intermediate
/path/to/ISIC_2017/training_images/ISIC_0009504.jpg,39.84441568259377,Intermediate
/path/to/ISIC_2017/training_images/ISIC_0009533.jpg,41.6335393365702,Light
/path/to/ISIC_2017/training_images/ISIC_0009564.jpg,40.63474226497207,Intermediate
/path/to/ISIC_2017/training_images/ISIC_0009583.jpg,45.0,Light
/path/to/ISIC_2017/training_images/ISIC_0009599.jpg,43.53119928561417,Light
/path/to/ISIC_2017/training_images/ISIC_0009758.jpg,40.46904841819364,Intermediate
/path/to/ISIC_2017/training_images/ISIC_0009860.jpg,44.163624674577584,Light
/path/to/ISIC_2017/training_images/ISIC_0009868.jpg,43.264295411071615,Light
/path/to/ISIC_2017/training_images/ISIC_0009869.jpg,37.0064785063602,Intermediate
/path/to/ISIC_2017/training_images/ISIC_0009870.jpg,39.8055710922652,Intermediate
/path/to/ISIC_2017/training_images/ISIC_0009871.jpg,43.210089391753925,Light
/path/to/ISIC_2017/training_images/ISIC_0009872.jpg,37.255289453577085,Intermediate
/path/to/ISIC_2017/training_images/ISIC_0009873.jpg,43.50936816473769,Light
/path/to/ISIC_2017/training_images/ISIC_0009874.jpg,53.58362148011395,Light
/path/to/ISIC_2017/training_images/ISIC_0009875.jpg,45.61605990839924,Light
/path/to/ISIC_2017/training_images/ISIC_0009877.jpg,55.35166948709203,Very Light
/path/to/ISIC_2017/training_images/ISIC_0009879.jpg,45.0,Light
/path/to/ISIC_2017/training_images/ISIC_0009880.jpg,53.558874739097604,Light
/path/to/ISIC_2017/training_images/ISIC_0009881.jpg,47.290610042638534,Light
/path/to/ISIC_2017/training_images/ISIC_0009882.jpg,46.49063183526231,Light
/path/to/ISIC_2017/training_images/ISIC_0009883.jpg,48.012787504183336,Light
/path/to/ISIC_2017/training_images/ISIC_0009884.jpg,41.524767223269905,Light
/path/to/ISIC_2017/training_images/ISIC_0009885.jpg,48.81407483429035,Light
/path/to/ISIC_2017/training_images/ISIC_0009888.jpg,48.07745539942438,Light
/path/to/ISIC_2017/training_images/ISIC_0009889.jpg,49.39870535499554,Light
/path/to/ISIC_2017/training_images/ISIC_0009891.jpg,42.37759853945891,Light
/path/to/ISIC_2017/training_images/ISIC_0009895.jpg,51.68690932618236,Light
/path/to/ISIC_2017/training_images/ISIC_0009896.jpg,52.41585537125235,Light
/path/to/ISIC_2017/training_images/ISIC_0009897.jpg,51.34019174590991,Light
/path/to/ISIC_2017/training_images/ISIC_0009898.jpg,53.826370954227926,Light
/path/to/ISIC_2017/training_images/ISIC_0009899.jpg,35.134193056915635,Intermediate
/path/to/ISIC_2017/training_images/ISIC_0009901.jpg,49.9863337712355,Light
/path/to/ISIC_2017/training_images/ISIC_0009902.jpg,48.972495940750655,Light
/path/to/ISIC_2017/training_images/ISIC_0009905.jpg,49.39870535499554,Light
/path/to/ISIC_2017/training_images/ISIC_0009906.jpg,44.09061955080086,Light
/path/to/ISIC_2017/training_images/ISIC_0009909.jpg,29.357753542791272,Intermediate
/path/to/ISIC_2017/training_images/ISIC_0009910.jpg,53.32156623466691,Light
/path/to/ISIC_2017/training_images/ISIC_0009911.jpg,53.52219737619818,Light
/path/to/ISIC_2017/training_images/ISIC_0009912.jpg,40.292147755627774,Intermediate
/path/to/ISIC_2017/training_images/ISIC_0009914.jpg,48.89167629408076,Light
/path/to/ISIC_2017/training_images/ISIC_0009915.jpg,56.04094018032373,Very Light
/path/to/ISIC_2017/training_images/ISIC_0009917.jpg,42.05853500608889,Light
/path/to/ISIC_2017/training_images/ISIC_0009918.jpg,42.604994483127655,Light
/path/to/ISIC_2017/training_images/ISIC_0009919.jpg,53.593817063287624,Light
/path/to/ISIC_2017/training_images/ISIC_0009920.jpg,53.3870323786595,Light
/path/to/ISIC_2017/training_images/ISIC_0009921.jpg,55.97565517281255,Very Light
/path/to/ISIC_2017/training_images/ISIC_0009923.jpg,51.03954198916355,Light
/path/to/ISIC_2017/training_images/ISIC_0009925.jpg,48.50353164478446,Light
/path/to/ISIC_2017/training_images/ISIC_0009929.jpg,50.26494675460581,Light
/path/to/ISIC_2017/training_images/ISIC_0009930.jpg,47.66776628044633,Light
/path/to/ISIC_2017/training_images/ISIC_0009931.jpg,44.581790058502904,Light
/path/to/ISIC_2017/training_images/ISIC_0009932.jpg,45.836375325422416,Light
/path/to/ISIC_2017/training_images/ISIC_0009933.jpg,53.857958763628346,Light
/path/to/ISIC_2017/training_images/ISIC_0009935.jpg,40.63648860833808,Intermediate
/path/to/ISIC_2017/training_images/ISIC_0009936.jpg,41.217354553403695,Light
/path/to/ISIC_2017/training_images/ISIC_0009937.jpg,41.89397290438357,Light
/path/to/ISIC_2017/training_images/ISIC_0009938.jpg,41.78451600825179,Light
/path/to/ISIC_2017/training_images/ISIC_0009939.jpg,40.91438322002512,Intermediate
/path/to/ISIC_2017/training_images/ISIC_0009940.jpg,46.4372269963219,Light
/path/to/ISIC_2017/training_images/ISIC_0009941.jpg,45.20684307077733,Light
/path/to/ISIC_2017/training_images/ISIC_0009942.jpg,37.63194892837782,Intermediate
/path/to/ISIC_2017/training_images/ISIC_0009943.jpg,47.225923895114036,Light
/path/to/ISIC_2017/training_images/ISIC_0009945.jpg,41.55261314813481,Light
/path/to/ISIC_2017/training_images/ISIC_0009946.jpg,48.94518622903757,Light
/path/to/ISIC_2017/training_images/ISIC_0009947.jpg,43.083755627503635,Light
/path/to/ISIC_2017/training_images/ISIC_0009949.jpg,54.20641223950483,Light
/path/to/ISIC_2017/training_images/ISIC_0009950.jpg,44.56921278299137,Light
/path/to/ISIC_2017/training_images/ISIC_0009951.jpg,41.84515713520803,Light
/path/to/ISIC_2017/training_images/ISIC_0009953.jpg,49.460848258516556,Light
/path/to/ISIC_2017/training_images/ISIC_0009954.jpg,53.66738717995549,Light
/path/to/ISIC_2017/training_images/ISIC_0009955.jpg,53.433519356368464,Light
/path/to/ISIC_2017/training_images/ISIC_0009956.jpg,49.099513403401886,Light
/path/to/ISIC_2017/training_images/ISIC_0009958.jpg,48.84094902533696,Light
/path/to/ISIC_2017/training_images/ISIC_0009960.jpg,52.822339264822,Light
/path/to/ISIC_2017/training_images/ISIC_0009961.jpg,51.766174822553054,Light
/path/to/ISIC_2017/training_images/ISIC_0009962.jpg,54.13961513677238,Light
/path/to/ISIC_2017/training_images/ISIC_0009963.jpg,49.056737861294884,Light
/path/to/ISIC_2017/training_images/ISIC_0009964.jpg,48.07745539942438,Light
/path/to/ISIC_2017/training_images/ISIC_0009965.jpg,43.30284381039972,Light
/path/to/ISIC_2017/training_images/ISIC_0009966.jpg,48.03403964694501,Light
/path/to/ISIC_2017/training_images/ISIC_0009967.jpg,45.63424471442612,Light
/path/to/ISIC_2017/training_images/ISIC_0009968.jpg,40.23635830927382,Intermediate
/path/to/ISIC_2017/training_images/ISIC_0009969.jpg,47.991830745969004,Light
/path/to/ISIC_2017/training_images/ISIC_0009971.jpg,47.8221552998118,Light
/path/to/ISIC_2017/training_images/ISIC_0009972.jpg,47.10551418885604,Light
/path/to/ISIC_2017/training_images/ISIC_0009973.jpg,51.05695220530956,Light
/path/to/ISIC_2017/training_images/ISIC_0009974.jpg,50.72895128474488,Light
/path/to/ISIC_2017/training_images/ISIC_0009975.jpg,40.426078740099136,Intermediate
/path/to/ISIC_2017/training_images/ISIC_0009976.jpg,48.9131595249874,Light
/path/to/ISIC_2017/training_images/ISIC_0009977.jpg,40.60129464500447,Intermediate
/path/to/ISIC_2017/training_images/ISIC_0009979.jpg,52.41585537125235,Light
/path/to/ISIC_2017/training_images/ISIC_0009981.jpg,44.34646431932219,Light
/path/to/ISIC_2017/training_images/ISIC_0009982.jpg,43.49256424122503,Light
/path/to/ISIC_2017/training_images/ISIC_0009987.jpg,50.80357549584811,Light
/path/to/ISIC_2017/training_images/ISIC_0009991.jpg,48.012787504183336,Light
/path/to/ISIC_2017/training_images/ISIC_0009993.jpg,53.28234941703132,Light
/path/to/ISIC_2017/training_images/ISIC_0009994.jpg,46.4372269963219,Light
/path/to/ISIC_2017/training_images/ISIC_0009998.jpg,56.445063778921,Very Light
/path/to/ISIC_2017/training_images/ISIC_0010000.jpg,44.34646431932219,Light
/path/to/ISIC_2017/training_images/ISIC_0010002.jpg,40.140385569027586,Intermediate
/path/to/ISIC_2017/training_images/ISIC_0010003.jpg,49.3382667914282,Light
/path/to/ISIC_2017/training_images/ISIC_0010005.jpg,56.37609385282716,Very Light
/path/to/ISIC_2017/training_images/ISIC_0010006.jpg,46.263672551658274,Light
/path/to/ISIC_2017/training_images/ISIC_0010011.jpg,48.34337614432713,Light
/path/to/ISIC_2017/training_images/ISIC_0010013.jpg,52.788479097097984,Light
/path/to/ISIC_2017/training_images/ISIC_0010014.jpg,55.4674082132798,Very Light
/path/to/ISIC_2017/training_images/ISIC_0010015.jpg,41.65967792030115,Light
/path/to/ISIC_2017/training_images/ISIC_0010016.jpg,49.1391892557262,Light
/path/to/ISIC_2017/training_images/ISIC_0010017.jpg,49.99374398582339,Light
/path/to/ISIC_2017/training_images/ISIC_0010018.jpg,50.62053382859198,Light
/path/to/ISIC_2017/training_images/ISIC_0010019.jpg,46.236407602856154,Light
/path/to/ISIC_2017/training_images/ISIC_0010020.jpg,45.6740368979845,Light
/path/to/ISIC_2017/training_images/ISIC_0010021.jpg,54.46232220802562,Light
/path/to/ISIC_2017/training_images/ISIC_0010022.jpg,49.48841683624423,Light
/path/to/ISIC_2017/training_images/ISIC_0010024.jpg,45.80692945510237,Light
/path/to/ISIC_2017/training_images/ISIC_0010025.jpg,49.519137714706474,Light
/path/to/ISIC_2017/training_images/ISIC_0010028.jpg,48.4620730561351,Light
/path/to/ISIC_2017/training_images/ISIC_0010029.jpg,53.38139802136494,Light
/path/to/ISIC_2017/training_images/ISIC_0010032.jpg,43.50936816473769,Light
/path/to/ISIC_2017/training_images/ISIC_0010034.jpg,41.6335393365702,Light
/path/to/ISIC_2017/training_images/ISIC_0010036.jpg,41.6335393365702,Light
/path/to/ISIC_2017/training_images/ISIC_0010040.jpg,51.46593209893954,Light
/path/to/ISIC_2017/training_images/ISIC_0010042.jpg,46.64834450489614,Light
/path/to/ISIC_2017/training_images/ISIC_0010043.jpg,51.46593209893954,Light
/path/to/ISIC_2017/training_images/ISIC_0010044.jpg,45.20684307077733,Light
/path/to/ISIC_2017/training_images/ISIC_0010046.jpg,35.89266568774559,Intermediate
/path/to/ISIC_2017/training_images/ISIC_0010047.jpg,41.15586442370763,Light
/path/to/ISIC_2017/training_images/ISIC_0010051.jpg,35.1033280323309,Intermediate
/path/to/ISIC_2017/training_images/ISIC_0010053.jpg,47.8221552998118,Light
/path/to/ISIC_2017/training_images/ISIC_0010054.jpg,47.76678840116952,Light
/path/to/ISIC_2017/training_images/ISIC_0010055.jpg,48.60127811722344,Light
/path/to/ISIC_2017/training_images/ISIC_0010057.jpg,42.03513869083978,Light
/path/to/ISIC_2017/training_images/ISIC_0010058.jpg,43.02506598911803,Light
/path/to/ISIC_2017/training_images/ISIC_0010059.jpg,36.41206440352397,Intermediate
/path/to/ISIC_2017/training_images/ISIC_0010060.jpg,36.93485881927076,Intermediate
/path/to/ISIC_2017/training_images/ISIC_0010061.jpg,51.94413051099324,Light
/path/to/ISIC_2017/training_images/ISIC_0010062.jpg,46.254451622681536,Light
/path/to/ISIC_2017/training_images/ISIC_0010063.jpg,55.77634343480611,Very Light
/path/to/ISIC_2017/training_images/ISIC_0010064.jpg,47.991830745969004,Light
/path/to/ISIC_2017/training_images/ISIC_0010066.jpg,46.04162667600997,Light
/path/to/ISIC_2017/training_images/ISIC_0010067.jpg,51.29935370613049,Light
/path/to/ISIC_2017/training_images/ISIC_0010069.jpg,48.179830119864235,Light
/path/to/ISIC_2017/training_images/ISIC_0010070.jpg,56.57125690829498,Very Light
/path/to/ISIC_2017/training_images/ISIC_0010074.jpg,45.4212849041686,Light
/path/to/ISIC_2017/training_images/ISIC_0010075.jpg,44.3414568224364,Light
/path/to/ISIC_2017/training_images/ISIC_0010077.jpg,43.069412558833015,Light
/path/to/ISIC_2017/training_images/ISIC_0010078.jpg,45.212994481711426,Light
/path/to/ISIC_2017/training_images/ISIC_0010080.jpg,44.58482045885514,Light
/path/to/ISIC_2017/training_images/ISIC_0010081.jpg,32.9052429229879,Intermediate
/path/to/ISIC_2017/training_images/ISIC_0010086.jpg,52.382576352728925,Light
/path/to/ISIC_2017/training_images/ISIC_0010087.jpg,50.30092651652569,Light
/path/to/ISIC_2017/training_images/ISIC_0010088.jpg,52.35237935989236,Light
/path/to/ISIC_2017/training_images/ISIC_0010089.jpg,42.640833867418365,Light
/path/to/ISIC_2017/training_images/ISIC_0010090.jpg,48.91824886406737,Light
/path/to/ISIC_2017/training_images/ISIC_0010092.jpg,45.80692945510237,Light
/path/to/ISIC_2017/training_images/ISIC_0010093.jpg,48.03403964694501,Light
/path/to/ISIC_2017/training_images/ISIC_0010094.jpg,51.04850666100062,Light
/path/to/ISIC_2017/training_images/ISIC_0010100.jpg,55.97050647137308,Very Light
/path/to/ISIC_2017/training_images/ISIC_0010102.jpg,49.635463426902646,Light
/path/to/ISIC_2017/training_images/ISIC_0010104.jpg,52.666804261814185,Light
/path/to/ISIC_2017/training_images/ISIC_0010105.jpg,52.65615910565133,Light
/path/to/ISIC_2017/training_images/ISIC_0010168.jpg,49.76364169072618,Light
/path/to/ISIC_2017/training_images/ISIC_0010170.jpg,52.28680311398163,Light
/path/to/ISIC_2017/training_images/ISIC_0010171.jpg,42.72755026721706,Light
/path/to/ISIC_2017/training_images/ISIC_0010173.jpg,40.780904650751545,Intermediate
/path/to/ISIC_2017/training_images/ISIC_0010174.jpg,38.418055344821994,Intermediate
/path/to/ISIC_2017/training_images/ISIC_0010176.jpg,50.068018126605175,Light
/path/to/ISIC_2017/training_images/ISIC_0010177.jpg,53.95479412885125,Light
/path/to/ISIC_2017/training_images/ISIC_0010178.jpg,50.431466832327516,Light
/path/to/ISIC_2017/training_images/ISIC_0010180.jpg,41.775477393480095,Light
/path/to/ISIC_2017/training_images/ISIC_0010182.jpg,51.12250366148737,Light
/path/to/ISIC_2017/training_images/ISIC_0010184.jpg,49.16650488554868,Light
/path/to/ISIC_2017/training_images/ISIC_0010185.jpg,38.81706983405174,Intermediate
/path/to/ISIC_2017/training_images/ISIC_0010186.jpg,46.501792522359345,Light
/path/to/ISIC_2017/training_images/ISIC_0010187.jpg,48.551733354820406,Light
/path/to/ISIC_2017/training_images/ISIC_0010191.jpg,47.35329686610831,Light
/path/to/ISIC_2017/training_images/ISIC_0010192.jpg,46.47963577089681,Light
/path/to/ISIC_2017/training_images/ISIC_0010193.jpg,43.68811221749589,Light
/path/to/ISIC_2017/training_images/ISIC_0010194.jpg,38.24946053782103,Intermediate
/path/to/ISIC_2017/training_images/ISIC_0010201.jpg,48.31778116833485,Light
/path/to/ISIC_2017/training_images/ISIC_0010202.jpg,50.053826050064366,Light
/path/to/ISIC_2017/training_images/ISIC_0010205.jpg,56.63845971943042,Very Light
/path/to/ISIC_2017/training_images/ISIC_0010206.jpg,54.57422788509183,Light
/path/to/ISIC_2017/training_images/ISIC_0010207.jpg,39.885986168604866,Intermediate
/path/to/ISIC_2017/training_images/ISIC_0010212.jpg,48.21124801811161,Light
/path/to/ISIC_2017/training_images/ISIC_0010213.jpg,50.55049978958295,Light
/path/to/ISIC_2017/training_images/ISIC_0010215.jpg,43.68811221749589,Light
/path/to/ISIC_2017/training_images/ISIC_0010216.jpg,46.03410754488345,Light
/path/to/ISIC_2017/training_images/ISIC_0010219.jpg,40.84871473357831,Intermediate
/path/to/ISIC_2017/training_images/ISIC_0010220.jpg,52.033416459694934,Light
/path/to/ISIC_2017/training_images/ISIC_0010222.jpg,50.652503485710284,Light
/path/to/ISIC_2017/training_images/ISIC_0010225.jpg,39.312008746737476,Intermediate
/path/to/ISIC_2017/training_images/ISIC_0010227.jpg,47.88296345253954,Light
/path/to/ISIC_2017/training_images/ISIC_0010229.jpg,47.862405226111754,Light
/path/to/ISIC_2017/training_images/ISIC_0010231.jpg,51.215635899702654,Light
/path/to/ISIC_2017/training_images/ISIC_0010233.jpg,39.62562262767563,Intermediate
/path/to/ISIC_2017/training_images/ISIC_0010234.jpg,51.25660934055606,Light
/path/to/ISIC_2017/training_images/ISIC_0010236.jpg,50.16109803336026,Light
/path/to/ISIC_2017/training_images/ISIC_0010237.jpg,42.09618113490373,Light
/path/to/ISIC_2017/training_images/ISIC_0010240.jpg,38.80116268649432,Intermediate
/path/to/ISIC_2017/training_images/ISIC_0010241.jpg,47.862405226111754,Light
/path/to/ISIC_2017/training_images/ISIC_0010244.jpg,47.48955292199915,Light
/path/to/ISIC_2017/training_images/ISIC_0010246.jpg,33.30228475331422,Intermediate
/path/to/ISIC_2017/training_images/ISIC_0010247.jpg,55.22773241100386,Very Light
/path/to/ISIC_2017/training_images/ISIC_0010248.jpg,42.10423802653342,Light
/path/to/ISIC_2017/training_images/ISIC_0010249.jpg,49.73093862377924,Light
/path/to/ISIC_2017/training_images/ISIC_0010251.jpg,47.290610042638534,Light
/path/to/ISIC_2017/training_images/ISIC_0010254.jpg,45.84252426074042,Light
/path/to/ISIC_2017/training_images/ISIC_0010255.jpg,41.6335393365702,Light
/path/to/ISIC_2017/training_images/ISIC_0010256.jpg,40.81508387488159,Intermediate
/path/to/ISIC_2017/training_images/ISIC_0010257.jpg,40.53284093861073,Intermediate
/path/to/ISIC_2017/training_images/ISIC_0010261.jpg,45.836375325422416,Light
/path/to/ISIC_2017/training_images/ISIC_0010262.jpg,48.38986580081792,Light
/path/to/ISIC_2017/training_images/ISIC_0010264.jpg,44.7885774189607,Light
/path/to/ISIC_2017/training_images/ISIC_0010265.jpg,44.790126288432454,Light
/path/to/ISIC_2017/training_images/ISIC_0010267.jpg,49.48841683624423,Light
/path/to/ISIC_2017/training_images/ISIC_0010317.jpg,36.398615141285106,Intermediate
/path/to/ISIC_2017/training_images/ISIC_0010318.jpg,43.95837332399003,Light
/path/to/ISIC_2017/training_images/ISIC_0010320.jpg,43.191260677507934,Light
/path/to/ISIC_2017/training_images/ISIC_0010326.jpg,45.84252426074042,Light
/path/to/ISIC_2017/training_images/ISIC_0010327.jpg,43.541876844102774,Light
/path/to/ISIC_2017/training_images/ISIC_0010329.jpg,55.5039488840356,Very Light
/path/to/ISIC_2017/training_images/ISIC_0010330.jpg,36.126715772789915,Intermediate
/path/to/ISIC_2017/training_images/ISIC_0010332.jpg,42.6926270030378,Light
/path/to/ISIC_2017/training_images/ISIC_0010333.jpg,50.652503485710284,Light
/path/to/ISIC_2017/training_images/ISIC_0010334.jpg,50.50320556848863,Light
/path/to/ISIC_2017/training_images/ISIC_0010336.jpg,53.97262661489639,Light
/path/to/ISIC_2017/training_images/ISIC_0010337.jpg,50.83350758473516,Light
/path/to/ISIC_2017/training_images/ISIC_0010339.jpg,56.700579462815824,Very Light
/path/to/ISIC_2017/training_images/ISIC_0010340.jpg,44.125323228878685,Light
/path/to/ISIC_2017/training_images/ISIC_0010341.jpg,51.753574035531,Light
/path/to/ISIC_2017/training_images/ISIC_0010342.jpg,55.10669744930134,Very Light
/path/to/ISIC_2017/training_images/ISIC_0010344.jpg,54.17353544228191,Light
/path/to/ISIC_2017/training_images/ISIC_0010346.jpg,49.666858371439,Light
/path/to/ISIC_2017/training_images/ISIC_0010348.jpg,43.25105395544577,Light
/path/to/ISIC_2017/training_images/ISIC_0010350.jpg,46.61353893288119,Light
/path/to/ISIC_2017/training_images/ISIC_0010351.jpg,38.26398878588065,Intermediate
/path/to/ISIC_2017/training_images/ISIC_0010356.jpg,38.81706983405174,Intermediate
/path/to/ISIC_2017/training_images/ISIC_0010357.jpg,42.429262889309484,Light
/path/to/ISIC_2017/training_images/ISIC_0010358.jpg,46.4372269963219,Light
/path/to/ISIC_2017/training_images/ISIC_0010360.jpg,46.82151335160111,Light
/path/to/ISIC_2017/training_images/ISIC_0010362.jpg,51.98848972998348,Light
/path/to/ISIC_2017/training_images/ISIC_0010364.jpg,44.379492352166054,Light
/path/to/ISIC_2017/training_images/ISIC_0010365.jpg,49.698680517299444,Light
/path/to/ISIC_2017/training_images/ISIC_0010367.jpg,51.62403263451752,Light
/path/to/ISIC_2017/training_images/ISIC_0010368.jpg,45.403484735058754,Light
/path/to/ISIC_2017/training_images/ISIC_0010370.jpg,47.038794639267174,Light
/path/to/ISIC_2017/training_images/ISIC_0010371.jpg,42.894485811143966,Light
/path/to/ISIC_2017/training_images/ISIC_0010372.jpg,35.92850242282283,Intermediate
/path/to/ISIC_2017/training_images/ISIC_0010374.jpg,54.98742157501355,Light
/path/to/ISIC_2017/training_images/ISIC_0010379.jpg,32.47119229084849,Intermediate
/path/to/ISIC_2017/training_images/ISIC_0010382.jpg,50.71059313749964,Light
/path/to/ISIC_2017/training_images/ISIC_0010435.jpg,39.8055710922652,Intermediate
/path/to/ISIC_2017/training_images/ISIC_0010441.jpg,34.63080038025702,Intermediate
/path/to/ISIC_2017/training_images/ISIC_0010442.jpg,50.67035734389389,Light
/path/to/ISIC_2017/training_images/ISIC_0010443.jpg,50.29704810459679,Light
/path/to/ISIC_2017/training_images/ISIC_0010444.jpg,40.96507248386905,Intermediate
/path/to/ISIC_2017/training_images/ISIC_0010447.jpg,44.34646431932219,Light
/path/to/ISIC_2017/training_images/ISIC_0010448.jpg,40.60129464500447,Intermediate
/path/to/ISIC_2017/training_images/ISIC_0010449.jpg,47.210318924353906,Light
/path/to/ISIC_2017/training_images/ISIC_0010452.jpg,56.5751888173962,Very Light
/path/to/ISIC_2017/training_images/ISIC_0010455.jpg,55.64061970241058,Very Light
/path/to/ISIC_2017/training_images/ISIC_0010456.jpg,47.225923895114036,Light
/path/to/ISIC_2017/training_images/ISIC_0010458.jpg,39.33629374197943,Intermediate
/path/to/ISIC_2017/training_images/ISIC_0010460.jpg,41.15586442370763,Light
/path/to/ISIC_2017/training_images/ISIC_0010461.jpg,47.903818865096284,Light
/path/to/ISIC_2017/training_images/ISIC_0010463.jpg,50.880162525882604,Light
/path/to/ISIC_2017/training_images/ISIC_0010465.jpg,53.334364517357834,Light
/path/to/ISIC_2017/training_images/ISIC_0010466.jpg,43.5203642291032,Light
/path/to/ISIC_2017/training_images/ISIC_0010467.jpg,45.62502007401749,Light
/path/to/ISIC_2017/training_images/ISIC_0010468.jpg,44.15747573925958,Light
/path/to/ISIC_2017/training_images/ISIC_0010471.jpg,45.0,Light
/path/to/ISIC_2017/training_images/ISIC_0010472.jpg,44.38832452528621,Light
/path/to/ISIC_2017/training_images/ISIC_0010473.jpg,43.919075813339305,Light
/path/to/ISIC_2017/training_images/ISIC_0010474.jpg,52.125016348901795,Light
/path/to/ISIC_2017/training_images/ISIC_0010475.jpg,45.0,Light
/path/to/ISIC_2017/training_images/ISIC_0010476.jpg,40.56552949389879,Intermediate
/path/to/ISIC_2017/training_images/ISIC_0010477.jpg,46.67239436108927,Light
/path/to/ISIC_2017/training_images/ISIC_0010479.jpg,44.125323228878685,Light
/path/to/ISIC_2017/training_images/ISIC_0010480.jpg,53.13010235415598,Light
/path/to/ISIC_2017/training_images/ISIC_0010481.jpg,48.84094902533696,Light
/path/to/ISIC_2017/training_images/ISIC_0010483.jpg,51.38156053259344,Light
/path/to/ISIC_2017/training_images/ISIC_0010487.jpg,52.829076510059615,Light
/path/to/ISIC_2017/training_images/ISIC_0010488.jpg,45.0,Light
/path/to/ISIC_2017/training_images/ISIC_0010490.jpg,46.263672551658274,Light
/path/to/ISIC_2017/training_images/ISIC_0010492.jpg,49.550281137663845,Light
/path/to/ISIC_2017/training_images/ISIC_0010493.jpg,47.78302075385662,Light
/path/to/ISIC_2017/training_images/ISIC_0010494.jpg,48.468229258917155,Light
/path/to/ISIC_2017/training_images/ISIC_0010497.jpg,43.65737597346225,Light
/path/to/ISIC_2017/training_images/ISIC_0010498.jpg,45.61605990839924,Light
/path/to/ISIC_2017/training_images/ISIC_0010552.jpg,45.0,Light
/path/to/ISIC_2017/training_images/ISIC_0010553.jpg,43.46369987111621,Light
/path/to/ISIC_2017/training_images/ISIC_0010554.jpg,54.027612950715096,Light
/path/to/ISIC_2017/training_images/ISIC_0010557.jpg,42.08156527921844,Light
/path/to/ISIC_2017/training_images/ISIC_0010558.jpg,46.45812315589723,Light
/path/to/ISIC_2017/training_images/ISIC_0010562.jpg,48.19023429253236,Light
/path/to/ISIC_2017/training_images/ISIC_0010565.jpg,40.60129464500447,Intermediate
/path/to/ISIC_2017/training_images/ISIC_0010566.jpg,50.8416188668189,Light
/path/to/ISIC_2017/training_images/ISIC_0010567.jpg,49.21417852273405,Light
/path/to/ISIC_2017/training_images/ISIC_0010568.jpg,45.427572506833414,Light
/path/to/ISIC_2017/training_images/ISIC_0010569.jpg,44.09777883846985,Light
/path/to/ISIC_2017/training_images/ISIC_0010570.jpg,51.05695220530956,Light
/path/to/ISIC_2017/training_images/ISIC_0010571.jpg,52.57088890083429,Light
/path/to/ISIC_2017/training_images/ISIC_0010573.jpg,45.64374571417539,Light
/path/to/ISIC_2017/training_images/ISIC_0010574.jpg,40.43473761558303,Intermediate
/path/to/ISIC_2017/training_images/ISIC_0010575.jpg,51.215635899702654,Light
/path/to/ISIC_2017/training_images/ISIC_0010581.jpg,35.96051719664488,Intermediate
/path/to/ISIC_2017/training_images/ISIC_0010582.jpg,46.406981878982016,Light
/path/to/ISIC_2017/training_images/ISIC_0010584.jpg,34.88355694996182,Intermediate
/path/to/ISIC_2017/training_images/ISIC_0010585.jpg,45.205360337494874,Light
/path/to/ISIC_2017/training_images/ISIC_0010586.jpg,42.604994483127655,Light
/path/to/ISIC_2017/training_images/ISIC_0010587.jpg,49.36827743458839,Light
/path/to/ISIC_2017/training_images/ISIC_0010588.jpg,52.35237935989236,Light
/path/to/ISIC_2017/training_images/ISIC_0010589.jpg,46.04925594088007,Light
/path/to/ISIC_2017/training_images/ISIC_0010590.jpg,47.66776628044633,Light
/path/to/ISIC_2017/training_images/ISIC_0010591.jpg,41.68221883166517,Light
/path/to/ISIC_2017/training_images/ISIC_0010592.jpg,50.40379136024971,Light
/path/to/ISIC_2017/training_images/ISIC_0010593.jpg,52.495857639729856,Light
/path/to/ISIC_2017/training_images/ISIC_0010595.jpg,55.555181432948814,Very Light
/path/to/ISIC_2017/training_images/ISIC_0010596.jpg,45.20684307077733,Light
/path/to/ISIC_2017/training_images/ISIC_0010597.jpg,47.930672505566896,Light
/path/to/ISIC_2017/training_images/ISIC_0010598.jpg,50.50320556848863,Light
/path/to/ISIC_2017/training_images/ISIC_0010599.jpg,44.3414568224364,Light
/path/to/ISIC_2017/training_images/ISIC_0010602.jpg,40.84871473357831,Intermediate
/path/to/ISIC_2017/training_images/ISIC_0010603.jpg,53.47855197356995,Light
/path/to/ISIC_2017/training_images/ISIC_0010606.jpg,55.63029911395079,Very Light
/path/to/ISIC_2017/training_images/ISIC_0010607.jpg,44.56594936786059,Light
/path/to/ISIC_2017/training_images/ISIC_0010844.jpg,43.25105395544577,Light
/path/to/ISIC_2017/training_images/ISIC_0010846.jpg,37.69424046668917,Intermediate
/path/to/ISIC_2017/training_images/ISIC_0010847.jpg,46.61353893288119,Light
/path/to/ISIC_2017/training_images/ISIC_0010848.jpg,44.3749799259825,Light
/path/to/ISIC_2017/training_images/ISIC_0010850.jpg,45.0,Light
/path/to/ISIC_2017/training_images/ISIC_0010851.jpg,55.21687962972675,Very Light
/path/to/ISIC_2017/training_images/ISIC_0010852.jpg,44.151235728446416,Light
/path/to/ISIC_2017/training_images/ISIC_0010853.jpg,51.29812436762973,Light
/path/to/ISIC_2017/training_images/ISIC_0010854.jpg,35.97687028710933,Intermediate
/path/to/ISIC_2017/training_images/ISIC_0010856.jpg,52.078921604612226,Light
/path/to/ISIC_2017/training_images/ISIC_0010857.jpg,38.290163192243064,Intermediate
/path/to/ISIC_2017/training_images/ISIC_0010858.jpg,41.65967792030115,Light
/path/to/ISIC_2017/training_images/ISIC_0010860.jpg,47.385944030388806,Light
/path/to/ISIC_2017/training_images/ISIC_0010861.jpg,34.5240083331057,Intermediate
/path/to/ISIC_2017/training_images/ISIC_0010862.jpg,49.059346364799254,Light
/path/to/ISIC_2017/training_images/ISIC_0010863.jpg,45.403484735058754,Light
/path/to/ISIC_2017/training_images/ISIC_0010864.jpg,51.34019174590991,Light
/path/to/ISIC_2017/training_images/ISIC_0011079.jpg,56.036772305193736,Very Light
/path/to/ISIC_2017/training_images/ISIC_0011082.jpg,41.96596035305498,Light
/path/to/ISIC_2017/training_images/ISIC_0011083.jpg,46.97493401088198,Light
/path/to/ISIC_2017/training_images/ISIC_0011085.jpg,46.88818800674093,Light
/path/to/ISIC_2017/training_images/ISIC_0011088.jpg,34.40847225202862,Intermediate
/path/to/ISIC_2017/training_images/ISIC_0011089.jpg,47.04540848888723,Light
/path/to/ISIC_2017/training_images/ISIC_0011090.jpg,44.13194855025446,Light
/path/to/ISIC_2017/training_images/ISIC_0011095.jpg,43.94300222321511,Light
/path/to/ISIC_2017/training_images/ISIC_0011097.jpg,47.81555668421123,Light
/path/to/ISIC_2017/training_images/ISIC_0011098.jpg,41.244659926799464,Light
/path/to/ISIC_2017/training_images/ISIC_0011099.jpg,41.89397290438357,Light
/path/to/ISIC_2017/training_images/ISIC_0011101.jpg,53.23097510119033,Light
/path/to/ISIC_2017/training_images/ISIC_0011102.jpg,40.56733153131014,Intermediate
/path/to/ISIC_2017/training_images/ISIC_0011107.jpg,54.37546662092433,Light
/path/to/ISIC_2017/training_images/ISIC_0011110.jpg,51.29812436762973,Light
/path/to/ISIC_2017/training_images/ISIC_0011112.jpg,50.22945077349117,Light
/path/to/ISIC_2017/training_images/ISIC_0011114.jpg,42.623049185596514,Light
/path/to/ISIC_2017/training_images/ISIC_0011115.jpg,45.80692945510237,Light
/path/to/ISIC_2017/training_images/ISIC_0011117.jpg,33.2012075502687,Intermediate
/path/to/ISIC_2017/training_images/ISIC_0011118.jpg,39.6290053044643,Intermediate
/path/to/ISIC_2017/training_images/ISIC_0011119.jpg,51.82814968157711,Light
/path/to/ISIC_2017/training_images/ISIC_0011121.jpg,56.1100642864308,Very Light
/path/to/ISIC_2017/training_images/ISIC_0011123.jpg,47.802451519866786,Light
/path/to/ISIC_2017/training_images/ISIC_0011124.jpg,50.019853642019555,Light
/path/to/ISIC_2017/training_images/ISIC_0011126.jpg,53.23097510119033,Light
/path/to/ISIC_2017/training_images/ISIC_0011127.jpg,52.36958357702512,Light
/path/to/ISIC_2017/training_images/ISIC_0011130.jpg,40.43473761558303,Intermediate
/path/to/ISIC_2017/training_images/ISIC_0011131.jpg,52.72483392631675,Light
/path/to/ISIC_2017/training_images/ISIC_0011132.jpg,39.50310749426445,Intermediate
/path/to/ISIC_2017/training_images/ISIC_0011135.jpg,42.35119424054137,Light
/path/to/ISIC_2017/training_images/ISIC_0011136.jpg,42.84703721089954,Light
/path/to/ISIC_2017/training_images/ISIC_0011137.jpg,45.4212849041686,Light
/path/to/ISIC_2017/training_images/ISIC_0011140.jpg,39.15543412261314,Intermediate
/path/to/ISIC_2017/training_images/ISIC_0011143.jpg,51.42106082349074,Light
/path/to/ISIC_2017/training_images/ISIC_0011144.jpg,54.547541450359695,Light
/path/to/ISIC_2017/training_images/ISIC_0011145.jpg,31.628668030108074,Intermediate
/path/to/ISIC_2017/training_images/ISIC_0011146.jpg,35.86591227603765,Intermediate
/path/to/ISIC_2017/training_images/ISIC_0011155.jpg,39.266625241628134,Intermediate
/path/to/ISIC_2017/training_images/ISIC_0011157.jpg,55.00797980144134,Very Light
/path/to/ISIC_2017/training_images/ISIC_0011158.jpg,45.62502007401749,Light
/path/to/ISIC_2017/training_images/ISIC_0011159.jpg,47.52611691161955,Light
/path/to/ISIC_2017/training_images/ISIC_0011161.jpg,52.01376254792273,Light
/path/to/ISIC_2017/training_images/ISIC_0011162.jpg,45.64374571417539,Light
/path/to/ISIC_2017/training_images/ISIC_0011163.jpg,51.581944655178006,Light
/path/to/ISIC_2017/training_images/ISIC_0011164.jpg,46.17714488598206,Light
/path/to/ISIC_2017/training_images/ISIC_0011165.jpg,50.652503485710284,Light
/path/to/ISIC_2017/training_images/ISIC_0011166.jpg,45.830315486258016,Light
/path/to/ISIC_2017/training_images/ISIC_0011167.jpg,46.254451622681536,Light
/path/to/ISIC_2017/training_images/ISIC_0011168.jpg,45.418209941497096,Light
/path/to/ISIC_2017/training_images/ISIC_0011169.jpg,48.71023121530128,Light
/path/to/ISIC_2017/training_images/ISIC_0011170.jpg,53.28940438902567,Light
/path/to/ISIC_2017/training_images/ISIC_0011171.jpg,53.23097510119033,Light
/path/to/ISIC_2017/training_images/ISIC_0011173.jpg,41.00908690157022,Light
/path/to/ISIC_2017/training_images/ISIC_0011176.jpg,50.09211512449897,Light
/path/to/ISIC_2017/training_images/ISIC_0011177.jpg,54.63116979246,Light
/path/to/ISIC_2017/training_images/ISIC_0011199.jpg,42.529948704039136,Light
/path/to/ISIC_2017/training_images/ISIC_0011203.jpg,48.66778805553144,Light
/path/to/ISIC_2017/training_images/ISIC_0011204.jpg,37.43467893156771,Intermediate
/path/to/ISIC_2017/training_images/ISIC_0011205.jpg,51.072456407207696,Light
/path/to/ISIC_2017/training_images/ISIC_0011207.jpg,45.0,Light
/path/to/ISIC_2017/training_images/ISIC_0011208.jpg,40.0607844578738,Intermediate
/path/to/ISIC_2017/training_images/ISIC_0011210.jpg,42.929969346958906,Light
/path/to/ISIC_2017/training_images/ISIC_0011211.jpg,50.01311375503581,Light
/path/to/ISIC_2017/training_images/ISIC_0011212.jpg,49.42955929897764,Light
/path/to/ISIC_2017/training_images/ISIC_0011213.jpg,44.56594936786059,Light
/path/to/ISIC_2017/training_images/ISIC_0011214.jpg,43.70783311375008,Light
/path/to/ISIC_2017/training_images/ISIC_0011215.jpg,50.26239539959512,Light
/path/to/ISIC_2017/training_images/ISIC_0011217.jpg,45.60309119438053,Light
/path/to/ISIC_2017/training_images/ISIC_0011218.jpg,31.97080519205626,Intermediate
/path/to/ISIC_2017/training_images/ISIC_0011219.jpg,48.68514665515577,Light
/path/to/ISIC_2017/training_images/ISIC_0011220.jpg,49.635463426902646,Light
/path/to/ISIC_2017/training_images/ISIC_0011223.jpg,50.95879056324116,Light
/path/to/ISIC_2017/training_images/ISIC_0011224.jpg,49.550281137663845,Light
/path/to/ISIC_2017/training_images/ISIC_0011225.jpg,40.426078740099136,Intermediate
/path/to/ISIC_2017/training_images/ISIC_0011227.jpg,43.50936816473769,Light
/path/to/ISIC_2017/training_images/ISIC_0011229.jpg,50.90614111377051,Light
/path/to/ISIC_2017/training_images/ISIC_0011230.jpg,52.125016348901795,Light
/path/to/ISIC_2017/training_images/ISIC_0011292.jpg,55.98065001017354,Very Light
/path/to/ISIC_2017/training_images/ISIC_0011294.jpg,49.08561677997488,Light
/path/to/ISIC_2017/training_images/ISIC_0011296.jpg,41.3380644244802,Light
/path/to/ISIC_2017/training_images/ISIC_0011297.jpg,40.91438322002512,Intermediate
/path/to/ISIC_2017/training_images/ISIC_0011298.jpg,44.785410068870604,Light
/path/to/ISIC_2017/training_images/ISIC_0011300.jpg,56.37710217304094,Very Light
/path/to/ISIC_2017/training_images/ISIC_0011303.jpg,44.798963002165394,Light
/path/to/ISIC_2017/training_images/ISIC_0011304.jpg,41.60866058020365,Light
/path/to/ISIC_2017/training_images/ISIC_0011305.jpg,41.92254460057563,Light
/path/to/ISIC_2017/training_images/ISIC_0011306.jpg,39.472459848343824,Intermediate
/path/to/ISIC_2017/training_images/ISIC_0011310.jpg,48.4620730561351,Light
/path/to/ISIC_2017/training_images/ISIC_0011315.jpg,44.77706034880248,Light
/path/to/ISIC_2017/training_images/ISIC_0011317.jpg,48.03403964694501,Light
/path/to/ISIC_2017/training_images/ISIC_0011321.jpg,44.34646431932219,Light
/path/to/ISIC_2017/training_images/ISIC_0011322.jpg,42.357454705935275,Light
/path/to/ISIC_2017/training_images/ISIC_0011324.jpg,41.395579460824294,Light
/path/to/ISIC_2017/training_images/ISIC_0011326.jpg,38.08161359330633,Intermediate
/path/to/ISIC_2017/training_images/ISIC_0011327.jpg,56.96621281488538,Very Light
/path/to/ISIC_2017/training_images/ISIC_0011328.jpg,48.78757355055902,Light
/path/to/ISIC_2017/training_images/ISIC_0011330.jpg,53.66738717995549,Light
/path/to/ISIC_2017/training_images/ISIC_0011333.jpg,54.63753811293095,Light
/path/to/ISIC_2017/training_images/ISIC_0011336.jpg,44.56921278299137,Light
/path/to/ISIC_2017/training_images/ISIC_0011338.jpg,46.3875157474432,Light
/path/to/ISIC_2017/training_images/ISIC_0011339.jpg,56.309932474020215,Very Light
/path/to/ISIC_2017/training_images/ISIC_0011343.jpg,49.91026122158257,Light
/path/to/ISIC_2017/training_images/ISIC_0011344.jpg,52.788479097097984,Light
/path/to/ISIC_2017/training_images/ISIC_0011345.jpg,39.593050629528435,Intermediate
/path/to/ISIC_2017/training_images/ISIC_0011347.jpg,50.22945077349117,Light
/path/to/ISIC_2017/training_images/ISIC_0011348.jpg,37.729931354626586,Intermediate
/path/to/ISIC_2017/training_images/ISIC_0011349.jpg,42.25359932265578,Light
/path/to/ISIC_2017/training_images/ISIC_0011352.jpg,48.247342790322925,Light
/path/to/ISIC_2017/training_images/ISIC_0011353.jpg,45.63895989899164,Light
/path/to/ISIC_2017/training_images/ISIC_0011358.jpg,54.86580694308437,Light
/path/to/ISIC_2017/training_images/ISIC_0011359.jpg,40.10090754621224,Intermediate
/path/to/ISIC_2017/training_images/ISIC_0011361.jpg,54.38151016074824,Light
/path/to/ISIC_2017/training_images/ISIC_0011362.jpg,42.357454705935275,Light
/path/to/ISIC_2017/training_images/ISIC_0011363.jpg,53.17619709844555,Light
/path/to/ISIC_2017/training_images/ISIC_0011366.jpg,49.825216927109814,Light
/path/to/ISIC_2017/training_images/ISIC_0011367.jpg,52.078921604612226,Light
/path/to/ISIC_2017/training_images/ISIC_0011372.jpg,40.126103577795234,Intermediate
/path/to/ISIC_2017/training_images/ISIC_0011382.jpg,47.45403167452708,Light
/path/to/ISIC_2017/training_images/ISIC_0011384.jpg,52.43140797117251,Light
/path/to/ISIC_2017/training_images/ISIC_0011386.jpg,52.125016348901795,Light
/path/to/ISIC_2017/training_images/ISIC_0011387.jpg,43.45184230102204,Light
/path/to/ISIC_2017/training_images/ISIC_0011393.jpg,38.90413845540418,Intermediate
/path/to/ISIC_2017/training_images/ISIC_0011397.jpg,39.01504768488459,Intermediate
/path/to/ISIC_2017/training_images/ISIC_0011398.jpg,49.944074410797825,Light
/path/to/ISIC_2017/training_images/ISIC_0011402.jpg,50.26239539959512,Light
/path/to/ISIC_2017/training_images/ISIC_0012089.jpg,30.79030868800554,Intermediate
/path/to/ISIC_2017/training_images/ISIC_0012090.jpg,29.235804568700022,Intermediate
/path/to/ISIC_2017/training_images/ISIC_0012094.jpg,31.56181184164935,Intermediate
/path/to/ISIC_2017/training_images/ISIC_0012097.jpg,49.21417852273405,Light
/path/to/ISIC_2017/training_images/ISIC_0012102.jpg,45.87467677112132,Light
/path/to/ISIC_2017/training_images/ISIC_0012103.jpg,47.48955292199915,Light
/path/to/ISIC_2017/training_images/ISIC_0012105.jpg,41.47854662307777,Light
/path/to/ISIC_2017/training_images/ISIC_0012107.jpg,44.356254285824626,Light
/path/to/ISIC_2017/training_images/ISIC_0012108.jpg,43.1523897340054,Light
/path/to/ISIC_2017/training_images/ISIC_0012116.jpg,31.83676751030051,Intermediate
/path/to/ISIC_2017/training_images/ISIC_0012117.jpg,42.20729763428672,Light
/path/to/ISIC_2017/training_images/ISIC_0012118.jpg,35.0737544933483,Intermediate
/path/to/ISIC_2017/training_images/ISIC_0012135.jpg,39.38241940987317,Intermediate
/path/to/ISIC_2017/training_images/ISIC_0012137.jpg,39.994167447048916,Intermediate
/path/to/ISIC_2017/training_images/ISIC_0012141.jpg,31.083122566698727,Intermediate
/path/to/ISIC_2017/training_images/ISIC_0012148.jpg,45.0,Light
/path/to/ISIC_2017/training_images/ISIC_0012150.jpg,44.151235728446416,Light
/path/to/ISIC_2017/training_images/ISIC_0012155.jpg,37.70580369145914,Intermediate
/path/to/ISIC_2017/training_images/ISIC_0012156.jpg,42.604994483127655,Light
/path/to/ISIC_2017/training_images/ISIC_0012164.jpg,38.45370921670597,Intermediate
/path/to/ISIC_2017/training_images/ISIC_0012167.jpg,38.76551990445877,Intermediate
/path/to/ISIC_2017/training_images/ISIC_0012170.jpg,42.56805005408243,Light
/path/to/ISIC_2017/training_images/ISIC_0012172.jpg,32.6309384740745,Intermediate
/path/to/ISIC_2017/training_images/ISIC_0012173.jpg,37.35662192852043,Intermediate
/path/to/ISIC_2017/training_images/ISIC_0012175.jpg,46.501792522359345,Light
/path/to/ISIC_2017/training_images/ISIC_0012177.jpg,40.97800982297989,Intermediate
/path/to/ISIC_2017/training_images/ISIC_0012179.jpg,36.00285657893494,Intermediate
/path/to/ISIC_2017/training_images/ISIC_0012182.jpg,39.76613835278357,Intermediate
/path/to/ISIC_2017/training_images/ISIC_0012183.jpg,40.88181029601122,Intermediate
/path/to/ISIC_2017/training_images/ISIC_0012187.jpg,29.019082851605063,Intermediate
/path/to/ISIC_2017/training_images/ISIC_0012203.jpg,43.315315682103716,Light
/path/to/ISIC_2017/training_images/ISIC_0012205.jpg,44.57559458063852,Light
/path/to/ISIC_2017/training_images/ISIC_0012208.jpg,35.73216373717888,Intermediate
/path/to/ISIC_2017/training_images/ISIC_0012209.jpg,38.94580810588516,Intermediate
/path/to/ISIC_2017/training_images/ISIC_0012211.jpg,38.61125252036401,Intermediate
/path/to/ISIC_2017/training_images/ISIC_0012212.jpg,39.443961576874955,Intermediate
/path/to/ISIC_2017/training_images/ISIC_0012213.jpg,35.655328097900316,Intermediate
/path/to/ISIC_2017/training_images/ISIC_0012214.jpg,38.95590783775889,Intermediate
/path/to/ISIC_2017/training_images/ISIC_0012217.jpg,41.869755137780906,Light
/path/to/ISIC_2017/training_images/ISIC_0012224.jpg,32.83779648031817,Intermediate
/path/to/ISIC_2017/training_images/ISIC_0012227.jpg,41.65805614273887,Light
/path/to/ISIC_2017/training_images/ISIC_0012228.jpg,38.89994003967834,Intermediate
/path/to/ISIC_2017/training_images/ISIC_0012230.jpg,40.1634165542647,Intermediate
/path/to/ISIC_2017/training_images/ISIC_0012232.jpg,39.28940686250036,Intermediate
/path/to/ISIC_2017/training_images/ISIC_0012233.jpg,39.96395570476113,Intermediate
/path/to/ISIC_2017/training_images/ISIC_0012235.jpg,41.85504253530198,Light
/path/to/ISIC_2017/training_images/ISIC_0012237.jpg,38.806095032849015,Intermediate
/path/to/ISIC_2017/training_images/ISIC_0012238.jpg,35.64965637157622,Intermediate
/path/to/ISIC_2017/training_images/ISIC_0012245.jpg,31.39945748334126,Intermediate
/path/to/ISIC_2017/training_images/ISIC_0012246.jpg,37.68299276767522,Intermediate
/path/to/ISIC_2017/training_images/ISIC_0012250.jpg,39.88958243896877,Intermediate
/path/to/ISIC_2017/training_images/ISIC_0012253.jpg,42.81419919322441,Light
/path/to/ISIC_2017/training_images/ISIC_0012257.jpg,44.78047701474035,Light
/path/to/ISIC_2017/training_images/ISIC_0012259.jpg,37.51004731536756,Intermediate
/path/to/ISIC_2017/training_images/ISIC_0012260.jpg,49.1446237411043,Light
/path/to/ISIC_2017/training_images/ISIC_0012261.jpg,35.1033280323309,Intermediate
/path/to/ISIC_2017/training_images/ISIC_0012263.jpg,30.837831944687245,Intermediate
/path/to/ISIC_2017/training_images/ISIC_0012268.jpg,38.367485384861546,Intermediate
/path/to/ISIC_2017/training_images/ISIC_0012271.jpg,34.93543179274813,Intermediate
/path/to/ISIC_2017/training_images/ISIC_0012274.jpg,32.07786359891208,Intermediate
/path/to/ISIC_2017/training_images/ISIC_0012278.jpg,46.210294168921216,Light
/path/to/ISIC_2017/training_images/ISIC_0012281.jpg,36.234871905792886,Intermediate
/path/to/ISIC_2017/training_images/ISIC_0012282.jpg,39.15543412261314,Intermediate
/path/to/ISIC_2017/training_images/ISIC_0012284.jpg,48.202020583322145,Light
/path/to/ISIC_2017/training_images/ISIC_0012285.jpg,43.486878443931694,Light
/path/to/ISIC_2017/training_images/ISIC_0012290.jpg,50.931526924919766,Light
/path/to/ISIC_2017/training_images/ISIC_0012291.jpg,41.68221883166517,Light
/path/to/ISIC_2017/training_images/ISIC_0012294.jpg,46.46880071438582,Light
/path/to/ISIC_2017/training_images/ISIC_0012298.jpg,43.57299813248532,Light
/path/to/ISIC_2017/training_images/ISIC_0012299.jpg,45.99808334340771,Light
/path/to/ISIC_2017/training_images/ISIC_0012303.jpg,34.824489156956794,Intermediate
/path/to/ISIC_2017/training_images/ISIC_0012309.jpg,42.397437797500196,Light
/path/to/ISIC_2017/training_images/ISIC_0012311.jpg,41.0307365432805,Light
/path/to/ISIC_2017/training_images/ISIC_0012318.jpg,42.90984084628932,Light
/path/to/ISIC_2017/training_images/ISIC_0012320.jpg,44.794639662505126,Light
/path/to/ISIC_2017/training_images/ISIC_0012322.jpg,47.64880575945864,Light
/path/to/ISIC_2017/training_images/ISIC_0012324.jpg,35.42300994070634,Intermediate
/path/to/ISIC_2017/training_images/ISIC_0012325.jpg,21.06594565311872,Tan
/path/to/ISIC_2017/training_images/ISIC_0012329.jpg,33.5912817971182,Intermediate
/path/to/ISIC_2017/training_images/ISIC_0012332.jpg,48.81407483429035,Light
/path/to/ISIC_2017/training_images/ISIC_0012333.jpg,43.67802434046302,Light
/path/to/ISIC_2017/training_images/ISIC_0012334.jpg,40.46904841819364,Intermediate
/path/to/ISIC_2017/training_images/ISIC_0012338.jpg,43.18169703554817,Light
/path/to/ISIC_2017/training_images/ISIC_0012339.jpg,41.84515713520803,Light
/path/to/ISIC_2017/training_images/ISIC_0012342.jpg,34.69515353123397,Intermediate
/path/to/ISIC_2017/training_images/ISIC_0012348.jpg,46.8476102659946,Light
/path/to/ISIC_2017/training_images/ISIC_0012351.jpg,40.30713749441016,Intermediate
/path/to/ISIC_2017/training_images/ISIC_0012359.jpg,37.0064785063602,Intermediate
/path/to/ISIC_2017/training_images/ISIC_0012360.jpg,36.7998539405012,Intermediate
/path/to/ISIC_2017/training_images/ISIC_0012363.jpg,34.15969454566944,Intermediate
/path/to/ISIC_2017/training_images/ISIC_0012374.jpg,40.492229206598644,Intermediate
/path/to/ISIC_2017/training_images/ISIC_0012376.jpg,49.11490909823726,Light
/path/to/ISIC_2017/training_images/ISIC_0012377.jpg,42.96266930318009,Light
/path/to/ISIC_2017/training_images/ISIC_0012378.jpg,47.64880575945864,Light
/path/to/ISIC_2017/training_images/ISIC_0012379.jpg,35.61085243866876,Intermediate
/path/to/ISIC_2017/training_images/ISIC_0012381.jpg,31.787253121664758,Intermediate
/path/to/ISIC_2017/training_images/ISIC_0012382.jpg,38.75808565258495,Intermediate
/path/to/ISIC_2017/training_images/ISIC_0012384.jpg,37.8444584651141,Intermediate
/path/to/ISIC_2017/training_images/ISIC_0012386.jpg,43.95837332399003,Light
/path/to/ISIC_2017/training_images/ISIC_0012390.jpg,48.34194385726114,Light
/path/to/ISIC_2017/training_images/ISIC_0012391.jpg,43.61248425255679,Light
/path/to/ISIC_2017/training_images/ISIC_0012397.jpg,35.618489839251765,Intermediate
/path/to/ISIC_2017/training_images/ISIC_0012406.jpg,35.07998703759795,Intermediate
/path/to/ISIC_2017/training_images/ISIC_0012413.jpg,45.403484735058754,Light
/path/to/ISIC_2017/training_images/ISIC_0012415.jpg,38.418055344821994,Intermediate
/path/to/ISIC_2017/training_images/ISIC_0012416.jpg,40.60129464500447,Intermediate
/path/to/ISIC_2017/training_images/ISIC_0012433.jpg,44.56594936786059,Light
/path/to/ISIC_2017/training_images/ISIC_0012435.jpg,42.529948704039136,Light
/path/to/ISIC_2017/training_images/ISIC_0012442.jpg,42.978635059643985,Light
/path/to/ISIC_2017/training_images/ISIC_0012445.jpg,44.15747573925958,Light
/path/to/ISIC_2017/training_images/ISIC_0012450.jpg,28.20162821869471,Intermediate
/path/to/ISIC_2017/training_images/ISIC_0012452.jpg,33.50343698241422,Intermediate
/path/to/ISIC_2017/training_images/ISIC_0012453.jpg,34.562524648881826,Intermediate
/path/to/ISIC_2017/training_images/ISIC_0012455.jpg,30.398727714166064,Intermediate
/path/to/ISIC_2017/training_images/ISIC_0012459.jpg,47.67186459327259,Light
/path/to/ISIC_2017/training_images/ISIC_0012460.jpg,43.167160494057946,Light
/path/to/ISIC_2017/training_images/ISIC_0012464.jpg,44.08334574361471,Light
/path/to/ISIC_2017/training_images/ISIC_0012469.jpg,31.395471135367934,Intermediate
/path/to/ISIC_2017/training_images/ISIC_0012473.jpg,34.07719528013074,Intermediate
/path/to/ISIC_2017/training_images/ISIC_0012475.jpg,33.77931321628475,Intermediate
/path/to/ISIC_2017/training_images/ISIC_0012478.jpg,30.606407031509484,Intermediate
/path/to/ISIC_2017/training_images/ISIC_0012481.jpg,31.253419279169655,Intermediate
/path/to/ISIC_2017/training_images/ISIC_0012487.jpg,42.7630209365623,Light
/path/to/ISIC_2017/training_images/ISIC_0012489.jpg,37.78262084097079,Intermediate
/path/to/ISIC_2017/training_images/ISIC_0012494.jpg,31.85799889132785,Intermediate
/path/to/ISIC_2017/training_images/ISIC_0012495.jpg,32.77908066806957,Intermediate
/path/to/ISIC_2017/training_images/ISIC_0012496.jpg,35.900049640216224,Intermediate
/path/to/ISIC_2017/training_images/ISIC_0012501.jpg,43.45184230102204,Light
/path/to/ISIC_2017/training_images/ISIC_0012503.jpg,37.155303900470436,Intermediate
/path/to/ISIC_2017/training_images/ISIC_0012506.jpg,30.837831944687245,Intermediate
/path/to/ISIC_2017/training_images/ISIC_0012508.jpg,36.126715772789915,Intermediate
/path/to/ISIC_2017/training_images/ISIC_0012511.jpg,36.19980212361949,Intermediate
/path/to/ISIC_2017/training_images/ISIC_0012512.jpg,29.47588900324574,Intermediate
/path/to/ISIC_2017/training_images/ISIC_0012516.jpg,32.5825542099237,Intermediate
/path/to/ISIC_2017/training_images/ISIC_0012517.jpg,31.145263146166698,Intermediate
/path/to/ISIC_2017/training_images/ISIC_0012518.jpg,42.22978420279981,Light
/path/to/ISIC_2017/training_images/ISIC_0012520.jpg,38.216951144798855,Intermediate
/path/to/ISIC_2017/training_images/ISIC_0012521.jpg,33.78717892368814,Intermediate
/path/to/ISIC_2017/training_images/ISIC_0012523.jpg,24.38181187689551,Tan
/path/to/ISIC_2017/training_images/ISIC_0012526.jpg,31.027066759912646,Intermediate
/path/to/ISIC_2017/training_images/ISIC_0012527.jpg,31.380229421940438,Intermediate
/path/to/ISIC_2017/training_images/ISIC_0012529.jpg,35.07998703759795,Intermediate
/path/to/ISIC_2017/training_images/ISIC_0012539.jpg,28.05077576617856,Intermediate
/path/to/ISIC_2017/training_images/ISIC_0012543.jpg,36.32682595212024,Intermediate
/path/to/ISIC_2017/training_images/ISIC_0012544.jpg,36.076011556368606,Intermediate
/path/to/ISIC_2017/training_images/ISIC_0012549.jpg,36.02737338510361,Intermediate
/path/to/ISIC_2017/training_images/ISIC_0012550.jpg,32.005383208083494,Intermediate
/path/to/ISIC_2017/training_images/ISIC_0012653.jpg,41.775477393480095,Light
/path/to/ISIC_2017/training_images/ISIC_0012655.jpg,52.266954405811695,Light
/path/to/ISIC_2017/training_images/ISIC_0012657.jpg,44.38394009160078,Light
/path/to/ISIC_2017/training_images/ISIC_0012658.jpg,51.42874774882986,Light
/path/to/ISIC_2017/training_images/ISIC_0012659.jpg,48.91824886406737,Light
/path/to/ISIC_2017/training_images/ISIC_0012661.jpg,42.25191181994625,Light
/path/to/ISIC_2017/training_images/ISIC_0012662.jpg,49.550281137663845,Light
/path/to/ISIC_2017/training_images/ISIC_0012663.jpg,47.0166238746231,Light
/path/to/ISIC_2017/training_images/ISIC_0012664.jpg,39.312008746737476,Intermediate
/path/to/ISIC_2017/training_images/ISIC_0012665.jpg,37.21298204536755,Intermediate
/path/to/ISIC_2017/training_images/ISIC_0012666.jpg,47.523266233502945,Light
/path/to/ISIC_2017/training_images/ISIC_0012669.jpg,56.106996677372294,Very Light
/path/to/ISIC_2017/training_images/ISIC_0012670.jpg,42.08156527921844,Light
/path/to/ISIC_2017/training_images/ISIC_0012671.jpg,45.4212849041686,Light
/path/to/ISIC_2017/training_images/ISIC_0012672.jpg,47.544804379813094,Light
/path/to/ISIC_2017/training_images/ISIC_0012673.jpg,47.341645462199146,Light
/path/to/ISIC_2017/training_images/ISIC_0012674.jpg,48.511942651698945,Light
/path/to/ISIC_2017/training_images/ISIC_0012675.jpg,50.12035554303953,Light
/path/to/ISIC_2017/training_images/ISIC_0012676.jpg,46.22757883213455,Light
/path/to/ISIC_2017/training_images/ISIC_0012677.jpg,46.04925594088007,Light
/path/to/ISIC_2017/training_images/ISIC_0012678.jpg,40.17923392190735,Intermediate
/path/to/ISIC_2017/training_images/ISIC_0012679.jpg,42.51044707800085,Light
/path/to/ISIC_2017/training_images/ISIC_0012680.jpg,54.49278248134577,Light
/path/to/ISIC_2017/training_images/ISIC_0012681.jpg,54.616591570049955,Light
/path/to/ISIC_2017/training_images/ISIC_0012682.jpg,42.978635059643985,Light
/path/to/ISIC_2017/training_images/ISIC_0012683.jpg,42.94644943648901,Light
/path/to/ISIC_2017/training_images/ISIC_0012685.jpg,41.423665625002656,Light
/path/to/ISIC_2017/training_images/ISIC_0012690.jpg,38.44581940960724,Intermediate
/path/to/ISIC_2017/training_images/ISIC_0012692.jpg,36.310249710860425,Intermediate
/path/to/ISIC_2017/training_images/ISIC_0012693.jpg,29.357753542791272,Intermediate
/path/to/ISIC_2017/training_images/ISIC_0012696.jpg,32.417037505923076,Intermediate
/path/to/ISIC_2017/training_images/ISIC_0012697.jpg,32.04241990590687,Intermediate
/path/to/ISIC_2017/training_images/ISIC_0012699.jpg,43.42756957232665,Light
/path/to/ISIC_2017/training_images/ISIC_0012700.jpg,45.0,Light
/path/to/ISIC_2017/training_images/ISIC_0012701.jpg,40.89901830231539,Intermediate
/path/to/ISIC_2017/training_images/ISIC_0012702.jpg,38.05720496157285,Intermediate
/path/to/ISIC_2017/training_images/ISIC_0012704.jpg,42.56805005408243,Light
/path/to/ISIC_2017/training_images/ISIC_0012706.jpg,38.908486291145806,Intermediate
/path/to/ISIC_2017/training_images/ISIC_0012709.jpg,46.501792522359345,Light
/path/to/ISIC_2017/training_images/ISIC_0012710.jpg,43.50936816473769,Light
/path/to/ISIC_2017/training_images/ISIC_0012711.jpg,45.84876427155359,Light
/path/to/ISIC_2017/training_images/ISIC_0012713.jpg,44.3414568224364,Light
/path/to/ISIC_2017/training_images/ISIC_0012715.jpg,40.0607844578738,Intermediate
/path/to/ISIC_2017/training_images/ISIC_0012719.jpg,30.552409285159722,Intermediate
/path/to/ISIC_2017/training_images/ISIC_0012721.jpg,46.09748605338053,Light
/path/to/ISIC_2017/training_images/ISIC_0012725.jpg,32.714083919003336,Intermediate
/path/to/ISIC_2017/training_images/ISIC_0012726.jpg,21.80140948635181,Tan
/path/to/ISIC_2017/training_images/ISIC_0012735.jpg,46.67239436108927,Light
/path/to/ISIC_2017/training_images/ISIC_0012737.jpg,47.52611691161955,Light
/path/to/ISIC_2017/training_images/ISIC_0012739.jpg,33.60123693124207,Intermediate
/path/to/ISIC_2017/training_images/ISIC_0012740.jpg,32.144366027090896,Intermediate
/path/to/ISIC_2017/training_images/ISIC_0012741.jpg,47.8221552998118,Light
/path/to/ISIC_2017/training_images/ISIC_0012742.jpg,37.342290306286124,Intermediate
/path/to/ISIC_2017/training_images/ISIC_0012744.jpg,35.33493348775565,Intermediate
/path/to/ISIC_2017/training_images/ISIC_0012749.jpg,46.88818800674093,Light
/path/to/ISIC_2017/training_images/ISIC_0012756.jpg,45.86805144974554,Light
/path/to/ISIC_2017/training_images/ISIC_0012768.jpg,37.13092444820949,Intermediate
/path/to/ISIC_2017/training_images/ISIC_0012770.jpg,42.05355261998767,Light
/path/to/ISIC_2017/training_images/ISIC_0012772.jpg,39.472459848343824,Intermediate
/path/to/ISIC_2017/training_images/ISIC_0012773.jpg,39.427802196036204,Intermediate
/path/to/ISIC_2017/training_images/ISIC_0012777.jpg,35.69005982501397,Intermediate
/path/to/ISIC_2017/training_images/ISIC_0012785.jpg,47.94644738001233,Light
/path/to/ISIC_2017/training_images/ISIC_0012787.jpg,53.50283915585753,Light
/path/to/ISIC_2017/training_images/ISIC_0012788.jpg,46.080924186660695,Light
/path/to/ISIC_2017/training_images/ISIC_0012789.jpg,37.40535663140856,Intermediate
/path/to/ISIC_2017/training_images/ISIC_0012790.jpg,47.210318924353906,Light
/path/to/ISIC_2017/training_images/ISIC_0012792.jpg,34.908942761111085,Intermediate
/path/to/ISIC_2017/training_images/ISIC_0012793.jpg,30.96375653207352,Intermediate
/path/to/ISIC_2017/training_images/ISIC_0012800.jpg,39.12603848380806,Intermediate
/path/to/ISIC_2017/training_images/ISIC_0012804.jpg,48.34194385726114,Light
/path/to/ISIC_2017/training_images/ISIC_0012806.jpg,49.76364169072618,Light
/path/to/ISIC_2017/training_images/ISIC_0012810.jpg,50.053826050064366,Light
/path/to/ISIC_2017/training_images/ISIC_0012811.jpg,49.21417852273405,Light
/path/to/ISIC_2017/training_images/ISIC_0012813.jpg,34.8493517197326,Intermediate
/path/to/ISIC_2017/training_images/ISIC_0012814.jpg,46.98863785647407,Light
/path/to/ISIC_2017/training_images/ISIC_0012823.jpg,50.09211512449897,Light
/path/to/ISIC_2017/training_images/ISIC_0012826.jpg,53.494375789808984,Light
/path/to/ISIC_2017/training_images/ISIC_0012827.jpg,50.053826050064366,Light
/path/to/ISIC_2017/training_images/ISIC_0012828.jpg,54.722624311940265,Light
/path/to/ISIC_2017/training_images/ISIC_0012833.jpg,24.41333170502512,Tan
/path/to/ISIC_2017/training_images/ISIC_0012835.jpg,44.11176450476023,Light
/path/to/ISIC_2017/training_images/ISIC_0012840.jpg,45.2114225810393,Light
/path/to/ISIC_2017/training_images/ISIC_0012844.jpg,45.61605990839924,Light
/path/to/ISIC_2017/training_images/ISIC_0012845.jpg,48.972495940750655,Light
/path/to/ISIC_2017/training_images/ISIC_0012851.jpg,47.862405226111754,Light
/path/to/ISIC_2017/training_images/ISIC_0012854.jpg,24.577666975276568,Tan
/path/to/ISIC_2017/training_images/ISIC_0012855.jpg,45.0,Light
/path/to/ISIC_2017/training_images/ISIC_0012856.jpg,45.0,Light
/path/to/ISIC_2017/training_images/ISIC_0012865.jpg,52.97327123257036,Light
/path/to/ISIC_2017/training_images/ISIC_0012871.jpg,49.550281137663845,Light
/path/to/ISIC_2017/training_images/ISIC_0012873.jpg,46.709814044141524,Light
/path/to/ISIC_2017/training_images/ISIC_0012877.jpg,47.66776628044633,Light
/path/to/ISIC_2017/training_images/ISIC_0012878.jpg,46.026696180057876,Light
/path/to/ISIC_2017/training_images/ISIC_0012879.jpg,40.91438322002512,Intermediate
/path/to/ISIC_2017/training_images/ISIC_0012880.jpg,31.087505323479984,Intermediate
/path/to/ISIC_2017/training_images/ISIC_0012883.jpg,45.415179541144866,Light
/path/to/ISIC_2017/training_images/ISIC_0012884.jpg,44.34646431932219,Light
/path/to/ISIC_2017/training_images/ISIC_0012887.jpg,46.080924186660695,Light
/path/to/ISIC_2017/training_images/ISIC_0012888.jpg,48.83959633795347,Light
/path/to/ISIC_2017/training_images/ISIC_0012889.jpg,41.062774835175915,Light
/path/to/ISIC_2017/training_images/ISIC_0012891.jpg,45.214589931129396,Light
/path/to/ISIC_2017/training_images/ISIC_0012897.jpg,33.0514467495815,Intermediate
/path/to/ISIC_2017/training_images/ISIC_0012898.jpg,47.991830745969004,Light
/path/to/ISIC_2017/training_images/ISIC_0012901.jpg,45.22121812666487,Light
/path/to/ISIC_2017/training_images/ISIC_0012902.jpg,35.655328097900316,Intermediate
/path/to/ISIC_2017/training_images/ISIC_0012905.jpg,50.33215888165956,Light
/path/to/ISIC_2017/training_images/ISIC_0012907.jpg,36.732826664489366,Intermediate
/path/to/ISIC_2017/training_images/ISIC_0012911.jpg,37.874983651098205,Intermediate
/path/to/ISIC_2017/training_images/ISIC_0012930.jpg,45.409248608034936,Light
/path/to/ISIC_2017/training_images/ISIC_0012932.jpg,36.05054191579112,Intermediate
/path/to/ISIC_2017/training_images/ISIC_0012939.jpg,41.65805614273887,Light
/path/to/ISIC_2017/training_images/ISIC_0012940.jpg,41.941302425904176,Light
/path/to/ISIC_2017/training_images/ISIC_0012944.jpg,38.81706983405174,Intermediate
/path/to/ISIC_2017/training_images/ISIC_0012945.jpg,40.140385569027586,Intermediate
/path/to/ISIC_2017/training_images/ISIC_0012949.jpg,46.263672551658274,Light
/path/to/ISIC_2017/training_images/ISIC_0012950.jpg,38.39005610637002,Intermediate
/path/to/ISIC_2017/training_images/ISIC_0012952.jpg,43.89404124771148,Light
/path/to/ISIC_2017/training_images/ISIC_0012957.jpg,53.88065915052026,Light
/path/to/ISIC_2017/training_images/ISIC_0012961.jpg,46.416921174495705,Light
/path/to/ISIC_2017/training_images/ISIC_0012962.jpg,45.80692945510237,Light
/path/to/ISIC_2017/training_images/ISIC_0012966.jpg,52.71567356354847,Light
/path/to/ISIC_2017/training_images/ISIC_0012969.jpg,37.42146452514024,Intermediate
/path/to/ISIC_2017/training_images/ISIC_0012970.jpg,33.690067525979785,Intermediate
/path/to/ISIC_2017/training_images/ISIC_0012976.jpg,51.426028055495735,Light
/path/to/ISIC_2017/training_images/ISIC_0012981.jpg,36.1680913490307,Intermediate
/path/to/ISIC_2017/training_images/ISIC_0012982.jpg,49.369591648399044,Light
/path/to/ISIC_2017/training_images/ISIC_0012986.jpg,39.12603848380806,Intermediate
/path/to/ISIC_2017/training_images/ISIC_0012987.jpg,44.11859600341787,Light
/path/to/ISIC_2017/training_images/ISIC_0012988.jpg,44.3414568224364,Light
/path/to/ISIC_2017/training_images/ISIC_0012990.jpg,35.697945288701185,Intermediate
/path/to/ISIC_2017/training_images/ISIC_0012998.jpg,41.21552009051209,Light
/path/to/ISIC_2017/training_images/ISIC_0012999.jpg,43.264295411071615,Light
/path/to/ISIC_2017/training_images/ISIC_0013000.jpg,50.01311375503581,Light
/path/to/ISIC_2017/training_images/ISIC_0013001.jpg,51.59673829789422,Light
/path/to/ISIC_2017/training_images/ISIC_0013007.jpg,29.92212985606355,Intermediate
/path/to/ISIC_2017/training_images/ISIC_0013012.jpg,42.316224840531014,Light
/path/to/ISIC_2017/training_images/ISIC_0013014.jpg,49.18491612511842,Light
/path/to/ISIC_2017/training_images/ISIC_0013015.jpg,42.929969346958906,Light
/path/to/ISIC_2017/training_images/ISIC_0013023.jpg,nan,Unknown
/path/to/ISIC_2017/training_images/ISIC_0013024.jpg,44.10482628978893,Light
/path/to/ISIC_2017/training_images/ISIC_0013025.jpg,46.3875157474432,Light
/path/to/ISIC_2017/training_images/ISIC_0013026.jpg,41.987212495816664,Light
/path/to/ISIC_2017/training_images/ISIC_0013027.jpg,51.29812436762973,Light
/path/to/ISIC_2017/training_images/ISIC_0013031.jpg,40.53284093861073,Intermediate
/path/to/ISIC_2017/training_images/ISIC_0013032.jpg,42.397437797500196,Light
/path/to/ISIC_2017/training_images/ISIC_0013033.jpg,36.17962044797895,Intermediate
/path/to/ISIC_2017/training_images/ISIC_0013034.jpg,27.37198063218036,Tan
/path/to/ISIC_2017/training_images/ISIC_0013037.jpg,44.7753118203755,Light
/path/to/ISIC_2017/training_images/ISIC_0013039.jpg,47.68700000212405,Light
/path/to/ISIC_2017/training_images/ISIC_0013040.jpg,34.38034472384487,Intermediate
/path/to/ISIC_2017/training_images/ISIC_0013044.jpg,39.22051417484409,Intermediate
/path/to/ISIC_2017/training_images/ISIC_0013047.jpg,38.76166731036069,Intermediate
/path/to/ISIC_2017/training_images/ISIC_0013048.jpg,49.87690628664375,Light
/path/to/ISIC_2017/training_images/ISIC_0013052.jpg,47.0166238746231,Light
/path/to/ISIC_2017/training_images/ISIC_0013053.jpg,51.164841782235456,Light
/path/to/ISIC_2017/training_images/ISIC_0013054.jpg,49.856603933943184,Light
/path/to/ISIC_2017/training_images/ISIC_0013055.jpg,39.38241940987317,Intermediate
/path/to/ISIC_2017/training_images/ISIC_0013056.jpg,37.67025228324126,Intermediate
/path/to/ISIC_2017/training_images/ISIC_0013059.jpg,40.88181029601122,Intermediate
/path/to/ISIC_2017/training_images/ISIC_0013063.jpg,38.709329226645,Intermediate
/path/to/ISIC_2017/training_images/ISIC_0013065.jpg,38.97840986095666,Intermediate
/path/to/ISIC_2017/training_images/ISIC_0013071.jpg,45.84252426074042,Light
/path/to/ISIC_2017/training_images/ISIC_0013075.jpg,41.36704926051179,Light
/path/to/ISIC_2017/training_images/ISIC_0013079.jpg,46.16913932790743,Light
/path/to/ISIC_2017/training_images/ISIC_0013080.jpg,48.626571783879626,Light
/path/to/ISIC_2017/training_images/ISIC_0013084.jpg,33.7830800733526,Intermediate
/path/to/ISIC_2017/training_images/ISIC_0013086.jpg,45.0,Light
/path/to/ISIC_2017/training_images/ISIC_0013087.jpg,46.29216688624993,Light
/path/to/ISIC_2017/training_images/ISIC_0013088.jpg,24.87131467827699,Tan
/path/to/ISIC_2017/training_images/ISIC_0013089.jpg,42.58666356715011,Light
/path/to/ISIC_2017/training_images/ISIC_0013090.jpg,48.07745539942438,Light
/path/to/ISIC_2017/training_images/ISIC_0013092.jpg,40.529179164504825,Intermediate
/path/to/ISIC_2017/training_images/ISIC_0013094.jpg,32.18510589189078,Intermediate
/path/to/ISIC_2017/training_images/ISIC_0013096.jpg,41.21552009051209,Light
/path/to/ISIC_2017/training_images/ISIC_0013097.jpg,37.0730733173104,Intermediate
/path/to/ISIC_2017/training_images/ISIC_0013106.jpg,44.09061955080086,Light
/path/to/ISIC_2017/training_images/ISIC_0013112.jpg,47.075026361417414,Light
/path/to/ISIC_2017/training_images/ISIC_0013114.jpg,46.16124190831401,Light
/path/to/ISIC_2017/training_images/ISIC_0013118.jpg,28.81079374297307,Intermediate
/path/to/ISIC_2017/training_images/ISIC_0013120.jpg,40.53284093861073,Intermediate
/path/to/ISIC_2017/training_images/ISIC_0013121.jpg,30.618605408909392,Intermediate
/path/to/ISIC_2017/training_images/ISIC_0013124.jpg,43.264295411071615,Light
/path/to/ISIC_2017/training_images/ISIC_0013126.jpg,47.8221552998118,Light
/path/to/ISIC_2017/training_images/ISIC_0013129.jpg,34.14049676467801,Intermediate
/path/to/ISIC_2017/training_images/ISIC_0013134.jpg,33.495184673741186,Intermediate
/path/to/ISIC_2017/training_images/ISIC_0013136.jpg,35.53767779197438,Intermediate
/path/to/ISIC_2017/training_images/ISIC_0013140.jpg,48.03403964694501,Light
/path/to/ISIC_2017/training_images/ISIC_0013141.jpg,47.290610042638534,Light
/path/to/ISIC_2017/training_images/ISIC_0013146.jpg,45.216209462462366,Light
/path/to/ISIC_2017/training_images/ISIC_0013147.jpg,34.54374940776912,Intermediate
/path/to/ISIC_2017/training_images/ISIC_0013150.jpg,44.36575528557388,Light
/path/to/ISIC_2017/training_images/ISIC_0013155.jpg,42.74542503406497,Light
/path/to/ISIC_2017/training_images/ISIC_0013160.jpg,41.30861401354873,Light
/path/to/ISIC_2017/training_images/ISIC_0013163.jpg,39.00259942608448,Intermediate
/path/to/ISIC_2017/training_images/ISIC_0013165.jpg,38.607626319962975,Intermediate
/path/to/ISIC_2017/training_images/ISIC_0013166.jpg,47.290610042638534,Light
/path/to/ISIC_2017/training_images/ISIC_0013167.jpg,42.994352628611395,Light
/path/to/ISIC_2017/training_images/ISIC_0013172.jpg,40.39990433373673,Intermediate
/path/to/ISIC_2017/training_images/ISIC_0013173.jpg,46.0569977767849,Light
/path/to/ISIC_2017/training_images/ISIC_0013174.jpg,35.24757505834622,Intermediate
/path/to/ISIC_2017/training_images/ISIC_0013177.jpg,49.698680517299444,Light
/path/to/ISIC_2017/training_images/ISIC_0013178.jpg,34.54374940776912,Intermediate
/path/to/ISIC_2017/training_images/ISIC_0013181.jpg,40.2720121811578,Intermediate
/path/to/ISIC_2017/training_images/ISIC_0013184.jpg,45.22121812666487,Light
/path/to/ISIC_2017/training_images/ISIC_0013187.jpg,31.54131539138498,Intermediate
/path/to/ISIC_2017/training_images/ISIC_0013189.jpg,38.17467353552441,Intermediate
/path/to/ISIC_2017/training_images/ISIC_0013190.jpg,40.84871473357831,Intermediate
/path/to/ISIC_2017/training_images/ISIC_0013192.jpg,32.118022210114795,Intermediate
/path/to/ISIC_2017/training_images/ISIC_0013193.jpg,45.201036997834606,Light
/path/to/ISIC_2017/training_images/ISIC_0013196.jpg,30.904382688546075,Intermediate
/path/to/ISIC_2017/training_images/ISIC_0013197.jpg,37.485222455780146,Intermediate
/path/to/ISIC_2017/training_images/ISIC_0013198.jpg,30.1013045655997,Intermediate
/path/to/ISIC_2017/training_images/ISIC_0013200.jpg,42.25359932265578,Light
/path/to/ISIC_2017/training_images/ISIC_0013201.jpg,33.86369056881827,Intermediate
/path/to/ISIC_2017/training_images/ISIC_0013204.jpg,35.18521332794773,Intermediate
/path/to/ISIC_2017/training_images/ISIC_0013205.jpg,36.41206440352397,Intermediate
/path/to/ISIC_2017/training_images/ISIC_0013207.jpg,30.53754711782865,Intermediate
/path/to/ISIC_2017/training_images/ISIC_0013208.jpg,33.49940007834755,Intermediate
/path/to/ISIC_2017/training_images/ISIC_0013212.jpg,41.80837334344573,Light
/path/to/ISIC_2017/training_images/ISIC_0013213.jpg,31.70142966950572,Intermediate
/path/to/ISIC_2017/training_images/ISIC_0013217.jpg,52.00784722897688,Light
/path/to/ISIC_2017/training_images/ISIC_0013219.jpg,44.55927192723899,Light
/path/to/ISIC_2017/training_images/ISIC_0013220.jpg,40.23635830927382,Intermediate
/path/to/ISIC_2017/training_images/ISIC_0013222.jpg,35.76444090683408,Intermediate
/path/to/ISIC_2017/training_images/ISIC_0013223.jpg,47.63011266335759,Light
/path/to/ISIC_2017/training_images/ISIC_0013224.jpg,34.180601598021234,Intermediate
/path/to/ISIC_2017/training_images/ISIC_0013227.jpg,43.46369987111621,Light
/path/to/ISIC_2017/training_images/ISIC_0013229.jpg,39.61845294786808,Intermediate
/path/to/ISIC_2017/training_images/ISIC_0013233.jpg,34.73862528276561,Intermediate
/path/to/ISIC_2017/training_images/ISIC_0013235.jpg,38.06864320168417,Intermediate
/path/to/ISIC_2017/training_images/ISIC_0013236.jpg,34.14049676467801,Intermediate
/path/to/ISIC_2017/training_images/ISIC_0013238.jpg,31.607502246248906,Intermediate
/path/to/ISIC_2017/training_images/ISIC_0013243.jpg,37.959283412995354,Intermediate
/path/to/ISIC_2017/training_images/ISIC_0013244.jpg,36.995271142707146,Intermediate
/path/to/ISIC_2017/training_images/ISIC_0013248.jpg,42.17019240711285,Light
/path/to/ISIC_2017/training_images/ISIC_0013249.jpg,26.08223300313469,Tan
/path/to/ISIC_2017/training_images/ISIC_0013257.jpg,41.82016988013577,Light
/path/to/ISIC_2017/training_images/ISIC_0013258.jpg,39.266625241628134,Intermediate
/path/to/ISIC_2017/training_images/ISIC_0013268.jpg,34.04593735660166,Intermediate
/path/to/ISIC_2017/training_images/ISIC_0013274.jpg,38.607626319962975,Intermediate
/path/to/ISIC_2017/training_images/ISIC_0013275.jpg,38.75808565258495,Intermediate
/path/to/ISIC_2017/training_images/ISIC_0013287.jpg,40.010637430357804,Intermediate
/path/to/ISIC_2017/training_images/ISIC_0013288.jpg,35.61085243866876,Intermediate
/path/to/ISIC_2017/training_images/ISIC_0013294.jpg,38.811384036758405,Intermediate
/path/to/ISIC_2017/training_images/ISIC_0013302.jpg,36.45721009232429,Intermediate
/path/to/ISIC_2017/training_images/ISIC_0013304.jpg,36.93485881927076,Intermediate
/path/to/ISIC_2017/training_images/ISIC_0013306.jpg,33.78508531534643,Intermediate
/path/to/ISIC_2017/training_images/ISIC_0013310.jpg,38.659808254090095,Intermediate
/path/to/ISIC_2017/training_images/ISIC_0013311.jpg,40.08821182749401,Intermediate
/path/to/ISIC_2017/training_images/ISIC_0013314.jpg,37.29066691996608,Intermediate
/path/to/ISIC_2017/training_images/ISIC_0013315.jpg,45.233859025873265,Light
/path/to/ISIC_2017/training_images/ISIC_0013316.jpg,38.26398878588065,Intermediate
/path/to/ISIC_2017/training_images/ISIC_0013320.jpg,43.7811247648687,Light
/path/to/ISIC_2017/training_images/ISIC_0013326.jpg,40.30713749441016,Intermediate
/path/to/ISIC_2017/training_images/ISIC_0013329.jpg,42.77407610488597,Light
/path/to/ISIC_2017/training_images/ISIC_0013330.jpg,39.04857772112062,Intermediate
/path/to/ISIC_2017/training_images/ISIC_0013333.jpg,33.690067525979785,Intermediate
/path/to/ISIC_2017/training_images/ISIC_0013334.jpg,52.61854648756894,Light
/path/to/ISIC_2017/training_images/ISIC_0013335.jpg,36.480577842588886,Intermediate
/path/to/ISIC_2017/training_images/ISIC_0013340.jpg,33.326289687115214,Intermediate
/path/to/ISIC_2017/training_images/ISIC_0013341.jpg,38.659808254090095,Intermediate
/path/to/ISIC_2017/training_images/ISIC_0013342.jpg,40.010637430357804,Intermediate
/path/to/ISIC_2017/training_images/ISIC_0013346.jpg,33.77931321628475,Intermediate
/path/to/ISIC_2017/training_images/ISIC_0013355.jpg,42.33699923393286,Light
/path/to/ISIC_2017/training_images/ISIC_0013356.jpg,42.978635059643985,Light
/path/to/ISIC_2017/training_images/ISIC_0013359.jpg,33.33364425732231,Intermediate
/path/to/ISIC_2017/training_images/ISIC_0013360.jpg,31.968842537327703,Intermediate
/path/to/ISIC_2017/training_images/ISIC_0013364.jpg,36.076011556368606,Intermediate
/path/to/ISIC_2017/training_images/ISIC_0013365.jpg,30.379126011368346,Intermediate
/path/to/ISIC_2017/training_images/ISIC_0013369.jpg,43.46369987111621,Light
/path/to/ISIC_2017/training_images/ISIC_0013370.jpg,42.529948704039136,Light
/path/to/ISIC_2017/training_images/ISIC_0013371.jpg,35.2333206042273,Intermediate
/path/to/ISIC_2017/training_images/ISIC_0013378.jpg,45.42440541936148,Light
/path/to/ISIC_2017/training_images/ISIC_0013383.jpg,33.09839376183243,Intermediate
/path/to/ISIC_2017/training_images/ISIC_0013385.jpg,38.55458196374031,Intermediate
/path/to/ISIC_2017/training_images/ISIC_0013390.jpg,39.312008746737476,Intermediate
/path/to/ISIC_2017/training_images/ISIC_0013394.jpg,45.0,Light
/path/to/ISIC_2017/training_images/ISIC_0013395.jpg,46.8476102659946,Light
/path/to/ISIC_2017/training_images/ISIC_0013397.jpg,33.495184673741186,Intermediate
/path/to/ISIC_2017/training_images/ISIC_0013398.jpg,33.690067525979785,Intermediate
/path/to/ISIC_2017/training_images/ISIC_0013400.jpg,29.019082851605063,Intermediate
/path/to/ISIC_2017/training_images/ISIC_0013403.jpg,33.874594358241275,Intermediate
/path/to/ISIC_2017/training_images/ISIC_0013405.jpg,38.927543592792304,Intermediate
/path/to/ISIC_2017/training_images/ISIC_0013409.jpg,34.992020198558656,Intermediate
/path/to/ISIC_2017/training_images/ISIC_0013410.jpg,39.12603848380806,Intermediate
/path/to/ISIC_2017/training_images/ISIC_0013417.jpg,35.134193056915635,Intermediate
/path/to/ISIC_2017/training_images/ISIC_0013423.jpg,37.70580369145914,Intermediate
/path/to/ISIC_2017/training_images/ISIC_0013424.jpg,34.249033006811956,Intermediate
/path/to/ISIC_2017/training_images/ISIC_0013425.jpg,37.255289453577085,Intermediate
/path/to/ISIC_2017/training_images/ISIC_0013427.jpg,41.80837334344573,Light
/path/to/ISIC_2017/training_images/ISIC_0013428.jpg,38.21102542556121,Intermediate
/path/to/ISIC_2017/training_images/ISIC_0013429.jpg,34.053268870254946,Intermediate
/path/to/ISIC_2017/training_images/ISIC_0013430.jpg,37.929655179842406,Intermediate
/path/to/ISIC_2017/training_images/ISIC_0013432.jpg,38.86777750232069,Intermediate
/path/to/ISIC_2017/training_images/ISIC_0013433.jpg,36.61439976520287,Intermediate
/path/to/ISIC_2017/training_images/ISIC_0013434.jpg,35.07998703759795,Intermediate
/path/to/ISIC_2017/training_images/ISIC_0013437.jpg,34.73862528276561,Intermediate
/path/to/ISIC_2017/training_images/ISIC_0013438.jpg,38.30362238380031,Intermediate
/path/to/ISIC_2017/training_images/ISIC_0013443.jpg,43.00982775024511,Light
/path/to/ISIC_2017/training_images/ISIC_0013456.jpg,35.53767779197438,Intermediate
/path/to/ISIC_2017/training_images/ISIC_0013458.jpg,34.249033006811956,Intermediate
/path/to/ISIC_2017/training_images/ISIC_0013461.jpg,34.6363081775529,Intermediate
/path/to/ISIC_2017/training_images/ISIC_0013474.jpg,36.80573666536979,Intermediate
/path/to/ISIC_2017/training_images/ISIC_0013480.jpg,35.1033280323309,Intermediate
/path/to/ISIC_2017/training_images/ISIC_0013486.jpg,44.356254285824626,Light
/path/to/ISIC_2017/training_images/ISIC_0013487.jpg,45.43078721700863,Light
/path/to/ISIC_2017/training_images/ISIC_0013488.jpg,45.65353568067782,Light
/path/to/ISIC_2017/training_images/ISIC_0013489.jpg,41.941302425904176,Light
/path/to/ISIC_2017/training_images/ISIC_0013490.jpg,36.17962044797895,Intermediate
/path/to/ISIC_2017/training_images/ISIC_0013492.jpg,44.7885774189607,Light
/path/to/ISIC_2017/training_images/ISIC_0013493.jpg,38.26398878588065,Intermediate
/path/to/ISIC_2017/training_images/ISIC_0013494.jpg,39.486599971332446,Intermediate
/path/to/ISIC_2017/training_images/ISIC_0013495.jpg,39.52859089040417,Intermediate
/path/to/ISIC_2017/training_images/ISIC_0013497.jpg,43.111811993259074,Light
/path/to/ISIC_2017/training_images/ISIC_0013498.jpg,45.43736386752074,Light
/path/to/ISIC_2017/training_images/ISIC_0013499.jpg,42.436229788534995,Light
/path/to/ISIC_2017/training_images/ISIC_0013500.jpg,42.212519157967975,Light
/path/to/ISIC_2017/training_images/ISIC_0013516.jpg,33.507306488690034,Intermediate
/path/to/ISIC_2017/training_images/ISIC_0013517.jpg,33.78936687112333,Intermediate
/path/to/ISIC_2017/training_images/ISIC_0013523.jpg,36.25383773744479,Intermediate
/path/to/ISIC_2017/training_images/ISIC_0013525.jpg,32.653579331273164,Intermediate
/path/to/ISIC_2017/training_images/ISIC_0013526.jpg,43.89404124771148,Light
/path/to/ISIC_2017/training_images/ISIC_0013530.jpg,49.48841683624423,Light
/path/to/ISIC_2017/training_images/ISIC_0013552.jpg,34.26110289909456,Intermediate
/path/to/ISIC_2017/training_images/ISIC_0013553.jpg,36.740562020121196,Intermediate
/path/to/ISIC_2017/training_images/ISIC_0013554.jpg,31.827446576673115,Intermediate
/path/to/ISIC_2017/training_images/ISIC_0013558.jpg,45.212994481711426,Light
/path/to/ISIC_2017/training_images/ISIC_0013559.jpg,46.24536426676835,Light
/path/to/ISIC_2017/training_images/ISIC_0013567.jpg,35.900049640216224,Intermediate
/path/to/ISIC_2017/training_images/ISIC_0013568.jpg,38.81706983405174,Intermediate
/path/to/ISIC_2017/training_images/ISIC_0013572.jpg,37.68299276767522,Intermediate
/path/to/ISIC_2017/training_images/ISIC_0013573.jpg,35.020078854255445,Intermediate
/path/to/ISIC_2017/training_images/ISIC_0013578.jpg,38.9667469937993,Intermediate
/path/to/ISIC_2017/training_images/ISIC_0013579.jpg,42.126561502406474,Light
/path/to/ISIC_2017/training_images/ISIC_0013580.jpg,32.755472129750146,Intermediate
/path/to/ISIC_2017/training_images/ISIC_0013581.jpg,33.78508531534643,Intermediate
/path/to/ISIC_2017/training_images/ISIC_0013584.jpg,35.07998703759795,Intermediate
/path/to/ISIC_2017/training_images/ISIC_0013585.jpg,36.72860131202555,Intermediate
/path/to/ISIC_2017/training_images/ISIC_0013592.jpg,33.964645836965104,Intermediate
/path/to/ISIC_2017/training_images/ISIC_0013594.jpg,50.7660227682365,Light
/path/to/ISIC_2017/training_images/ISIC_0013595.jpg,47.45672807339153,Light
/path/to/ISIC_2017/training_images/ISIC_0013596.jpg,27.7904424794521,Tan
/path/to/ISIC_2017/training_images/ISIC_0013597.jpg,33.41372346537151,Intermediate
/path/to/ISIC_2017/training_images/ISIC_0013599.jpg,49.3382667914282,Light
/path/to/ISIC_2017/training_images/ISIC_0013601.jpg,50.29704810459679,Light
/path/to/ISIC_2017/training_images/ISIC_0013603.jpg,44.79315692922268,Light
/path/to/ISIC_2017/training_images/ISIC_0013606.jpg,42.87890360333855,Light
/path/to/ISIC_2017/training_images/ISIC_0013610.jpg,37.29066691996608,Intermediate
/path/to/ISIC_2017/training_images/ISIC_0013618.jpg,35.2996080560542,Intermediate
/path/to/ISIC_2017/training_images/ISIC_0013621.jpg,41.89397290438357,Light
/path/to/ISIC_2017/training_images/ISIC_0013625.jpg,34.27370553387477,Intermediate
/path/to/ISIC_2017/training_images/ISIC_0013626.jpg,47.59350644478905,Light
/path/to/ISIC_2017/training_images/ISIC_0013634.jpg,38.194419558135216,Intermediate
/path/to/ISIC_2017/training_images/ISIC_0013635.jpg,34.611142184530394,Intermediate
/path/to/ISIC_2017/training_images/ISIC_0013639.jpg,44.78379053753763,Light
/path/to/ISIC_2017/training_images/ISIC_0013643.jpg,34.69515353123397,Intermediate
/path/to/ISIC_2017/training_images/ISIC_0013652.jpg,32.887377074014985,Intermediate
/path/to/ISIC_2017/training_images/ISIC_0013656.jpg,40.23635830927382,Intermediate
/path/to/ISIC_2017/training_images/ISIC_0013664.jpg,32.54430468780468,Intermediate
/path/to/ISIC_2017/training_images/ISIC_0013667.jpg,43.23760897633949,Light
/path/to/ISIC_2017/training_images/ISIC_0013670.jpg,40.200163886095304,Intermediate
/path/to/ISIC_2017/training_images/ISIC_0013671.jpg,35.66160502376401,Intermediate
/path/to/ISIC_2017/training_images/ISIC_0013672.jpg,33.87853980510965,Intermediate
/path/to/ISIC_2017/training_images/ISIC_0013674.jpg,40.60129464500447,Intermediate
/path/to/ISIC_2017/training_images/ISIC_0013675.jpg,40.08821182749401,Intermediate
/path/to/ISIC_2017/training_images/ISIC_0013676.jpg,34.06887707758856,Intermediate
/path/to/ISIC_2017/training_images/ISIC_0013680.jpg,51.962046265609274,Light
/path/to/ISIC_2017/training_images/ISIC_0013682.jpg,41.395579460824294,Light
/path/to/ISIC_2017/training_images/ISIC_0013684.jpg,30.566269889554516,Intermediate
/path/to/ISIC_2017/training_images/ISIC_0013685.jpg,36.80573666536979,Intermediate
/path/to/ISIC_2017/training_images/ISIC_0013687.jpg,41.6335393365702,Light
/path/to/ISIC_2017/training_images/ISIC_0013688.jpg,40.63474226497207,Intermediate
/path/to/ISIC_2017/training_images/ISIC_0013689.jpg,23.89109240154741,Tan
/path/to/ISIC_2017/training_images/ISIC_0013690.jpg,27.7904424794521,Tan
/path/to/ISIC_2017/training_images/ISIC_0013691.jpg,32.97772331381648,Intermediate
/path/to/ISIC_2017/training_images/ISIC_0013695.jpg,38.39005610637002,Intermediate
/path/to/ISIC_2017/training_images/ISIC_0013706.jpg,42.70938995736147,Light
/path/to/ISIC_2017/training_images/ISIC_0013707.jpg,35.53767779197438,Intermediate
/path/to/ISIC_2017/training_images/ISIC_0013709.jpg,40.17923392190735,Intermediate
/path/to/ISIC_2017/training_images/ISIC_0013712.jpg,41.15586442370763,Light
/path/to/ISIC_2017/training_images/ISIC_0013713.jpg,37.13857459563891,Intermediate
/path/to/ISIC_2017/training_images/ISIC_0013719.jpg,42.89620305314893,Light
/path/to/ISIC_2017/training_images/ISIC_0013721.jpg,47.24175066319735,Light
/path/to/ISIC_2017/training_images/ISIC_0013725.jpg,31.651272886712622,Intermediate
/path/to/ISIC_2017/training_images/ISIC_0013731.jpg,47.152962789100464,Light
/path/to/ISIC_2017/training_images/ISIC_0013737.jpg,28.523118606312032,Intermediate
/path/to/ISIC_2017/training_images/ISIC_0013740.jpg,41.91781917547186,Light
/path/to/ISIC_2017/training_images/ISIC_0013742.jpg,53.97262661489639,Light
/path/to/ISIC_2017/training_images/ISIC_0013747.jpg,34.651315912004534,Intermediate
/path/to/ISIC_2017/training_images/ISIC_0013748.jpg,35.134193056915635,Intermediate
/path/to/ISIC_2017/training_images/ISIC_0013749.jpg,34.07719528013074,Intermediate
/path/to/ISIC_2017/training_images/ISIC_0013758.jpg,45.93919094573558,Light
/path/to/ISIC_2017/training_images/ISIC_0013762.jpg,43.5203642291032,Light
/path/to/ISIC_2017/training_images/ISIC_0013765.jpg,38.367485384861546,Intermediate
/path/to/ISIC_2017/training_images/ISIC_0013772.jpg,35.34502290434381,Intermediate
/path/to/ISIC_2017/training_images/ISIC_0013775.jpg,35.97687028710933,Intermediate
/path/to/ISIC_2017/training_images/ISIC_0013777.jpg,37.60599135740173,Intermediate
/path/to/ISIC_2017/training_images/ISIC_0013778.jpg,34.28687697720896,Intermediate
/path/to/ISIC_2017/training_images/ISIC_0013782.jpg,23.92250588301327,Tan
/path/to/ISIC_2017/training_images/ISIC_0013783.jpg,33.5145832982414,Intermediate
/path/to/ISIC_2017/training_images/ISIC_0013789.jpg,46.16124190831401,Light
/path/to/ISIC_2017/training_images/ISIC_0013792.jpg,42.742196011327565,Light
/path/to/ISIC_2017/training_images/ISIC_0013795.jpg,42.436229788534995,Light
/path/to/ISIC_2017/training_images/ISIC_0013796.jpg,27.675910460029026,Tan
/path/to/ISIC_2017/training_images/ISIC_0013797.jpg,48.012787504183336,Light
/path/to/ISIC_2017/training_images/ISIC_0013798.jpg,47.225923895114036,Light
/path/to/ISIC_2017/training_images/ISIC_0013799.jpg,33.77931321628475,Intermediate
/path/to/ISIC_2017/training_images/ISIC_0013800.jpg,36.187098362255604,Intermediate
/path/to/ISIC_2017/training_images/ISIC_0013801.jpg,34.07719528013074,Intermediate
/path/to/ISIC_2017/training_images/ISIC_0013802.jpg,31.263731694377427,Intermediate
/path/to/ISIC_2017/training_images/ISIC_0013803.jpg,45.0,Light
/path/to/ISIC_2017/training_images/ISIC_0013804.jpg,25.221115193691382,Tan
/path/to/ISIC_2017/training_images/ISIC_0013805.jpg,29.26119856255055,Intermediate
/path/to/ISIC_2017/training_images/ISIC_0013806.jpg,21.291155219726225,Tan
/path/to/ISIC_2017/training_images/ISIC_0013807.jpg,25.29554640032656,Tan
/path/to/ISIC_2017/training_images/ISIC_0013808.jpg,31.675468738109217,Intermediate
/path/to/ISIC_2017/training_images/ISIC_0013815.jpg,43.69804732742112,Light
/path/to/ISIC_2017/training_images/ISIC_0013816.jpg,26.045768300488827,Tan
/path/to/ISIC_2017/training_images/ISIC_0013817.jpg,39.64417495714481,Intermediate
/path/to/ISIC_2017/training_images/ISIC_0013819.jpg,47.03091423685311,Light
/path/to/ISIC_2017/training_images/ISIC_0013830.jpg,39.680106082193156,Intermediate
/path/to/ISIC_2017/training_images/ISIC_0013831.jpg,34.96512077353356,Intermediate
/path/to/ISIC_2017/training_images/ISIC_0013832.jpg,46.16124190831401,Light
/path/to/ISIC_2017/training_images/ISIC_0013835.jpg,34.07719528013074,Intermediate
/path/to/ISIC_2017/training_images/ISIC_0013836.jpg,43.38969939750101,Light
/path/to/ISIC_2017/training_images/ISIC_0013837.jpg,38.86777750232069,Intermediate
/path/to/ISIC_2017/training_images/ISIC_0013839.jpg,36.2926297284796,Intermediate
/path/to/ISIC_2017/training_images/ISIC_0013840.jpg,37.729931354626586,Intermediate
/path/to/ISIC_2017/training_images/ISIC_0013841.jpg,33.59552012085298,Intermediate
/path/to/ISIC_2017/training_images/ISIC_0013843.jpg,47.41950921665634,Light
/path/to/ISIC_2017/training_images/ISIC_0013844.jpg,35.17227598883689,Intermediate
/path/to/ISIC_2017/training_images/ISIC_0013845.jpg,38.89994003967834,Intermediate
/path/to/ISIC_2017/training_images/ISIC_0013861.jpg,35.882137246204216,Intermediate
/path/to/ISIC_2017/training_images/ISIC_0013862.jpg,nan,Unknown
/path/to/ISIC_2017/training_images/ISIC_0013864.jpg,40.88181029601122,Intermediate
/path/to/ISIC_2017/training_images/ISIC_0013865.jpg,37.35662192852043,Intermediate
/path/to/ISIC_2017/training_images/ISIC_0013874.jpg,40.21746751552607,Intermediate
/path/to/ISIC_2017/training_images/ISIC_0013876.jpg,37.316018170266034,Intermediate
/path/to/ISIC_2017/training_images/ISIC_0013879.jpg,27.328949638007987,Tan
/path/to/ISIC_2017/training_images/ISIC_0013886.jpg,49.45560283332632,Light
/path/to/ISIC_2017/training_images/ISIC_0013888.jpg,35.73216373717888,Intermediate
/path/to/ISIC_2017/training_images/ISIC_0013890.jpg,33.490778661791005,Intermediate
/path/to/ISIC_2017/training_images/ISIC_0013896.jpg,36.17962044797895,Intermediate
/path/to/ISIC_2017/training_images/ISIC_0013910.jpg,35.45961819515736,Intermediate
/path/to/ISIC_2017/training_images/ISIC_0013918.jpg,26.896236965493376,Tan
/path/to/ISIC_2017/training_images/ISIC_0013921.jpg,40.462227492093355,Intermediate
/path/to/ISIC_2017/training_images/ISIC_0013922.jpg,30.28243343194188,Intermediate
/path/to/ISIC_2017/training_images/ISIC_0013927.jpg,30.902214365071746,Intermediate
/path/to/ISIC_2017/training_images/ISIC_0013929.jpg,37.40535663140856,Intermediate
/path/to/ISIC_2017/training_images/ISIC_0013933.jpg,37.116860683270275,Intermediate
/path/to/ISIC_2017/training_images/ISIC_0013935.jpg,37.342290306286124,Intermediate
/path/to/ISIC_2017/training_images/ISIC_0013936.jpg,39.636930579953294,Intermediate
/path/to/ISIC_2017/training_images/ISIC_0013942.jpg,38.059016571257416,Intermediate
/path/to/ISIC_2017/training_images/ISIC_0013946.jpg,48.511942651698945,Light
/path/to/ISIC_2017/training_images/ISIC_0013958.jpg,51.34019174590991,Light
/path/to/ISIC_2017/training_images/ISIC_0013961.jpg,33.19756579221645,Intermediate
/path/to/ISIC_2017/training_images/ISIC_0013962.jpg,34.540090907070876,Intermediate
/path/to/ISIC_2017/training_images/ISIC_0013965.jpg,38.86777750232069,Intermediate
/path/to/ISIC_2017/training_images/ISIC_0013967.jpg,38.659808254090095,Intermediate
/path/to/ISIC_2017/training_images/ISIC_0013969.jpg,36.599317463682105,Intermediate
/path/to/ISIC_2017/training_images/ISIC_0013970.jpg,28.984560393734327,Intermediate
/path/to/ISIC_2017/training_images/ISIC_0013971.jpg,23.19859051364819,Tan
/path/to/ISIC_2017/training_images/ISIC_0013972.jpg,36.599317463682105,Intermediate
/path/to/ISIC_2017/training_images/ISIC_0013975.jpg,34.07719528013074,Intermediate
/path/to/ISIC_2017/training_images/ISIC_0013980.jpg,34.71642934886472,Intermediate
/path/to/ISIC_2017/training_images/ISIC_0013981.jpg,33.874594358241275,Intermediate
/path/to/ISIC_2017/training_images/ISIC_0013982.jpg,31.464143630865756,Intermediate
/path/to/ISIC_2017/training_images/ISIC_0013983.jpg,36.565135735422956,Intermediate
/path/to/ISIC_2017/training_images/ISIC_0013984.jpg,43.57299813248532,Light
/path/to/ISIC_2017/training_images/ISIC_0013986.jpg,35.45961819515736,Intermediate
/path/to/ISIC_2017/training_images/ISIC_0013995.jpg,29.337893654673955,Intermediate
/path/to/ISIC_2017/training_images/ISIC_0013996.jpg,32.79953127261922,Intermediate
/path/to/ISIC_2017/training_images/ISIC_0013997.jpg,30.902214365071746,Intermediate
/path/to/ISIC_2017/training_images/ISIC_0014001.jpg,32.15229514128234,Intermediate
/path/to/ISIC_2017/training_images/ISIC_0014004.jpg,53.23810558064158,Light
/path/to/ISIC_2017/training_images/ISIC_0014013.jpg,44.56594936786059,Light
/path/to/ISIC_2017/training_images/ISIC_0014026.jpg,36.732826664489366,Intermediate
/path/to/ISIC_2017/training_images/ISIC_0014028.jpg,48.60127811722344,Light
/path/to/ISIC_2017/training_images/ISIC_0014029.jpg,44.36575528557388,Light
/path/to/ISIC_2017/training_images/ISIC_0014031.jpg,42.87890360333855,Light
/path/to/ISIC_2017/training_images/ISIC_0014032.jpg,29.337893654673955,Intermediate
/path/to/ISIC_2017/training_images/ISIC_0014044.jpg,28.30075576600638,Intermediate
/path/to/ISIC_2017/training_images/ISIC_0014045.jpg,33.60299194026266,Intermediate
/path/to/ISIC_2017/training_images/ISIC_0014046.jpg,35.25140575831464,Intermediate
/path/to/ISIC_2017/training_images/ISIC_0014049.jpg,32.15229514128234,Intermediate
/path/to/ISIC_2017/training_images/ISIC_0014061.jpg,35.92850242282283,Intermediate
/path/to/ISIC_2017/training_images/ISIC_0014062.jpg,35.53767779197438,Intermediate
/path/to/ISIC_2017/training_images/ISIC_0014066.jpg,33.690067525979785,Intermediate
/path/to/ISIC_2017/training_images/ISIC_0014069.jpg,35.85291961512485,Intermediate
/path/to/ISIC_2017/training_images/ISIC_0014072.jpg,38.44581940960724,Intermediate
/path/to/ISIC_2017/training_images/ISIC_0014073.jpg,41.30861401354873,Light
/path/to/ISIC_2017/training_images/ISIC_0014074.jpg,33.388513576111514,Intermediate
/path/to/ISIC_2017/training_images/ISIC_0014076.jpg,41.869755137780906,Light
/path/to/ISIC_2017/training_images/ISIC_0014079.jpg,34.26110289909456,Intermediate
/path/to/ISIC_2017/training_images/ISIC_0014080.jpg,34.169920456593,Intermediate
/path/to/ISIC_2017/training_images/ISIC_0014081.jpg,33.690067525979785,Intermediate
/path/to/ISIC_2017/training_images/ISIC_0014082.jpg,36.80193115398371,Intermediate
/path/to/ISIC_2017/training_images/ISIC_0014083.jpg,37.203008889765385,Intermediate
/path/to/ISIC_2017/training_images/ISIC_0014088.jpg,33.593447416027594,Intermediate
/path/to/ISIC_2017/training_images/ISIC_0014089.jpg,35.0493733120484,Intermediate
/path/to/ISIC_2017/training_images/ISIC_0014092.jpg,35.41705527646743,Intermediate
/path/to/ISIC_2017/training_images/ISIC_0014093.jpg,34.14989537020263,Intermediate
/path/to/ISIC_2017/training_images/ISIC_0014094.jpg,34.249033006811956,Intermediate
/path/to/ISIC_2017/training_images/ISIC_0014099.jpg,38.97840986095666,Intermediate
/path/to/ISIC_2017/training_images/ISIC_0014108.jpg,35.01817071226684,Intermediate
/path/to/ISIC_2017/training_images/ISIC_0014114.jpg,49.519137714706474,Light
/path/to/ISIC_2017/training_images/ISIC_0014120.jpg,33.135609548718875,Intermediate
/path/to/ISIC_2017/training_images/ISIC_0014127.jpg,33.78936687112333,Intermediate
/path/to/ISIC_2017/training_images/ISIC_0014131.jpg,38.81706983405174,Intermediate
/path/to/ISIC_2017/training_images/ISIC_0014132.jpg,36.32682595212024,Intermediate
/path/to/ISIC_2017/training_images/ISIC_0014133.jpg,35.8077569071542,Intermediate
/path/to/ISIC_2017/training_images/ISIC_0014136.jpg,36.333882082566475,Intermediate
/path/to/ISIC_2017/training_images/ISIC_0014144.jpg,38.45370921670597,Intermediate
/path/to/ISIC_2017/training_images/ISIC_0014149.jpg,29.869799222952008,Intermediate
/path/to/ISIC_2017/training_images/ISIC_0014150.jpg,35.38027220030115,Intermediate
/path/to/ISIC_2017/training_images/ISIC_0014151.jpg,37.874983651098205,Intermediate
/path/to/ISIC_2017/training_images/ISIC_0014156.jpg,37.375807495548166,Intermediate
/path/to/ISIC_2017/training_images/ISIC_0014157.jpg,44.587807258597685,Light
/path/to/ISIC_2017/training_images/ISIC_0014158.jpg,33.40166838692688,Intermediate
/path/to/ISIC_2017/training_images/ISIC_0014163.jpg,33.08485292873497,Intermediate
/path/to/ISIC_2017/training_images/ISIC_0014164.jpg,nan,Unknown
/path/to/ISIC_2017/training_images/ISIC_0014166.jpg,34.71860657106739,Intermediate
/path/to/ISIC_2017/training_images/ISIC_0014169.jpg,32.69198418257208,Intermediate
/path/to/ISIC_2017/training_images/ISIC_0014171.jpg,39.01504768488459,Intermediate
/path/to/ISIC_2017/training_images/ISIC_0014173.jpg,43.402523802754374,Light
/path/to/ISIC_2017/training_images/ISIC_0014174.jpg,29.235804568700022,Intermediate
/path/to/ISIC_2017/training_images/ISIC_0014179.jpg,43.27733792837719,Light
/path/to/ISIC_2017/training_images/ISIC_0014183.jpg,34.562524648881826,Intermediate
/path/to/ISIC_2017/training_images/ISIC_0014185.jpg,33.40166838692688,Intermediate
/path/to/ISIC_2017/training_images/ISIC_0014187.jpg,31.81703484145915,Intermediate
/path/to/ISIC_2017/training_images/ISIC_0014189.jpg,36.15818543980833,Intermediate
/path/to/ISIC_2017/training_images/ISIC_0014190.jpg,33.157923884672236,Intermediate
/path/to/ISIC_2017/training_images/ISIC_0014191.jpg,30.650667957052868,Intermediate
/path/to/ISIC_2017/training_images/ISIC_0014195.jpg,36.93485881927076,Intermediate
/path/to/ISIC_2017/training_images/ISIC_0014197.jpg,41.43846691103688,Light
/path/to/ISIC_2017/training_images/ISIC_0014216.jpg,41.248270929474025,Light
/path/to/ISIC_2017/training_images/ISIC_0014222.jpg,31.63066141213117,Intermediate
/path/to/ISIC_2017/training_images/ISIC_0014225.jpg,40.40945681439398,Intermediate
/path/to/ISIC_2017/training_images/ISIC_0014229.jpg,32.07786359891208,Intermediate
/path/to/ISIC_2017/training_images/ISIC_0014238.jpg,36.732826664489366,Intermediate
/path/to/ISIC_2017/training_images/ISIC_0014248.jpg,33.593447416027594,Intermediate
/path/to/ISIC_2017/training_images/ISIC_0014249.jpg,33.11134196037203,Intermediate
/path/to/ISIC_2017/training_images/ISIC_0014253.jpg,32.08218715606605,Intermediate
/path/to/ISIC_2017/training_images/ISIC_0014263.jpg,41.395579460824294,Light
/path/to/ISIC_2017/training_images/ISIC_0014264.jpg,35.77607771789466,Intermediate
/path/to/ISIC_2017/training_images/ISIC_0014272.jpg,33.874594358241275,Intermediate
/path/to/ISIC_2017/training_images/ISIC_0014273.jpg,36.66862524362428,Intermediate
/path/to/ISIC_2017/training_images/ISIC_0014274.jpg,26.734564823055067,Tan
/path/to/ISIC_2017/training_images/ISIC_0014286.jpg,31.607502246248906,Intermediate
/path/to/ISIC_2017/training_images/ISIC_0014289.jpg,43.38969939750101,Light
/path/to/ISIC_2017/training_images/ISIC_0014290.jpg,34.93543179274813,Intermediate
/path/to/ISIC_2017/training_images/ISIC_0014291.jpg,37.13092444820949,Intermediate
/path/to/ISIC_2017/training_images/ISIC_0014299.jpg,29.435416361392633,Intermediate
/path/to/ISIC_2017/training_images/ISIC_0014308.jpg,42.56335175318987,Light
/path/to/ISIC_2017/training_images/ISIC_0014311.jpg,38.35692589741878,Intermediate
/path/to/ISIC_2017/training_images/ISIC_0014316.jpg,36.53871185742864,Intermediate
/path/to/ISIC_2017/training_images/ISIC_0014317.jpg,43.04007274087363,Light
/path/to/ISIC_2017/training_images/ISIC_0014324.jpg,35.2333206042273,Intermediate
/path/to/ISIC_2017/training_images/ISIC_0014325.jpg,39.650822570470716,Intermediate
/path/to/ISIC_2017/training_images/ISIC_0014327.jpg,42.05853500608889,Light
/path/to/ISIC_2017/training_images/ISIC_0014328.jpg,40.462227492093355,Intermediate
/path/to/ISIC_2017/training_images/ISIC_0014331.jpg,35.97687028710933,Intermediate
/path/to/ISIC_2017/training_images/ISIC_0014337.jpg,35.41705527646743,Intermediate
/path/to/ISIC_2017/training_images/ISIC_0014341.jpg,41.524767223269905,Light
/path/to/ISIC_2017/training_images/ISIC_0014346.jpg,28.417638059017087,Intermediate
/path/to/ISIC_2017/training_images/ISIC_0014347.jpg,42.357454705935275,Light
/path/to/ISIC_2017/training_images/ISIC_0014353.jpg,26.060995739759935,Tan
/path/to/ISIC_2017/training_images/ISIC_0014357.jpg,42.74542503406497,Light
/path/to/ISIC_2017/training_images/ISIC_0014360.jpg,35.09581678702612,Intermediate
/path/to/ISIC_2017/training_images/ISIC_0014361.jpg,45.418209941497096,Light
/path/to/ISIC_2017/training_images/ISIC_0014365.jpg,43.63607246839708,Light
/path/to/ISIC_2017/training_images/ISIC_0014366.jpg,36.662555561153276,Intermediate
/path/to/ISIC_2017/training_images/ISIC_0014372.jpg,43.165530967608255,Light
/path/to/ISIC_2017/training_images/ISIC_0014385.jpg,47.12109639666145,Light
/path/to/ISIC_2017/training_images/ISIC_0014393.jpg,33.5912817971182,Intermediate
/path/to/ISIC_2017/training_images/ISIC_0014394.jpg,37.609590790712296,Intermediate
/path/to/ISIC_2017/training_images/ISIC_0014395.jpg,42.148543709262924,Light
/path/to/ISIC_2017/training_images/ISIC_0014397.jpg,42.19151512265401,Light
/path/to/ISIC_2017/training_images/ISIC_0014410.jpg,39.636930579953294,Intermediate
/path/to/ISIC_2017/training_images/ISIC_0014422.jpg,38.86777750232069,Intermediate
/path/to/ISIC_2017/training_images/ISIC_0014430.jpg,44.125323228878685,Light
/path/to/ISIC_2017/training_images/ISIC_0014431.jpg,34.96512077353356,Intermediate
/path/to/ISIC_2017/training_images/ISIC_0014432.jpg,32.005383208083494,Intermediate
/path/to/ISIC_2017/training_images/ISIC_0014433.jpg,34.88355694996182,Intermediate
/path/to/ISIC_2017/training_images/ISIC_0014438.jpg,36.14799590061057,Intermediate
/path/to/ISIC_2017/training_images/ISIC_0014440.jpg,43.49820747764065,Light
/path/to/ISIC_2017/training_images/ISIC_0014441.jpg,33.9964591482505,Intermediate
/path/to/ISIC_2017/training_images/ISIC_0014453.jpg,38.659808254090095,Intermediate
/path/to/ISIC_2017/training_images/ISIC_0014458.jpg,38.32780000280058,Intermediate
/path/to/ISIC_2017/training_images/ISIC_0014469.jpg,43.98781238601755,Light
/path/to/ISIC_2017/training_images/ISIC_0014473.jpg,40.700137179807925,Intermediate
/path/to/ISIC_2017/training_images/ISIC_0014475.jpg,45.0,Light
/path/to/ISIC_2017/training_images/ISIC_0014476.jpg,40.46904841819364,Intermediate
/path/to/ISIC_2017/training_images/ISIC_0014480.jpg,33.964645836965104,Intermediate
/path/to/ISIC_2017/training_images/ISIC_0014486.jpg,35.41705527646743,Intermediate
/path/to/ISIC_2017/training_images/ISIC_0014490.jpg,45.812651594253744,Light
/path/to/ISIC_2017/training_images/ISIC_0014498.jpg,42.69093721097431,Light
/path/to/ISIC_2017/training_images/ISIC_0014501.jpg,33.49940007834755,Intermediate
/path/to/ISIC_2017/training_images/ISIC_0014502.jpg,43.95074405911993,Light
/path/to/ISIC_2017/training_images/ISIC_0014504.jpg,34.8493517197326,Intermediate
/path/to/ISIC_2017/training_images/ISIC_0014507.jpg,nan,Unknown
/path/to/ISIC_2017/training_images/ISIC_0014511.jpg,43.191260677507934,Light
/path/to/ISIC_2017/training_images/ISIC_0014515.jpg,37.64762064010764,Intermediate
/path/to/ISIC_2017/training_images/ISIC_0014516.jpg,36.591088267399286,Intermediate
/path/to/ISIC_2017/training_images/ISIC_0014518.jpg,34.67474178307253,Intermediate
/path/to/ISIC_2017/training_images/ISIC_0014522.jpg,37.40535663140856,Intermediate
/path/to/ISIC_2017/training_images/ISIC_0014525.jpg,38.30362238380031,Intermediate
/path/to/ISIC_2017/training_images/ISIC_0014526.jpg,47.210318924353906,Light
/path/to/ISIC_2017/training_images/ISIC_0014527.jpg,36.52885536698516,Intermediate
/path/to/ISIC_2017/training_images/ISIC_0014529.jpg,38.60560223477241,Intermediate
/path/to/ISIC_2017/training_images/ISIC_0014535.jpg,38.345574953993406,Intermediate
/path/to/ISIC_2017/training_images/ISIC_0014537.jpg,38.917663306717955,Intermediate
/path/to/ISIC_2017/training_images/ISIC_0014543.jpg,40.02000040368902,Intermediate
/path/to/ISIC_2017/training_images/ISIC_0014545.jpg,48.47991750426973,Light
/path/to/ISIC_2017/training_images/ISIC_0014547.jpg,32.26035320751791,Intermediate
/path/to/ISIC_2017/training_images/ISIC_0014554.jpg,32.550003492193404,Intermediate
/path/to/ISIC_2017/training_images/ISIC_0014557.jpg,46.185260818622396,Light
/path/to/ISIC_2017/training_images/ISIC_0014569.jpg,48.78611203538159,Light
/path/to/ISIC_2017/training_images/ISIC_0014570.jpg,45.830315486258016,Light
/path/to/ISIC_2017/training_images/ISIC_0014571.jpg,46.4372269963219,Light
/path/to/ISIC_2017/training_images/ISIC_0014573.jpg,45.212994481711426,Light
/path/to/ISIC_2017/training_images/ISIC_0014576.jpg,49.92061603636399,Light
/path/to/ISIC_2017/training_images/ISIC_0014577.jpg,46.406981878982016,Light
/path/to/ISIC_2017/training_images/ISIC_0014578.jpg,50.019853642019555,Light
/path/to/ISIC_2017/training_images/ISIC_0014579.jpg,51.08074093281699,Light
/path/to/ISIC_2017/training_images/ISIC_0014580.jpg,50.47736872882888,Light
/path/to/ISIC_2017/training_images/ISIC_0014581.jpg,47.862405226111754,Light
/path/to/ISIC_2017/training_images/ISIC_0014582.jpg,51.88825827699469,Light
/path/to/ISIC_2017/training_images/ISIC_0014583.jpg,50.865971141726526,Light
/path/to/ISIC_2017/training_images/ISIC_0014585.jpg,44.20427644726073,Light
/path/to/ISIC_2017/training_images/ISIC_0014589.jpg,45.80692945510237,Light
/path/to/ISIC_2017/training_images/ISIC_0014591.jpg,47.00253313182688,Light
/path/to/ISIC_2017/training_images/ISIC_0014592.jpg,46.42700186751469,Light
/path/to/ISIC_2017/training_images/ISIC_0014593.jpg,50.29704810459679,Light
/path/to/ISIC_2017/training_images/ISIC_0014594.jpg,48.224522606519905,Light
/path/to/ISIC_2017/training_images/ISIC_0014595.jpg,46.59114027119459,Light
/path/to/ISIC_2017/training_images/ISIC_0014596.jpg,43.35165549510387,Light
/path/to/ISIC_2017/training_images/ISIC_0014598.jpg,43.789705831078784,Light
/path/to/ISIC_2017/training_images/ISIC_0014599.jpg,48.280880772609414,Light
/path/to/ISIC_2017/training_images/ISIC_0014602.jpg,43.178486648398895,Light
/path/to/ISIC_2017/training_images/ISIC_0014603.jpg,47.40260946898604,Light
/path/to/ISIC_2017/training_images/ISIC_0014605.jpg,49.39870535499554,Light
/path/to/ISIC_2017/training_images/ISIC_0014606.jpg,57.69266554511789,Very Light
/path/to/ISIC_2017/training_images/ISIC_0014607.jpg,48.764034864905724,Light
/path/to/ISIC_2017/training_images/ISIC_0014609.jpg,45.85509739626672,Light
/path/to/ISIC_2017/training_images/ISIC_0014612.jpg,45.0,Light
/path/to/ISIC_2017/training_images/ISIC_0014613.jpg,46.46880071438582,Light
/path/to/ISIC_2017/training_images/ISIC_0014615.jpg,45.0,Light
/path/to/ISIC_2017/training_images/ISIC_0014617.jpg,47.59350644478905,Light
/path/to/ISIC_2017/training_images/ISIC_0014621.jpg,46.30195267257888,Light
/path/to/ISIC_2017/training_images/ISIC_0014622.jpg,49.944074410797825,Light
/path/to/ISIC_2017/training_images/ISIC_0014625.jpg,46.263672551658274,Light
/path/to/ISIC_2017/training_images/ISIC_0014628.jpg,45.0,Light
/path/to/ISIC_2017/training_images/ISIC_0014630.jpg,43.97330381994214,Light
/path/to/ISIC_2017/training_images/ISIC_0014632.jpg,39.92039213998543,Intermediate
/path/to/ISIC_2017/training_images/ISIC_0014636.jpg,46.30195267257888,Light
/path/to/ISIC_2017/training_images/ISIC_0014638.jpg,48.03403964694501,Light
/path/to/ISIC_2017/training_images/ISIC_0014639.jpg,46.624976357524766,Light
/path/to/ISIC_2017/training_images/ISIC_0014640.jpg,47.63011266335759,Light
/path/to/ISIC_2017/training_images/ISIC_0014641.jpg,43.67802434046302,Light
/path/to/ISIC_2017/training_images/ISIC_0014642.jpg,43.25105395544577,Light
/path/to/ISIC_2017/training_images/ISIC_0014646.jpg,45.214589931129396,Light
/path/to/ISIC_2017/training_images/ISIC_0014650.jpg,46.94514676141429,Light
/path/to/ISIC_2017/training_images/ISIC_0014651.jpg,45.65353568067782,Light
/path/to/ISIC_2017/training_images/ISIC_0014654.jpg,47.544804379813094,Light
/path/to/ISIC_2017/training_images/ISIC_0014657.jpg,48.704627442077125,Light
/path/to/ISIC_2017/training_images/ISIC_0014658.jpg,50.01311375503581,Light
/path/to/ISIC_2017/training_images/ISIC_0014661.jpg,45.62959860841026,Light
/path/to/ISIC_2017/training_images/ISIC_0014664.jpg,45.0,Light
/path/to/ISIC_2017/training_images/ISIC_0014665.jpg,39.14912366727072,Intermediate
/path/to/ISIC_2017/training_images/ISIC_0014667.jpg,40.010637430357804,Intermediate
/path/to/ISIC_2017/training_images/ISIC_0014680.jpg,36.09325581622025,Intermediate
/path/to/ISIC_2017/training_images/ISIC_0014682.jpg,45.0,Light
/path/to/ISIC_2017/training_images/ISIC_0014683.jpg,38.27752348816549,Intermediate
/path/to/ISIC_2017/training_images/ISIC_0014684.jpg,50.09211512449897,Light
/path/to/ISIC_2017/training_images/ISIC_0014685.jpg,46.82151335160111,Light
/path/to/ISIC_2017/training_images/ISIC_0014692.jpg,48.4620730561351,Light
/path/to/ISIC_2017/training_images/ISIC_0014694.jpg,52.31552530439626,Light
/path/to/ISIC_2017/training_images/ISIC_0014696.jpg,49.458109978098406,Light
/path/to/ISIC_2017/training_images/ISIC_0014699.jpg,40.47523152716581,Intermediate
/path/to/ISIC_2017/training_images/ISIC_0014702.jpg,37.79862326159546,Intermediate
/path/to/ISIC_2017/training_images/ISIC_0014707.jpg,38.19094982038659,Intermediate
/path/to/ISIC_2017/training_images/ISIC_0014708.jpg,43.55240031314353,Light
/path/to/ISIC_2017/training_images/ISIC_0014711.jpg,38.84689584880325,Intermediate
/path/to/ISIC_2017/training_images/ISIC_0014713.jpg,45.0,Light
/path/to/ISIC_2017/training_images/ISIC_0014714.jpg,41.51317022896287,Light
/path/to/ISIC_2017/training_images/ISIC_0014715.jpg,38.659808254090095,Intermediate
/path/to/ISIC_2017/training_images/ISIC_0014716.jpg,37.81146285726336,Intermediate
/path/to/ISIC_2017/training_images/ISIC_0014722.jpg,49.60448715698152,Light
/path/to/ISIC_2017/training_images/ISIC_0014723.jpg,38.32780000280058,Intermediate
/path/to/ISIC_2017/training_images/ISIC_0014724.jpg,44.209763497570805,Light
/path/to/ISIC_2017/training_images/ISIC_0014726.jpg,34.69515353123397,Intermediate
/path/to/ISIC_2017/training_images/ISIC_0014730.jpg,44.3749799259825,Light
/path/to/ISIC_2017/training_images/ISIC_0014731.jpg,37.822754149144984,Intermediate
/path/to/ISIC_2017/training_images/ISIC_0014735.jpg,52.9124556156005,Light
/path/to/ISIC_2017/training_images/ISIC_0014739.jpg,50.919216371305524,Light
/path/to/ISIC_2017/training_images/ISIC_0014742.jpg,56.0324732408977,Very Light
/path/to/ISIC_2017/training_images/ISIC_0014745.jpg,50.33739998844269,Light
/path/to/ISIC_2017/training_images/ISIC_0014748.jpg,51.79788250028634,Light
/path/to/ISIC_2017/training_images/ISIC_0014754.jpg,43.71747291728983,Light
/path/to/ISIC_2017/training_images/ISIC_0014760.jpg,51.64151913801154,Light
/path/to/ISIC_2017/training_images/ISIC_0014762.jpg,49.18491612511842,Light
/path/to/ISIC_2017/training_images/ISIC_0014763.jpg,44.590751391965064,Light
/path/to/ISIC_2017/training_images/ISIC_0014769.jpg,35.50152903998018,Intermediate
/path/to/ISIC_2017/training_images/ISIC_0014770.jpg,42.56805005408243,Light
/path/to/ISIC_2017/training_images/ISIC_0014771.jpg,46.83446903239176,Light
/path/to/ISIC_2017/training_images/ISIC_0014775.jpg,49.460848258516556,Light
/path/to/ISIC_2017/training_images/ISIC_0014778.jpg,40.89901830231539,Intermediate
/path/to/ISIC_2017/training_images/ISIC_0014779.jpg,42.10423802653342,Light
/path/to/ISIC_2017/training_images/ISIC_0014782.jpg,44.22577983507194,Light
/path/to/ISIC_2017/training_images/ISIC_0014783.jpg,39.16521100315867,Intermediate
/path/to/ISIC_2017/training_images/ISIC_0014785.jpg,48.73565912661767,Light
/path/to/ISIC_2017/training_images/ISIC_0014788.jpg,41.436731937093825,Light
/path/to/ISIC_2017/training_images/ISIC_0014791.jpg,49.42955929897764,Light
/path/to/ISIC_2017/training_images/ISIC_0014793.jpg,41.395579460824294,Light
/path/to/ISIC_2017/training_images/ISIC_0014794.jpg,36.39687822130161,Intermediate
/path/to/ISIC_2017/training_images/ISIC_0014795.jpg,39.61845294786808,Intermediate
/path/to/ISIC_2017/training_images/ISIC_0014797.jpg,40.135485562239474,Intermediate
/path/to/ISIC_2017/training_images/ISIC_0014802.jpg,46.04162667600997,Light
/path/to/ISIC_2017/training_images/ISIC_0014803.jpg,46.47963577089681,Light
/path/to/ISIC_2017/training_images/ISIC_0014804.jpg,39.28940686250036,Intermediate
/path/to/ISIC_2017/training_images/ISIC_0014805.jpg,45.0,Light
/path/to/ISIC_2017/training_images/ISIC_0014806.jpg,44.163624674577584,Light
/path/to/ISIC_2017/training_images/ISIC_0014808.jpg,50.19442890773481,Light
/path/to/ISIC_2017/training_images/ISIC_0014811.jpg,39.499588529798096,Intermediate
/path/to/ISIC_2017/training_images/ISIC_0014812.jpg,46.60226134627098,Light
/path/to/ISIC_2017/training_images/ISIC_0014818.jpg,41.07611067724706,Light
/path/to/ISIC_2017/training_images/ISIC_0014819.jpg,42.15786211634434,Light
/path/to/ISIC_2017/training_images/ISIC_0014821.jpg,38.23382517744694,Intermediate
/path/to/ISIC_2017/training_images/ISIC_0014823.jpg,38.122065021047874,Intermediate
/path/to/ISIC_2017/training_images/ISIC_0014825.jpg,51.766174822553054,Light
/path/to/ISIC_2017/training_images/ISIC_0014830.jpg,40.88509090176275,Intermediate
/path/to/ISIC_2017/training_images/ISIC_0014831.jpg,36.92976782208192,Intermediate
/path/to/ISIC_2017/training_images/ISIC_0014832.jpg,40.88509090176275,Intermediate
/path/to/ISIC_2017/training_images/ISIC_0014834.jpg,33.52130283138713,Intermediate
/path/to/ISIC_2017/training_images/ISIC_0014836.jpg,54.966203812115985,Light
/path/to/ISIC_2017/training_images/ISIC_0014838.jpg,46.22757883213455,Light
/path/to/ISIC_2017/training_images/ISIC_0014839.jpg,37.41962706187638,Intermediate
/path/to/ISIC_2017/training_images/ISIC_0014843.jpg,37.95423087513252,Intermediate
/path/to/ISIC_2017/training_images/ISIC_0014845.jpg,52.65615910565133,Light
/path/to/ISIC_2017/training_images/ISIC_0014846.jpg,52.19720754906148,Light
/path/to/ISIC_2017/training_images/ISIC_0014848.jpg,53.18252299782141,Light
/path/to/ISIC_2017/training_images/ISIC_0014849.jpg,41.797979416677855,Light
/path/to/ISIC_2017/training_images/ISIC_0014850.jpg,35.01650557292838,Intermediate
/path/to/ISIC_2017/training_images/ISIC_0014851.jpg,41.472531949625875,Light
/path/to/ISIC_2017/training_images/ISIC_0014855.jpg,46.46880071438582,Light
/path/to/ISIC_2017/training_images/ISIC_0014860.jpg,36.333882082566475,Intermediate
/path/to/ISIC_2017/training_images/ISIC_0014866.jpg,45.59888877547117,Light
/path/to/ISIC_2017/training_images/ISIC_0014869.jpg,38.94580810588516,Intermediate
/path/to/ISIC_2017/training_images/ISIC_0014890.jpg,40.135485562239474,Intermediate
/path/to/ISIC_2017/training_images/ISIC_0014891.jpg,46.0569977767849,Light
/path/to/ISIC_2017/training_images/ISIC_0014897.jpg,53.13010235415598,Light
/path/to/ISIC_2017/training_images/ISIC_0014898.jpg,46.69715618960029,Light
/path/to/ISIC_2017/training_images/ISIC_0014903.jpg,42.56335175318987,Light
/path/to/ISIC_2017/training_images/ISIC_0014904.jpg,34.73169420198976,Intermediate
/path/to/ISIC_2017/training_images/ISIC_0014908.jpg,46.83446903239176,Light
/path/to/ISIC_2017/training_images/ISIC_0014911.jpg,50.90614111377051,Light
/path/to/ISIC_2017/training_images/ISIC_0014913.jpg,42.03176597012828,Light
/path/to/ISIC_2017/training_images/ISIC_0014915.jpg,42.13759477388826,Light
/path/to/ISIC_2017/training_images/ISIC_0014919.jpg,34.03889596797875,Intermediate
/path/to/ISIC_2017/training_images/ISIC_0014920.jpg,52.59464336859145,Light
/path/to/ISIC_2017/training_images/ISIC_0014922.jpg,50.228191885272345,Light
/path/to/ISIC_2017/training_images/ISIC_0014923.jpg,51.34019174590991,Light
/path/to/ISIC_2017/training_images/ISIC_0014925.jpg,42.51044707800085,Light
/path/to/ISIC_2017/training_images/ISIC_0014926.jpg,34.94269108503618,Intermediate
/path/to/ISIC_2017/training_images/ISIC_0014929.jpg,47.24175066319735,Light
/path/to/ISIC_2017/training_images/ISIC_0014930.jpg,49.42955929897764,Light
/path/to/ISIC_2017/training_images/ISIC_0014933.jpg,45.82434282084515,Light
/path/to/ISIC_2017/training_images/ISIC_0014951.jpg,46.580172472800015,Light
/path/to/ISIC_2017/training_images/ISIC_0014975.jpg,35.935810091874856,Intermediate
/path/to/ISIC_2017/training_images/ISIC_0014983.jpg,50.552971033036805,Light
/path/to/ISIC_2017/training_images/ISIC_0014987.jpg,41.735716275981474,Light
/path/to/ISIC_2017/training_images/ISIC_0015005.jpg,36.333882082566475,Intermediate
/path/to/ISIC_2017/training_images/ISIC_0015006.jpg,32.96940390346213,Intermediate
/path/to/ISIC_2017/training_images/ISIC_0015032.jpg,42.09618113490373,Light
/path/to/ISIC_2017/training_images/ISIC_0015038.jpg,44.39690880561947,Light
/path/to/ISIC_2017/training_images/ISIC_0015044.jpg,40.065835659439934,Intermediate
/path/to/ISIC_2017/training_images/ISIC_0015045.jpg,51.54629078329403,Light
/path/to/ISIC_2017/training_images/ISIC_0015079.jpg,44.587807258597685,Light
/path/to/ISIC_2017/training_images/ISIC_0015082.jpg,38.659808254090095,Intermediate
/path/to/ISIC_2017/training_images/ISIC_0015108.jpg,41.92254460057563,Light
/path/to/ISIC_2017/training_images/ISIC_0015109.jpg,48.03403964694501,Light
/path/to/ISIC_2017/training_images/ISIC_0015110.jpg,33.52447324857696,Intermediate
/path/to/ISIC_2017/training_images/ISIC_0015112.jpg,45.60309119438053,Light
/path/to/ISIC_2017/training_images/ISIC_0015113.jpg,47.64880575945864,Light
/path/to/ISIC_2017/training_images/ISIC_0015153.jpg,41.735716275981474,Light
/path/to/ISIC_2017/training_images/ISIC_0015158.jpg,37.30394827798343,Intermediate
/path/to/ISIC_2017/training_images/ISIC_0015166.jpg,33.44451568858067,Intermediate
/path/to/ISIC_2017/training_images/ISIC_0015168.jpg,39.03551289874688,Intermediate
/path/to/ISIC_2017/training_images/ISIC_0015170.jpg,36.39687822130161,Intermediate
/path/to/ISIC_2017/training_images/ISIC_0015181.jpg,36.61439976520287,Intermediate
/path/to/ISIC_2017/training_images/ISIC_0015182.jpg,43.49820747764065,Light
/path/to/ISIC_2017/training_images/ISIC_0015189.jpg,47.060111023723124,Light
/path/to/ISIC_2017/training_images/ISIC_0015190.jpg,40.97173633351486,Intermediate
/path/to/ISIC_2017/training_images/ISIC_0015200.jpg,49.57392125990087,Light
/path/to/ISIC_2017/training_images/ISIC_0015204.jpg,41.423665625002656,Light
/path/to/ISIC_2017/training_images/ISIC_0015219.jpg,38.70763443623188,Intermediate
/path/to/ISIC_2017/training_images/ISIC_0015220.jpg,39.45879522196015,Intermediate
/path/to/ISIC_2017/training_images/ISIC_0015233.jpg,38.15722658736906,Intermediate
/path/to/ISIC_2017/training_images/ISIC_0015260.jpg,47.68977032315048,Light
/path/to/ISIC_2017/training_images/ISIC_0015284.jpg,35.618489839251765,Intermediate
/path/to/ISIC_2017/training_images/ISIC_0015295.jpg,49.369591648399044,Light
